amount,fraud_probability,anomaly_score,scenario,decision
114.4,0.23096191883087158,0.3504268053394559,velocity_abuse,REVIEW
931.99,0.23042532801628113,0.3415865396739676,suspicious_device,REVIEW
556.97,0.22327065467834473,0.35363922315404983,velocity_abuse,REVIEW
551.32,0.4607575535774231,0.4019349441084823,suspicious_device,REVIEW
212.86,0.45794594287872314,0.4385288883654427,suspicious_device,REVIEW
118.07,0.1935112476348877,0.34488999210409554,Clean,ALLOW
152.11,0.15860512852668762,0.35752417885199667,Clean,ALLOW
527.56,0.7936603426933289,0.4516550811280446,account_takeover,BLOCK
252.79,0.29035016894340515,0.39751440178625,velocity_abuse,REVIEW
524.58,0.19360166788101196,0.33609599629827014,Clean,ALLOW
523.66,0.18857869505882263,0.36877363152080006,Clean,ALLOW
106.92,0.23966282606124878,0.3421573967624465,suspicious_device,REVIEW
609.97,0.2067776322364807,0.3905981663265535,suspicious_device,REVIEW
184.24,0.24175803363323212,0.36656689898348555,suspicious_device,REVIEW
297.73,0.2185395359992981,0.39054415005706716,suspicious_device,REVIEW
333.63,0.18267102539539337,0.36871576289713914,Clean,ALLOW
241.41,0.38104256987571716,0.42649905541515803,suspicious_device,REVIEW
488.38,0.19389083981513977,0.3603454627550868,Clean,ALLOW
152.98,0.15528230369091034,0.3687061354649644,Clean,ALLOW
471.09,0.2687098979949951,0.4210560662155843,velocity_abuse,REVIEW
257.02,0.3027653098106384,0.41310472247201335,velocity_abuse,REVIEW
198.54,0.23861242830753326,0.413093180203352,unusual_amount,REVIEW
500.68,0.9197795987129211,0.5505212837755445,account_takeover,BLOCK
139.75,0.20119580626487732,0.3871615121592547,suspicious_device,REVIEW
1150.39,0.2434675395488739,0.3898662229963943,suspicious_device,REVIEW
400.23,0.20142261683940887,0.38593811697779723,velocity_abuse,REVIEW
118.41,0.20194028317928314,0.364692963158206,suspicious_device,REVIEW
332.13,0.7159001231193542,0.452440360148231,account_takeover,REVIEW
547.45,0.20789220929145813,0.3759355104268055,velocity_abuse,REVIEW
166.56,0.927132248878479,0.522180720104012,account_takeover,BLOCK
457.38,0.27863991260528564,0.3935424856758054,velocity_abuse,REVIEW
214.49,0.18911221623420715,0.3877612628604422,Clean,ALLOW
434.92,0.21355661749839783,0.3726996776442607,suspicious_device,REVIEW
108.34,0.2602846622467041,0.3611311415553037,velocity_abuse,REVIEW
871.21,0.27376124262809753,0.3876460594045022,suspicious_device,REVIEW
1106.36,0.2824931740760803,0.3835732126742657,velocity_abuse,REVIEW
105.65,0.2915995717048645,0.40061690371791125,suspicious_device,REVIEW
293.47,0.1915554404258728,0.39887026253863755,Clean,ALLOW
898.55,0.21785934269428253,0.40246850903008863,velocity_abuse,REVIEW
381.38,0.7444756627082825,0.502134679392647,account_takeover,REVIEW
341.07,0.6146546006202698,0.4372064640358488,suspicious_device,REVIEW
446.27,0.20413953065872192,0.3869202474533873,suspicious_device,REVIEW
352.8,0.2077193558216095,0.381901450338037,velocity_abuse,REVIEW
135.97,0.5352995991706848,0.44298473251278725,suspicious_device,REVIEW
219.6,0.1903887838125229,0.3950677264615784,Clean,ALLOW
3679.58,0.2576470375061035,0.4292965491537334,suspicious_device,REVIEW
76.61,0.3839758038520813,0.3750465471019061,velocity_abuse,REVIEW
121.47,0.17784148454666138,0.3689623994743886,Clean,ALLOW
219.23,0.1805461049079895,0.366524772627176,Clean,ALLOW
98.59,0.1986679881811142,0.36966010238032904,Clean,ALLOW
385.5,0.427420437335968,0.42279195607186165,suspicious_device,REVIEW
770.4,0.22662045061588287,0.4012346297566042,suspicious_device,REVIEW
2468.63,0.24352362751960754,0.38431332547057695,suspicious_device,REVIEW
593.34,0.3574564456939697,0.4371921645437724,suspicious_device,REVIEW
53.43,0.18372756242752075,0.39165417492006616,Clean,ALLOW
766.49,0.17845289409160614,0.3841832223479472,Clean,ALLOW
693.76,0.1945309340953827,0.3772721417066404,Clean,ALLOW
130.83,0.2984807789325714,0.40081008814281704,suspicious_device,REVIEW
119.8,0.19920264184474945,0.47156185617582763,Clean,ALLOW
122.29,0.6455668807029724,0.46364613152644685,suspicious_device,REVIEW
463.22,0.2844041585922241,0.44263682627956513,velocity_abuse,REVIEW
178.21,0.2657509446144104,0.42807909265006583,velocity_abuse,REVIEW
291.06,0.376252144575119,0.45705101723281266,suspicious_device,REVIEW
384.39,0.24635574221611023,0.39438935207889086,velocity_abuse,REVIEW
667.67,0.20686189830303192,0.3482655724425983,velocity_abuse,REVIEW
148.01,0.1884032040834427,0.3826841271329098,Clean,ALLOW
394.58,0.7493594288825989,0.43064598218402833,account_takeover,REVIEW
1354.24,0.5011770725250244,0.41451762487434807,suspicious_device,REVIEW
664.17,0.1833227127790451,0.36166463319800535,Clean,ALLOW
336.3,0.19163314998149872,0.3841087945152761,Clean,ALLOW
299.2,0.2516842186450958,0.3931506690275457,velocity_abuse,REVIEW
936.27,0.22681668400764465,0.4415561683243517,velocity_abuse,REVIEW
1011.79,0.1975025087594986,0.3676226306941539,Clean,ALLOW
3802.74,0.32627078890800476,0.4069455459328757,unusual_amount,REVIEW
110.52,0.2744210660457611,0.3822189955023126,velocity_abuse,REVIEW
180.73,0.2271503508090973,0.3429434711474861,suspicious_device,REVIEW
885.84,0.18529856204986572,0.3534564338454302,Clean,ALLOW
1578.49,0.3217487931251526,0.3706614094829833,suspicious_device,REVIEW
605.74,0.2639869153499603,0.3417340846341248,velocity_abuse,REVIEW
339.93,0.15528716146945953,0.3424501641104009,Clean,ALLOW
1195.68,0.5989702939987183,0.423988984814056,suspicious_device,REVIEW
246.1,0.19133414328098297,0.3472052714416934,Clean,ALLOW
255.01,0.3253246545791626,0.37724253107032063,velocity_abuse,REVIEW
186.47,0.2637051045894623,0.3396164100645408,velocity_abuse,REVIEW
167.15,0.2170933187007904,0.4032081544090972,unusual_amount,REVIEW
400.34,0.23756496608257294,0.3475061104175596,velocity_abuse,REVIEW
171.86,0.2063196748495102,0.3565610555353584,suspicious_device,REVIEW
249.67,0.5207533240318298,0.4553838434476173,account_takeover,REVIEW
70.44,0.378958523273468,0.3432282761365117,velocity_abuse,REVIEW
547.14,0.2641577422618866,0.4010639944630322,velocity_abuse,REVIEW
96.23,0.4439200460910797,0.3722289131015574,velocity_abuse,REVIEW
727.71,0.2616649866104126,0.3480876152141612,velocity_abuse,REVIEW
65.6,0.37388166785240173,0.3648819686491615,velocity_abuse,REVIEW
717.43,0.5310879349708557,0.4091015172087089,velocity_abuse,REVIEW
360.56,0.19471488893032074,0.3367306982714513,Clean,ALLOW
332.22,0.7553252577781677,0.45934589009977056,account_takeover,BLOCK
525.8,0.25268474221229553,0.35264087346029727,velocity_abuse,REVIEW
805.3,0.2220437079668045,0.36856602360637886,velocity_abuse,REVIEW
295.86,0.6487534642219543,0.40495507795704333,account_takeover,REVIEW
1408.68,0.20943284034729004,0.36671040118067944,velocity_abuse,REVIEW
144.33,0.2101932018995285,0.40843313612310334,suspicious_device,REVIEW
1321.09,0.2893449664115906,0.36038796672962553,velocity_abuse,REVIEW
212.96,0.2235492616891861,0.3365752870771768,suspicious_device,REVIEW
1299.85,0.809878408908844,0.4618321374727863,account_takeover,BLOCK
52.97,0.2064211368560791,0.3537144001991915,velocity_abuse,REVIEW
582.04,0.21038654446601868,0.35041474935667394,velocity_abuse,REVIEW
199.9,0.25053152441978455,0.3894686792122088,velocity_abuse,REVIEW
291.75,0.2306986004114151,0.3371180314564168,velocity_abuse,REVIEW
305.87,0.8964641094207764,0.44380840331519283,account_takeover,BLOCK
1229.71,0.2893449664115906,0.35736519212819057,velocity_abuse,REVIEW
239.75,0.27074283361434937,0.3457234137515874,suspicious_device,REVIEW
413.04,0.2274307906627655,0.349251380412431,velocity_abuse,REVIEW
129.87,0.2238403558731079,0.34382759950245506,suspicious_device,REVIEW
1951.12,0.31982100009918213,0.35648747571813827,suspicious_device,REVIEW
186.68,0.237879678606987,0.35358396273822,suspicious_device,REVIEW
712.66,0.24910567700862885,0.33383470608520266,velocity_abuse,REVIEW
1309.46,0.19658832252025604,0.42401440101345067,Clean,ALLOW
394.14,0.3865254819393158,0.3908279501506641,velocity_abuse,REVIEW
178.16,0.26362642645835876,0.3510855872711441,suspicious_device,REVIEW
980.76,0.24064156413078308,0.3597963421209559,velocity_abuse,REVIEW
1136.97,0.23680850863456726,0.43310508504557704,velocity_abuse,REVIEW
426.46,0.20488114655017853,0.33806824026254534,suspicious_device,REVIEW
654.43,0.5925382375717163,0.3879519574461612,suspicious_device,REVIEW
3131.59,0.3181374967098236,0.3844516085832785,unusual_amount,REVIEW
132.51,0.25267845392227173,0.34686784799647596,suspicious_device,REVIEW
1102.65,0.24929460883140564,0.3460170121039384,velocity_abuse,REVIEW
940.44,0.23305091261863708,0.3495721335429518,velocity_abuse,REVIEW
184.0,0.19972579181194305,0.3545547307617771,Clean,ALLOW
101.76,0.3234955072402954,0.3739848189806114,unusual_amount,REVIEW
857.53,0.2746947407722473,0.38024051019603394,velocity_abuse,REVIEW
103.0,0.2473216950893402,0.38181054142493026,unusual_amount,REVIEW
603.01,0.231830894947052,0.3378516148657782,velocity_abuse,REVIEW
3282.71,0.33706653118133545,0.43126305370062595,unusual_amount,REVIEW
2604.04,0.2861703932285309,0.36052769577464266,unusual_amount,REVIEW
1843.08,0.31658485531806946,0.4055394383760975,velocity_abuse,REVIEW
1784.06,0.29373443126678467,0.36065381615245806,unusual_amount,REVIEW
598.26,0.4826022684574127,0.3797663915401342,suspicious_device,REVIEW
257.4,0.23888283967971802,0.3644890680004591,suspicious_device,REVIEW
3763.71,0.40211740136146545,0.4007464639777329,unusual_amount,REVIEW
518.69,0.2945180833339691,0.35208523755137794,velocity_abuse,REVIEW
358.81,0.210039883852005,0.331737439846847,velocity_abuse,REVIEW
608.65,0.3365623950958252,0.4103606061536262,velocity_abuse,REVIEW
561.86,0.1651056706905365,0.3507688464986325,Clean,ALLOW
91.0,0.4305945932865143,0.3764464723196227,velocity_abuse,REVIEW
442.55,0.16559436917304993,0.35333114394850784,Clean,ALLOW
341.14,0.19794297218322754,0.35179553001120173,Clean,ALLOW
1209.4,0.47329625487327576,0.4024028226460537,velocity_abuse,REVIEW
206.53,0.256815642118454,0.3399978569395738,suspicious_device,REVIEW
208.0,0.22466148436069489,0.3677089121209812,velocity_abuse,REVIEW
1276.9,0.5227199792861938,0.4099348727161438,suspicious_device,REVIEW
1314.13,0.3455498218536377,0.35708491400216413,velocity_abuse,REVIEW
1075.65,0.24078404903411865,0.35023378076103046,velocity_abuse,REVIEW
81.47,0.30235055088996887,0.36166982755809735,velocity_abuse,REVIEW
560.31,0.5285873413085938,0.39673559960632493,suspicious_device,REVIEW
103.71,0.3917045295238495,0.39847370168527346,suspicious_device,REVIEW
1130.62,0.23478366434574127,0.3627026697316345,velocity_abuse,REVIEW
3908.59,0.6557989120483398,0.46440932320463113,unusual_amount,REVIEW
1332.79,0.4128073453903198,0.41781302241084883,suspicious_device,REVIEW
346.68,0.1718735545873642,0.41404658559992524,Clean,ALLOW
164.02,0.467747300863266,0.40352804466067843,suspicious_device,REVIEW
246.72,0.23873189091682434,0.3292464757812329,suspicious_device,REVIEW
544.57,0.8819719552993774,0.43452058316480385,account_takeover,BLOCK
106.15,0.20373351871967316,0.35724491836050715,suspicious_device,REVIEW
217.67,0.23250754177570343,0.354927387485519,velocity_abuse,REVIEW
443.45,0.28157058358192444,0.3582968744507378,velocity_abuse,REVIEW
127.17,0.5729018449783325,0.35757513676490627,suspicious_device,REVIEW
193.82,0.24195891618728638,0.34018932617339914,suspicious_device,REVIEW
84.37,0.2989893853664398,0.3490359699406145,suspicious_device,REVIEW
123.09,0.2938089370727539,0.3403867592895451,suspicious_device,REVIEW
979.69,0.25013819336891174,0.3387210882417283,velocity_abuse,REVIEW
609.25,0.3008902668952942,0.3423231245743002,velocity_abuse,REVIEW
348.8,0.22749179601669312,0.3380166940705275,suspicious_device,REVIEW
420.75,0.4417954981327057,0.42455012352080074,suspicious_device,REVIEW
266.42,0.22193895280361176,0.3568585745156838,velocity_abuse,REVIEW
120.35,0.3144548833370209,0.3785121183413728,suspicious_device,REVIEW
969.9,0.5265665054321289,0.3911136414683645,suspicious_device,REVIEW
288.57,0.21082870662212372,0.33247499530429947,suspicious_device,REVIEW
250.87,0.25287753343582153,0.3367790456262152,suspicious_device,REVIEW
61.71,0.3326728940010071,0.3566788855151478,velocity_abuse,REVIEW
263.55,0.2114342898130417,0.32966582533342687,suspicious_device,REVIEW
318.72,0.15594416856765747,0.3515915886257102,Clean,ALLOW
1355.83,0.308329313993454,0.3517710889662372,unusual_amount,REVIEW
160.25,0.23904338479042053,0.3559060648589555,suspicious_device,REVIEW
509.91,0.183503657579422,0.3266889267046194,Clean,ALLOW
327.47,0.20988091826438904,0.33449110581458247,velocity_abuse,REVIEW
503.91,0.21029527485370636,0.32897127481338667,suspicious_device,REVIEW
158.58,0.46237194538116455,0.37684678908577396,suspicious_device,REVIEW
173.74,0.4355519115924835,0.3523152686554427,suspicious_device,REVIEW
1710.45,0.6588104367256165,0.4326637224567433,suspicious_device,REVIEW
330.62,0.18003368377685547,0.34473043077793575,Clean,ALLOW
449.0,0.19490747153759003,0.3470014490606854,Clean,ALLOW
212.81,0.355349600315094,0.3852901032498893,velocity_abuse,REVIEW
112.34,0.2894386053085327,0.3572453140534542,velocity_abuse,REVIEW
252.56,0.3746037483215332,0.3976298962071686,velocity_abuse,REVIEW
187.41,0.8564991354942322,0.4509834107335827,account_takeover,BLOCK
1619.92,0.27242863178253174,0.39563844527410075,suspicious_device,REVIEW
147.0,0.14370334148406982,0.4318117551593303,Clean,ALLOW
1632.58,0.25855547189712524,0.3543317297051427,unusual_amount,REVIEW
541.23,0.17796893417835236,0.37725948047824814,Clean,ALLOW
303.81,0.3542700409889221,0.4124451132646481,suspicious_device,REVIEW
777.19,0.447649210691452,0.39319875176697267,suspicious_device,REVIEW
390.76,0.3744015693664551,0.39653434066464294,velocity_abuse,REVIEW
407.15,0.18940073251724243,0.35836573512082476,Clean,ALLOW
175.71,0.24509555101394653,0.370537649029457,suspicious_device,REVIEW
666.29,0.23485204577445984,0.34799907409295555,velocity_abuse,REVIEW
398.65,0.2948388159275055,0.3674440052165106,velocity_abuse,REVIEW
86.75,0.27905043959617615,0.3615579769009398,velocity_abuse,REVIEW
176.68,0.3903975486755371,0.42131079982035907,account_takeover,REVIEW
117.68,0.4458065330982208,0.4258978660346092,suspicious_device,REVIEW
462.62,0.20230913162231445,0.37186849360346624,velocity_abuse,REVIEW
177.18,0.21917109191417694,0.33455245356762503,suspicious_device,REVIEW
633.8,0.18008700013160706,0.3631601327642105,Clean,ALLOW
184.86,0.2601572573184967,0.345723044210325,suspicious_device,REVIEW
116.79,0.40132662653923035,0.38495927119136863,suspicious_device,REVIEW
213.89,0.8551903367042542,0.4650203825660467,suspicious_device,BLOCK
5360.38,0.7028294205665588,0.42042280180334385,unusual_amount,REVIEW
279.68,0.1919289231300354,0.3544782655736971,Clean,ALLOW
505.15,0.3742821216583252,0.39102810724194254,velocity_abuse,REVIEW
632.24,0.273111492395401,0.3531034497667323,suspicious_device,REVIEW
573.63,0.23729081451892853,0.35665567416303606,velocity_abuse,REVIEW
102.26,0.24594645202159882,0.3734163099545932,velocity_abuse,REVIEW
234.75,0.7950814962387085,0.4754007112850282,account_takeover,BLOCK
222.49,0.4033757746219635,0.4169674601641584,velocity_abuse,REVIEW
514.07,0.35991019010543823,0.46228174941391253,velocity_abuse,REVIEW
1230.71,0.34545645117759705,0.37618242530432533,suspicious_device,REVIEW
413.16,0.18661996722221375,0.3449764496646237,Clean,ALLOW
704.01,0.26109281182289124,0.3552868675628891,suspicious_device,REVIEW
238.49,0.3722904622554779,0.4125144105730842,suspicious_device,REVIEW
232.65,0.26119720935821533,0.3710907346940748,suspicious_device,REVIEW
120.2,0.22622548043727875,0.3578475420212248,suspicious_device,REVIEW
355.1,0.273309588432312,0.3684436631010627,velocity_abuse,REVIEW
266.86,0.22897562384605408,0.35089860747893037,suspicious_device,REVIEW
349.5,0.19796080887317657,0.33350839983539693,Clean,ALLOW
293.32,0.22553548216819763,0.335995700312988,velocity_abuse,REVIEW
350.43,0.2125595062971115,0.3898545760296062,suspicious_device,REVIEW
171.24,0.2611309885978699,0.38112150557201296,suspicious_device,REVIEW
699.61,0.28977152705192566,0.3895149189420077,suspicious_device,REVIEW
49.98,0.39981910586357117,0.4413534436709147,velocity_abuse,REVIEW
101.41,0.2747403681278229,0.38200648514084645,velocity_abuse,REVIEW
199.03,0.23881271481513977,0.37675361588613016,suspicious_device,REVIEW
1055.97,0.40621209144592285,0.3857798909925961,velocity_abuse,REVIEW
541.36,0.25721535086631775,0.3876201368104132,velocity_abuse,REVIEW
142.01,0.16397085785865784,0.3758314133451434,Clean,ALLOW
123.72,0.15092356503009796,0.37163921826957724,Clean,ALLOW
677.59,0.1586921513080597,0.4649429251524704,Clean,ALLOW
176.55,0.24634143710136414,0.3762262247398005,suspicious_device,REVIEW
223.91,0.5698255896568298,0.4393460507559324,suspicious_device,REVIEW
117.58,0.785278856754303,0.4709222885275152,suspicious_device,BLOCK
393.52,0.18464548885822296,0.3681536766931248,Clean,ALLOW
149.27,0.13144846260547638,0.38527648677869886,Clean,ALLOW
136.48,0.848838746547699,0.469681194851709,suspicious_device,BLOCK
427.16,0.5030001997947693,0.4046174190862796,suspicious_device,REVIEW
564.97,0.2158549576997757,0.40583819920906633,velocity_abuse,REVIEW
47.77,0.2504926323890686,0.38814938195134185,velocity_abuse,REVIEW
291.87,0.23702208697795868,0.371255767919031,suspicious_device,REVIEW
362.77,0.17800524830818176,0.425729196394059,Clean,ALLOW
381.71,0.17526204884052277,0.370086090813857,Clean,ALLOW
1975.31,0.325003057718277,0.4057785452906333,unusual_amount,REVIEW
150.95,0.14478108286857605,0.35473263586206594,Clean,ALLOW
395.32,0.2645280659198761,0.3723057615572452,velocity_abuse,REVIEW
530.94,0.21353937685489655,0.3680974892561112,suspicious_device,REVIEW
302.98,0.2864566147327423,0.4296961480691303,velocity_abuse,REVIEW
214.5,0.22190238535404205,0.3556856296375227,velocity_abuse,REVIEW
487.6,0.19966547191143036,0.36759636028148945,Clean,ALLOW
784.18,0.1840934008359909,0.3881086089485236,Clean,ALLOW
314.33,0.2318699061870575,0.36990602650212195,suspicious_device,REVIEW
159.1,0.3105698823928833,0.39409494064150996,suspicious_device,REVIEW
768.16,0.7907261252403259,0.4830001592018603,account_takeover,BLOCK
970.53,0.17448076605796814,0.4520613734628693,Clean,ALLOW
755.37,0.22640544176101685,0.375236560037388,suspicious_device,REVIEW
269.41,0.4198729395866394,0.4444513727982809,velocity_abuse,REVIEW
222.67,0.19754889607429504,0.3788344982796922,Clean,ALLOW
694.88,0.17317421734333038,0.37660476268996096,Clean,ALLOW
107.95,0.31083500385284424,0.4239213401149686,unusual_amount,REVIEW
192.32,0.28294837474823,0.41228156834131513,suspicious_device,REVIEW
279.81,0.18940313160419464,0.39993647996312476,Clean,ALLOW
168.34,0.17176993191242218,0.45012073960668625,Clean,ALLOW
458.05,0.15725204348564148,0.40498056435910923,Clean,ALLOW
765.11,0.2033306509256363,0.37377971021089257,suspicious_device,REVIEW
96.67,0.27995696663856506,0.4473434576088986,unusual_amount,REVIEW
167.34,0.1911288946866989,0.40786079047507984,Clean,ALLOW
227.29,0.20287741720676422,0.3792383075513645,suspicious_device,REVIEW
197.56,0.2273762822151184,0.36693958074222083,suspicious_device,REVIEW
92.62,0.32586193084716797,0.431849916384009,suspicious_device,REVIEW
643.91,0.25044697523117065,0.3675267014947176,velocity_abuse,REVIEW
72.29,0.41737350821495056,0.4088638412743201,suspicious_device,REVIEW
146.84,0.17203907668590546,0.3830098106349179,Clean,ALLOW
878.92,0.41196927428245544,0.4494521156234802,suspicious_device,REVIEW
268.37,0.21029578149318695,0.41033354942162553,velocity_abuse,REVIEW
253.32,0.2354789525270462,0.36905356655402377,suspicious_device,REVIEW
397.17,0.21754339337348938,0.4187878619417438,velocity_abuse,REVIEW
1755.9,0.23873917758464813,0.42557478795246845,unusual_amount,REVIEW
671.46,0.2008690983057022,0.42160779032411316,velocity_abuse,REVIEW
549.41,0.5220151543617249,0.4901813989223321,velocity_abuse,REVIEW
301.71,0.18218708038330078,0.37460788512353277,Clean,ALLOW
55.47,0.24884627759456635,0.37365804423738097,velocity_abuse,REVIEW
97.87,0.2281297892332077,0.3960303533679726,velocity_abuse,REVIEW
521.6,0.20290902256965637,0.36925590363163063,velocity_abuse,REVIEW
225.01,0.20875392854213715,0.35624351069261484,suspicious_device,REVIEW
192.54,0.2542133629322052,0.3819330000340497,suspicious_device,REVIEW
828.57,0.27183201909065247,0.3710491670573082,velocity_abuse,REVIEW
770.48,0.2532752454280853,0.3813972354357775,velocity_abuse,REVIEW
315.83,0.18384967744350433,0.3791838742844855,Clean,ALLOW
674.22,0.5743333101272583,0.4210388413156129,velocity_abuse,REVIEW
286.74,0.20343850553035736,0.4070777452869927,velocity_abuse,REVIEW
246.17,0.17080776393413544,0.4162281875264227,Clean,ALLOW
579.83,0.21525676548480988,0.3593409373674135,velocity_abuse,REVIEW
1115.8,0.3249177038669586,0.4057547709685965,unusual_amount,REVIEW
99.63,0.2753029763698578,0.38073051439696565,velocity_abuse,REVIEW
124.22,0.3406912386417389,0.38208526335343873,suspicious_device,REVIEW
977.77,0.5215771198272705,0.4562916146164665,account_takeover,REVIEW
1795.37,0.60553377866745,0.4365401588784739,account_takeover,REVIEW
413.08,0.2011117786169052,0.3677709046580753,velocity_abuse,REVIEW
7059.55,0.6722608208656311,0.447457112733885,unusual_amount,REVIEW
184.22,0.2459685504436493,0.3817796068505658,suspicious_device,REVIEW
268.02,0.2858092784881592,0.37167084891765073,velocity_abuse,REVIEW
2656.58,0.2874688506126404,0.3870272574134992,suspicious_device,REVIEW
1188.32,0.4349130094051361,0.4056565639286836,velocity_abuse,REVIEW
611.42,0.22948692739009857,0.35867465313585783,velocity_abuse,REVIEW
423.59,0.22921693325042725,0.35575381466390044,velocity_abuse,REVIEW
206.86,0.20204582810401917,0.38794877312793286,suspicious_device,REVIEW
240.42,0.23897479474544525,0.3573733370529058,velocity_abuse,REVIEW
890.78,0.22252757847309113,0.36844441898042113,velocity_abuse,REVIEW
360.71,0.2010652720928192,0.3602796680869134,suspicious_device,REVIEW
119.37,0.26678571105003357,0.34915825500209086,suspicious_device,REVIEW
671.2,0.17376360297203064,0.3662881954181821,Clean,ALLOW
941.92,0.16292934119701385,0.39731647325991015,Clean,ALLOW
434.55,0.20592409372329712,0.35155536782073576,velocity_abuse,REVIEW
416.93,0.21736153960227966,0.35523979447331566,suspicious_device,REVIEW
283.77,0.3493421971797943,0.38817301533203474,suspicious_device,REVIEW
179.09,0.24565064907073975,0.38584785444414993,suspicious_device,REVIEW
415.8,0.26519832015037537,0.38459882039452137,velocity_abuse,REVIEW
1193.75,0.24402035772800446,0.4159561004026766,velocity_abuse,REVIEW
1034.48,0.310779869556427,0.4238828365241703,velocity_abuse,REVIEW
262.27,0.28226375579833984,0.3520571892427665,velocity_abuse,REVIEW
1227.03,0.28223931789398193,0.36884955902173716,velocity_abuse,REVIEW
115.67,0.4063778817653656,0.3835581422737964,unusual_amount,REVIEW
158.26,0.19856172800064087,0.3842884036361085,Clean,ALLOW
132.79,0.18300175666809082,0.4169903082719608,Clean,ALLOW
143.34,0.18767447769641876,0.3760810192164994,Clean,ALLOW
390.14,0.21217088401317596,0.35359443489593717,velocity_abuse,REVIEW
329.78,0.7354156374931335,0.45258696090860023,account_takeover,REVIEW
1145.62,0.2932265102863312,0.39284281907577334,velocity_abuse,REVIEW
496.12,0.20750810205936432,0.34839621037110896,velocity_abuse,REVIEW
127.06,0.3430783748626709,0.3971470771498758,suspicious_device,REVIEW
745.94,0.31014421582221985,0.37022785128746266,velocity_abuse,REVIEW
314.81,0.6247600317001343,0.42964118016367714,velocity_abuse,REVIEW
45.06,0.18308763206005096,0.3491909392623664,Clean,ALLOW
217.85,0.23374278843402863,0.36679588251967277,unusual_amount,REVIEW
518.31,0.20198887586593628,0.40026745441297407,unusual_amount,REVIEW
621.95,0.2212592214345932,0.4024393824566696,velocity_abuse,REVIEW
296.5,0.19622722268104553,0.35936105630976656,Clean,ALLOW
297.45,0.20872114598751068,0.3678603574232176,suspicious_device,REVIEW
866.81,0.2224428951740265,0.36007678160329876,velocity_abuse,REVIEW
453.06,0.21294566988945007,0.38193107848915403,velocity_abuse,REVIEW
822.17,0.2093961387872696,0.38783506888080826,velocity_abuse,REVIEW
750.25,0.23499363660812378,0.36968682846564555,velocity_abuse,REVIEW
586.1,0.23721039295196533,0.3530287095887126,suspicious_device,REVIEW
447.8,0.21767812967300415,0.3769535442943788,velocity_abuse,REVIEW
542.39,0.20743897557258606,0.35404018719486857,velocity_abuse,REVIEW
328.33,0.1657148003578186,0.38798805681280946,Clean,ALLOW
430.4,0.19984480738639832,0.3438666270419702,Clean,ALLOW
228.23,0.6245339512825012,0.44072934837221805,velocity_abuse,REVIEW
369.34,0.1924753487110138,0.3393585944031873,Clean,ALLOW
582.62,0.3192117512226105,0.41410436990924576,unusual_amount,REVIEW
138.27,0.2861068546772003,0.3625534121675367,unusual_amount,REVIEW
169.43,0.19821573793888092,0.36816943295418925,Clean,ALLOW
1957.42,0.24923327565193176,0.3668686396918037,unusual_amount,REVIEW
892.05,0.26140862703323364,0.3705403535800074,unusual_amount,REVIEW
229.11,0.17650988698005676,0.40535734364733983,Clean,ALLOW
265.22,0.6345193982124329,0.41289990623865896,suspicious_device,REVIEW
448.97,0.17651060223579407,0.3711074570826501,Clean,ALLOW
738.58,0.20634853839874268,0.35416552125115586,velocity_abuse,REVIEW
240.21,0.2638227939605713,0.42146416910315027,velocity_abuse,REVIEW
100.36,0.37312591075897217,0.4167356111018455,velocity_abuse,REVIEW
628.33,0.20750412344932556,0.3428582004913081,velocity_abuse,REVIEW
217.98,0.1649080067873001,0.4380946746622143,Clean,ALLOW
257.11,0.21832261979579926,0.34161908812595276,suspicious_device,REVIEW
573.26,0.18481995165348053,0.37874967492442746,Clean,ALLOW
3283.2,0.47212323546409607,0.43833066682712235,unusual_amount,REVIEW
308.69,0.2286144345998764,0.3444127905011042,velocity_abuse,REVIEW
147.26,0.1837722212076187,0.35577958683778965,Clean,ALLOW
1617.56,0.28675851225852966,0.3785818867210071,suspicious_device,REVIEW
657.81,0.6257066130638123,0.42507407721472085,suspicious_device,REVIEW
57.57,0.36952248215675354,0.3499563675357972,velocity_abuse,REVIEW
42.78,0.25199708342552185,0.3810669919753663,velocity_abuse,REVIEW
132.04,0.1391349881887436,0.35598993248909433,Clean,ALLOW
598.2,0.1596565544605255,0.4355493635082068,Clean,ALLOW
162.18,0.22240619361400604,0.3489629573080902,suspicious_device,REVIEW
318.56,0.189204603433609,0.3494991364013713,Clean,ALLOW
757.04,0.6227803826332092,0.4196869797085278,account_takeover,REVIEW
456.57,0.2046603113412857,0.34413650875865365,velocity_abuse,REVIEW
1342.65,0.2116689831018448,0.3839018101311267,suspicious_device,REVIEW
157.04,0.19195052981376648,0.46212757141655947,Clean,ALLOW
429.67,0.17797686159610748,0.3562494992507733,Clean,ALLOW
161.64,0.22189515829086304,0.3705282774366748,suspicious_device,REVIEW
355.45,0.19023290276527405,0.36735649205216814,Clean,ALLOW
471.98,0.20139001309871674,0.3572650973475106,suspicious_device,REVIEW
430.98,0.1834487020969391,0.3653709724143624,Clean,ALLOW
151.49,0.15322887897491455,0.3490506602426817,Clean,ALLOW
156.94,0.18091124296188354,0.4074917422728823,Clean,ALLOW
1567.93,0.28067201375961304,0.3717822269908758,suspicious_device,REVIEW
260.49,0.2205875664949417,0.34960522751833045,suspicious_device,REVIEW
266.17,0.23287074267864227,0.3812509746490268,velocity_abuse,REVIEW
97.2,0.2952267825603485,0.38286832702544865,velocity_abuse,REVIEW
313.42,0.2621143162250519,0.36357502586321605,velocity_abuse,REVIEW
186.19,0.2766866385936737,0.38219073257270786,suspicious_device,REVIEW
562.96,0.19403745234012604,0.3724614840038908,Clean,ALLOW
130.8,0.22221840918064117,0.36005978583835047,suspicious_device,REVIEW
188.71,0.24406254291534424,0.3700321471945899,suspicious_device,REVIEW
128.23,0.26308438181877136,0.46638051007632003,suspicious_device,REVIEW
1449.08,0.26267871260643005,0.3713277918383815,suspicious_device,REVIEW
158.29,0.2053694725036621,0.377879791529184,suspicious_device,REVIEW
201.5,0.3064380884170532,0.45791429188000116,suspicious_device,REVIEW
467.93,0.17724142968654633,0.35512849227363485,Clean,ALLOW
134.29,0.41744545102119446,0.4324588103262286,account_takeover,REVIEW
478.08,0.33530598878860474,0.41291870394997815,suspicious_device,REVIEW
331.38,0.2823803722858429,0.4490676764749569,suspicious_device,REVIEW
325.1,0.35006988048553467,0.4063197374489546,suspicious_device,REVIEW
627.39,0.2290724664926529,0.38406030592658624,velocity_abuse,REVIEW
181.94,0.19901858270168304,0.3661232916529408,Clean,ALLOW
618.42,0.3293839693069458,0.3852982443771096,account_takeover,REVIEW
344.15,0.1800232082605362,0.3891818817676715,Clean,ALLOW
869.64,0.2025173157453537,0.3758483041832399,suspicious_device,REVIEW
491.71,0.2022138386964798,0.3772168925053558,suspicious_device,REVIEW
117.8,0.1605253517627716,0.4114004563714637,Clean,ALLOW
42.29,0.24431419372558594,0.3967934390575234,velocity_abuse,REVIEW
386.41,0.12157200276851654,0.38374846039099453,Clean,ALLOW
919.5,0.29900845885276794,0.441361573459863,suspicious_device,REVIEW
755.07,0.22067688405513763,0.40997817012185905,velocity_abuse,REVIEW
247.41,0.20556020736694336,0.452363704501894,suspicious_device,REVIEW
78.38,0.25510722398757935,0.4074178744468982,velocity_abuse,REVIEW
169.97,0.20795753598213196,0.3797261929224042,suspicious_device,REVIEW
894.26,0.4103644788265228,0.4375297489402876,suspicious_device,REVIEW
234.31,0.3333187997341156,0.43289826880982696,suspicious_device,REVIEW
188.43,0.304227352142334,0.4001127906925516,suspicious_device,REVIEW
1358.32,0.2448538839817047,0.3999777912599358,suspicious_device,REVIEW
723.29,0.22770226001739502,0.3997114055596111,velocity_abuse,REVIEW
460.33,0.18149784207344055,0.3854279006674724,Clean,ALLOW
230.92,0.20151084661483765,0.36757456686196455,suspicious_device,REVIEW
142.67,0.17951704561710358,0.3884399131727424,Clean,ALLOW
296.52,0.20960482954978943,0.3891988076604245,suspicious_device,REVIEW
201.55,0.31265953183174133,0.4323067992609275,suspicious_device,REVIEW
86.45,0.39580270648002625,0.43367954053072144,suspicious_device,REVIEW
867.91,0.1613883525133133,0.39352867797988156,Clean,ALLOW
249.06,0.2517760097980499,0.37483319007766447,suspicious_device,REVIEW
550.12,0.2393803596496582,0.3710343394494486,suspicious_device,REVIEW
857.39,0.20420366525650024,0.39089416456692666,velocity_abuse,REVIEW
75.96,0.5665265321731567,0.45140630390606457,velocity_abuse,REVIEW
134.43,0.18491767346858978,0.4331172815766647,Clean,ALLOW
749.23,0.23084138333797455,0.38853512516931216,suspicious_device,REVIEW
1456.78,0.22490696609020233,0.4068485981599033,suspicious_device,REVIEW
284.8,0.38085421919822693,0.4741701833490331,velocity_abuse,REVIEW
91.26,0.21397356688976288,0.39410305023411085,suspicious_device,REVIEW
266.02,0.22128410637378693,0.3913070446018998,suspicious_device,REVIEW
369.96,0.5238649845123291,0.4987544926878536,suspicious_device,REVIEW
223.31,0.1814020872116089,0.3703605970407749,Clean,ALLOW
680.39,0.24626250565052032,0.38457934839119334,velocity_abuse,REVIEW
422.48,0.179833322763443,0.4160941043005795,Clean,ALLOW
125.42,0.3315037786960602,0.4512154293693372,velocity_abuse,REVIEW
194.59,0.22726821899414062,0.4405437629244313,unusual_amount,REVIEW
390.72,0.1991492062807083,0.3705366970680613,Clean,ALLOW
841.04,0.202095627784729,0.3978410163570895,velocity_abuse,REVIEW
148.85,0.14467568695545197,0.3758525846139639,Clean,ALLOW
587.01,0.6258412003517151,0.5436109027174029,account_takeover,REVIEW
298.64,0.3454703688621521,0.44267410131137697,suspicious_device,REVIEW
437.06,0.2318035215139389,0.38911735751614895,velocity_abuse,REVIEW
252.42,0.15497878193855286,0.40123327157761907,Clean,ALLOW
2023.8,0.5060672163963318,0.44420967334641126,suspicious_device,REVIEW
248.03,0.2098284810781479,0.47614700306311086,unusual_amount,REVIEW
560.12,0.2280239760875702,0.3724245542481282,velocity_abuse,REVIEW
155.65,0.12370096892118454,0.4747187977946502,Clean,ALLOW
835.21,0.2536585330963135,0.4003069546327417,velocity_abuse,REVIEW
2468.64,0.2559679448604584,0.4055825594051372,unusual_amount,REVIEW
533.27,0.20615677535533905,0.3814559337947413,velocity_abuse,REVIEW
511.19,0.20942656695842743,0.41816991005369525,suspicious_device,REVIEW
571.49,0.09219986945390701,0.4448698996914867,Clean,ALLOW
173.51,0.19706648588180542,0.4092752863687663,Clean,ALLOW
206.14,0.1891280561685562,0.4139197935716958,Clean,ALLOW
4019.1,0.5334870219230652,0.45360410478877006,unusual_amount,REVIEW
672.48,0.1622345894575119,0.4215181515163252,Clean,ALLOW
47.35,0.17139361798763275,0.4244857287313626,Clean,ALLOW
84.43,0.28311875462532043,0.3975597512375376,velocity_abuse,REVIEW
220.31,0.23442429304122925,0.39291633147481353,velocity_abuse,REVIEW
463.88,0.1506633758544922,0.4355808953931507,Clean,ALLOW
216.46,0.17665249109268188,0.41580499539755145,Clean,ALLOW
429.4,0.17329825460910797,0.3834141865287097,Clean,ALLOW
1684.82,0.30909958481788635,0.3980717537822298,velocity_abuse,REVIEW
174.3,0.22604593634605408,0.36085075987140425,suspicious_device,REVIEW
1457.14,0.24295960366725922,0.3950096807467776,velocity_abuse,REVIEW
200.04,0.19819375872612,0.3621018150181739,Clean,ALLOW
237.75,0.181630939245224,0.3660639746807311,Clean,ALLOW
280.46,0.24751055240631104,0.3738205638877013,velocity_abuse,REVIEW
2442.81,0.5034249424934387,0.46395597806708144,account_takeover,REVIEW
422.43,0.24753165245056152,0.42677486721773006,velocity_abuse,REVIEW
205.39,0.27717113494873047,0.38294057841354057,unusual_amount,REVIEW
249.37,0.24537920951843262,0.35702277146363465,velocity_abuse,REVIEW
502.42,0.44207116961479187,0.4740366106104274,account_takeover,REVIEW
164.17,0.41944482922554016,0.39292534479772956,velocity_abuse,REVIEW
1295.6,0.24770782887935638,0.3638358494207963,velocity_abuse,REVIEW
1220.68,0.2370438426733017,0.36435450140654996,velocity_abuse,REVIEW
141.53,0.6297301054000854,0.43985859751470857,suspicious_device,REVIEW
815.98,0.5861622095108032,0.43575108621739206,account_takeover,REVIEW
303.91,0.24441653490066528,0.38753389131344834,velocity_abuse,REVIEW
228.11,0.23544643819332123,0.34636187069885144,velocity_abuse,REVIEW
265.74,0.2621706426143646,0.3439326508717255,velocity_abuse,REVIEW
69.55,0.2957790195941925,0.43228334943426167,velocity_abuse,REVIEW
132.92,0.24462032318115234,0.3462037182292535,suspicious_device,REVIEW
159.1,0.26686710119247437,0.40468945772483605,velocity_abuse,REVIEW
416.95,0.621680736541748,0.4065390769847979,account_takeover,REVIEW
256.49,0.24063228070735931,0.3494348911494995,velocity_abuse,REVIEW
504.25,0.1340325027704239,0.36355816979285716,Clean,ALLOW
1122.63,0.2590484619140625,0.3472051945319165,velocity_abuse,REVIEW
758.81,0.34003886580467224,0.39297218407314854,velocity_abuse,REVIEW
363.96,0.23607410490512848,0.37424418641677526,velocity_abuse,REVIEW
85.63,0.2935342490673065,0.37729292256086644,velocity_abuse,REVIEW
263.69,0.1623404622077942,0.3729251489869359,Clean,ALLOW
70.35,0.4546182155609131,0.41170580698548653,velocity_abuse,REVIEW
208.35,0.22869396209716797,0.38895576550971933,suspicious_device,REVIEW
358.45,0.1914299577474594,0.3514844860625352,Clean,ALLOW
804.12,0.18907295167446136,0.34708573470212173,Clean,ALLOW
262.13,0.2774030864238739,0.3627956655016777,velocity_abuse,REVIEW
218.22,0.3724014461040497,0.38270145942844036,velocity_abuse,REVIEW
401.38,0.23424489796161652,0.34226219702620436,velocity_abuse,REVIEW
320.01,0.3143172562122345,0.4839887409084399,account_takeover,REVIEW
53.22,0.39908748865127563,0.4712540476791123,velocity_abuse,REVIEW
711.57,0.24874314665794373,0.339501317162871,velocity_abuse,REVIEW
124.75,0.26661431789398193,0.3646994919727607,suspicious_device,REVIEW
164.61,0.37230831384658813,0.4408238238876618,velocity_abuse,REVIEW
506.83,0.22785168886184692,0.3574212642467698,velocity_abuse,REVIEW
369.59,0.21791940927505493,0.37041029911980494,velocity_abuse,REVIEW
161.35,0.22819581627845764,0.36838433440924956,suspicious_device,REVIEW
718.79,0.24205204844474792,0.3510606616218346,velocity_abuse,REVIEW
226.35,0.266692191362381,0.3504204711786563,velocity_abuse,REVIEW
663.21,0.24338111281394958,0.34391955458457196,velocity_abuse,REVIEW
438.79,0.4199466109275818,0.4040132479500987,velocity_abuse,REVIEW
351.6,0.14698490500450134,0.3574534863770528,Clean,ALLOW
1291.36,0.26265856623649597,0.35133656780450945,velocity_abuse,REVIEW
152.05,0.1950335055589676,0.3409143409828822,Clean,ALLOW
670.24,0.2431614249944687,0.3480386786628606,velocity_abuse,REVIEW
588.69,0.2215183675289154,0.3463291083384646,velocity_abuse,REVIEW
649.39,0.22643977403640747,0.3336718558950954,velocity_abuse,REVIEW
636.03,0.30502375960350037,0.3816019963695292,velocity_abuse,REVIEW
284.18,0.19305181503295898,0.37539297970907476,Clean,ALLOW
573.19,0.24550099670886993,0.3498060297116481,suspicious_device,REVIEW
64.64,0.34584805369377136,0.3602223610221895,velocity_abuse,REVIEW
665.05,0.12588724493980408,0.3974611648716378,Clean,ALLOW
205.66,0.13577502965927124,0.36685956836338723,Clean,ALLOW
353.15,0.37547019124031067,0.42358399562609567,velocity_abuse,REVIEW
368.94,0.24397556483745575,0.3509180205734985,velocity_abuse,REVIEW
1713.73,0.28337299823760986,0.35578947935574806,suspicious_device,REVIEW
570.17,0.11742076277732849,0.37988654669287664,Clean,ALLOW
425.37,0.20749613642692566,0.34748305174344607,velocity_abuse,REVIEW
93.68,0.7212631106376648,0.42563849364979534,suspicious_device,REVIEW
38.55,0.22441373765468597,0.36087049674105265,velocity_abuse,REVIEW
676.6,0.4186292290687561,0.40136016706036914,suspicious_device,REVIEW
255.03,0.2392084002494812,0.34993276848035076,velocity_abuse,REVIEW
3220.32,0.29150259494781494,0.3777927379306787,unusual_amount,REVIEW
193.91,0.20317448675632477,0.3488521883638015,velocity_abuse,REVIEW
155.74,0.17493361234664917,0.3455898759070571,Clean,ALLOW
308.57,0.22345149517059326,0.3660168358297785,suspicious_device,REVIEW
448.19,0.21890948712825775,0.3514591682335336,velocity_abuse,REVIEW
211.97,0.6678023934364319,0.45274511059778816,account_takeover,REVIEW
49.61,0.17555738985538483,0.3569242451999798,Clean,ALLOW
515.57,0.26462092995643616,0.3784845244836636,velocity_abuse,REVIEW
998.32,0.25668761134147644,0.35034345637691156,suspicious_device,REVIEW
684.36,0.19443932175636292,0.3803951532729834,Clean,ALLOW
314.89,0.1966046690940857,0.3418997137308851,Clean,ALLOW
397.5,0.2756069600582123,0.43103843437209816,velocity_abuse,REVIEW
327.74,0.23423945903778076,0.3737483367732153,velocity_abuse,REVIEW
1176.35,0.2565518915653229,0.37445068754243055,velocity_abuse,REVIEW
190.5,0.22951067984104156,0.363836071295804,suspicious_device,REVIEW
372.71,0.500476598739624,0.458417970687521,suspicious_device,REVIEW
529.29,0.19471487402915955,0.35754987053985104,Clean,ALLOW
374.97,0.22605226933956146,0.36021229173548525,suspicious_device,REVIEW
736.32,0.2025984823703766,0.3294891699808938,suspicious_device,REVIEW
134.84,0.583501935005188,0.4266161995953785,suspicious_device,REVIEW
358.96,0.6277962327003479,0.4594375149641165,suspicious_device,REVIEW
87.65,0.3001387417316437,0.3626274469718691,velocity_abuse,REVIEW
705.46,0.37125295400619507,0.39473765980455766,suspicious_device,REVIEW
944.33,0.18458515405654907,0.36743060968556973,Clean,ALLOW
491.48,0.21538689732551575,0.36381832981995704,suspicious_device,REVIEW
779.53,0.32232555747032166,0.37905656636974605,suspicious_device,REVIEW
556.36,0.2968774139881134,0.4522289150936806,suspicious_device,REVIEW
495.82,0.7392669916152954,0.4878339099179121,account_takeover,REVIEW
636.53,0.21794551610946655,0.3432050482302884,velocity_abuse,REVIEW
514.0,0.19031360745429993,0.36430752025918284,Clean,ALLOW
167.6,0.2557845711708069,0.3514604448873632,suspicious_device,REVIEW
1329.81,0.425660103559494,0.4031396341615313,suspicious_device,REVIEW
194.18,0.26947468519210815,0.38098128029305,unusual_amount,REVIEW
280.04,0.24719655513763428,0.3814600521072434,velocity_abuse,REVIEW
617.72,0.2188301980495453,0.46737358333523454,unusual_amount,REVIEW
403.25,0.1941087245941162,0.4290095107479817,Clean,ALLOW
76.15,0.32392117381095886,0.3591557588628173,velocity_abuse,REVIEW
206.2,0.22086359560489655,0.3414748129122471,suspicious_device,REVIEW
111.58,0.2513461709022522,0.3381746200679847,suspicious_device,REVIEW
576.94,0.1542363464832306,0.35239757991815296,Clean,ALLOW
523.85,0.19593855738639832,0.34991150603118315,Clean,ALLOW
146.07,0.1574556976556778,0.3472872366659692,Clean,ALLOW
1190.06,0.257156103849411,0.3548775185147264,velocity_abuse,REVIEW
357.89,0.23558534681797028,0.3774830514108808,velocity_abuse,REVIEW
796.78,0.21526676416397095,0.35066396813715917,velocity_abuse,REVIEW
271.83,0.2838507890701294,0.34577481360537743,suspicious_device,REVIEW
163.41,0.18316398561000824,0.35331280596872455,Clean,ALLOW
490.86,0.20971901714801788,0.3522344253535794,suspicious_device,REVIEW
942.39,0.19634997844696045,0.350109926410779,Clean,ALLOW
261.34,0.2209433615207672,0.3657469548406808,suspicious_device,REVIEW
567.94,0.3637548089027405,0.4769312473762714,account_takeover,REVIEW
121.88,0.17534445226192474,0.43866375322592055,Clean,ALLOW
161.08,0.2176862210035324,0.3539757818448602,suspicious_device,REVIEW
292.22,0.18780581653118134,0.3634082147463434,Clean,ALLOW
1333.02,0.3140316605567932,0.3644034788007081,suspicious_device,REVIEW
478.37,0.19666817784309387,0.3516257930456953,Clean,ALLOW
734.91,0.2117256224155426,0.35448210470582536,velocity_abuse,REVIEW
450.82,0.17200247943401337,0.3448274412018301,Clean,ALLOW
180.39,0.21336302161216736,0.3650300112058862,suspicious_device,REVIEW
672.78,0.26087304949760437,0.3492587852373566,velocity_abuse,REVIEW
91.77,0.6778243184089661,0.43003336864054204,suspicious_device,REVIEW
1311.27,0.2784767746925354,0.3597774912502203,velocity_abuse,REVIEW
119.17,0.3067041337490082,0.38185913044669384,suspicious_device,REVIEW
155.24,0.1401517540216446,0.42546477457159687,Clean,ALLOW
2245.27,0.23575352132320404,0.3670504275068922,unusual_amount,REVIEW
344.93,0.17116691172122955,0.34868323616686986,Clean,ALLOW
401.86,0.21507322788238525,0.34313914723556327,velocity_abuse,REVIEW
333.77,0.1974586695432663,0.3561094572292002,Clean,ALLOW
299.06,0.2023162841796875,0.3535073264384519,velocity_abuse,REVIEW
118.6,0.20184949040412903,0.4195128372820712,velocity_abuse,REVIEW
412.86,0.20511652529239655,0.3695238859462675,velocity_abuse,REVIEW
222.33,0.28548377752304077,0.3763803383637207,velocity_abuse,REVIEW
874.28,0.35746443271636963,0.4289147720039914,suspicious_device,REVIEW
316.36,0.22262251377105713,0.38464978715671727,velocity_abuse,REVIEW
253.54,0.19589875638484955,0.3897994466252032,Clean,ALLOW
149.77,0.20543208718299866,0.4635614522541287,suspicious_device,REVIEW
118.04,0.16928556561470032,0.3803962559647181,Clean,ALLOW
699.29,0.2237689197063446,0.37261013473688437,suspicious_device,REVIEW
609.68,0.2123190313577652,0.36500173260099494,suspicious_device,REVIEW
135.53,0.23941273987293243,0.4254705640008695,velocity_abuse,REVIEW
808.57,0.2358357012271881,0.3786473966827421,suspicious_device,REVIEW
1107.62,0.34438470005989075,0.41207058308570965,velocity_abuse,REVIEW
363.56,0.2023591250181198,0.3608234507093773,velocity_abuse,REVIEW
57.58,0.3282557427883148,0.36354678548185443,suspicious_device,REVIEW
789.09,0.22397032380104065,0.40132541737117544,velocity_abuse,REVIEW
392.61,0.23305003345012665,0.37006067736035275,velocity_abuse,REVIEW
550.32,0.19798064231872559,0.3670140169645625,Clean,ALLOW
156.41,0.14569424092769623,0.42113721068678367,Clean,ALLOW
1266.53,0.5483817458152771,0.45507505295271516,velocity_abuse,REVIEW
711.28,0.24292302131652832,0.47254569717749656,suspicious_device,REVIEW
1171.8,0.2679390609264374,0.387991111299511,suspicious_device,REVIEW
680.36,0.21270830929279327,0.365326675769177,suspicious_device,REVIEW
122.26,0.18273401260375977,0.38193876971785823,Clean,ALLOW
536.08,0.2111692726612091,0.3664400906610752,velocity_abuse,REVIEW
320.68,0.16866886615753174,0.3946612724123353,Clean,ALLOW
1962.25,0.23529227077960968,0.4229713418978996,velocity_abuse,REVIEW
204.48,0.21060289442539215,0.43163204191711274,suspicious_device,REVIEW
1034.93,0.311019629240036,0.4566731169316592,suspicious_device,REVIEW
150.89,0.21979767084121704,0.4164904475324344,velocity_abuse,REVIEW
506.85,0.28325626254081726,0.3879797480560474,velocity_abuse,REVIEW
693.16,0.21365469694137573,0.3756650842327061,suspicious_device,REVIEW
97.7,0.16131506860256195,0.40990369380506336,Clean,ALLOW
1053.43,0.26862335205078125,0.46904237466896515,suspicious_device,REVIEW
361.72,0.8483399748802185,0.5056327297520438,account_takeover,BLOCK
622.35,0.20638184249401093,0.3604469584431407,velocity_abuse,REVIEW
1523.3,0.19928956031799316,0.41294525579554353,Clean,ALLOW
143.26,0.1733039766550064,0.3960232521425817,Clean,ALLOW
917.71,0.2034774124622345,0.37649925756765695,suspicious_device,REVIEW
55.81,0.21034827828407288,0.37504249799623746,velocity_abuse,REVIEW
320.56,0.22182460129261017,0.3952029930197505,velocity_abuse,REVIEW
568.53,0.1811276078224182,0.4032155938906275,Clean,ALLOW
628.61,0.22603097558021545,0.36100061582307347,velocity_abuse,REVIEW
838.32,0.21271218359470367,0.36270320799951716,suspicious_device,REVIEW
711.12,0.2361183613538742,0.3870134058072821,suspicious_device,REVIEW
842.4,0.19643127918243408,0.39822760537729207,Clean,ALLOW
329.25,0.20563803613185883,0.3755816035275154,suspicious_device,REVIEW
1228.79,0.2811395525932312,0.39534039821824196,velocity_abuse,REVIEW
205.88,0.3714047968387604,0.4101507246332399,suspicious_device,REVIEW
254.71,0.2101956009864807,0.376796267614695,suspicious_device,REVIEW
246.86,0.19733577966690063,0.4214718528471813,Clean,ALLOW
390.33,0.1797514408826828,0.4162925369735745,Clean,ALLOW
664.55,0.23070983588695526,0.42831873759873723,velocity_abuse,REVIEW
216.46,0.12254123389720917,0.48660337192972747,Clean,ALLOW
3153.99,0.3286930024623871,0.4520302409298982,unusual_amount,REVIEW
575.17,0.22004878520965576,0.4440120986465383,account_takeover,REVIEW
208.19,0.1876845806837082,0.41154561977139664,Clean,ALLOW
468.38,0.3189811110496521,0.41163157996526273,velocity_abuse,REVIEW
147.9,0.15514546632766724,0.3992284895207689,Clean,ALLOW
185.88,0.2127901166677475,0.3796294651068267,suspicious_device,REVIEW
856.28,0.23233480751514435,0.39389692166786316,velocity_abuse,REVIEW
138.52,0.26226794719696045,0.3774754919441665,suspicious_device,REVIEW
660.3,0.22356760501861572,0.3706651051808002,velocity_abuse,REVIEW
637.79,0.7204342484474182,0.4774544943502154,account_takeover,REVIEW
168.63,0.22312596440315247,0.38303660828072933,suspicious_device,REVIEW
204.74,0.3359025716781616,0.4144802464351943,velocity_abuse,REVIEW
247.4,0.2150573581457138,0.3768397897694347,unusual_amount,REVIEW
568.07,0.2394174188375473,0.3548297621185089,velocity_abuse,REVIEW
431.63,0.22096748650074005,0.33725819459214285,velocity_abuse,REVIEW
220.18,0.22449390590190887,0.39562091870483496,unusual_amount,REVIEW
461.64,0.5421927571296692,0.42074635579748565,account_takeover,REVIEW
860.65,0.24016976356506348,0.34625167849648786,suspicious_device,REVIEW
571.02,0.31422480940818787,0.3713483348775802,velocity_abuse,REVIEW
248.14,0.2632823884487152,0.341282876736519,velocity_abuse,REVIEW
61.87,0.4221762716770172,0.3832635301807452,velocity_abuse,REVIEW
375.06,0.23605358600616455,0.3330081952170395,suspicious_device,REVIEW
65.05,0.3199445903301239,0.35722423454706287,velocity_abuse,REVIEW
135.38,0.30294471979141235,0.43997771182810624,unusual_amount,REVIEW
1100.32,0.231733500957489,0.35455751615792286,velocity_abuse,REVIEW
137.01,0.2669616639614105,0.3630327278683146,velocity_abuse,REVIEW
114.93,0.30598145723342896,0.3609759750406241,velocity_abuse,REVIEW
1800.59,0.3396185040473938,0.37045083544225804,velocity_abuse,REVIEW
349.41,0.33907589316368103,0.3830306809631586,suspicious_device,REVIEW
440.38,0.21983420848846436,0.3379269621404397,velocity_abuse,REVIEW
185.02,0.23163224756717682,0.34168733328593676,suspicious_device,REVIEW
215.89,0.29632410407066345,0.38894703865118313,suspicious_device,REVIEW
262.7,0.3778659701347351,0.4447344874491779,account_takeover,REVIEW
237.73,0.2501455247402191,0.33547762741835613,velocity_abuse,REVIEW
279.95,0.2514444887638092,0.3404922293422132,velocity_abuse,REVIEW
376.82,0.2227552980184555,0.3314805839988948,velocity_abuse,REVIEW
326.73,0.4074043035507202,0.40583922512594456,velocity_abuse,REVIEW
353.45,0.35578858852386475,0.4089584921354575,velocity_abuse,REVIEW
1064.41,0.26673442125320435,0.4134117013987482,velocity_abuse,REVIEW
600.92,0.23642978072166443,0.3398380519711129,velocity_abuse,REVIEW
1711.05,0.2810518145561218,0.3484692765311143,suspicious_device,REVIEW
117.54,0.31856417655944824,0.36019557194987595,velocity_abuse,REVIEW
79.2,0.3869994580745697,0.353848975930983,velocity_abuse,REVIEW
62.44,0.35672318935394287,0.33587862652833234,velocity_abuse,REVIEW
114.22,0.44227129220962524,0.39883799761074107,velocity_abuse,REVIEW
1062.55,0.2686556279659271,0.354530142921919,suspicious_device,REVIEW
184.89,0.20937617123126984,0.35059517023726466,suspicious_device,REVIEW
651.18,0.22260402143001556,0.3432629229850411,suspicious_device,REVIEW
518.79,0.21239812672138214,0.3639963907603482,velocity_abuse,REVIEW
837.87,0.24287308752536774,0.3504970619857316,velocity_abuse,REVIEW
608.62,0.2578496038913727,0.3417091088697765,velocity_abuse,REVIEW
539.58,0.29169878363609314,0.37929563616038736,velocity_abuse,REVIEW
106.59,0.30406397581100464,0.3523475128263713,velocity_abuse,REVIEW
549.62,0.21682040393352509,0.35538548675280274,velocity_abuse,REVIEW
138.77,0.2729087769985199,0.3359130947087284,velocity_abuse,REVIEW
208.87,0.2468135505914688,0.3745488136421284,velocity_abuse,REVIEW
180.67,0.2376294881105423,0.3676574283995713,suspicious_device,REVIEW
108.53,0.2610571086406708,0.3399527370810151,suspicious_device,REVIEW
144.79,0.2250453382730484,0.37596084673357416,suspicious_device,REVIEW
277.02,0.23047566413879395,0.35481697347905095,velocity_abuse,REVIEW
245.64,0.22737333178520203,0.3361105297793593,suspicious_device,REVIEW
10015.09,0.5542563796043396,0.4595911629984711,unusual_amount,REVIEW
53.88,0.2373247593641281,0.3630168621433127,velocity_abuse,REVIEW
64.95,0.3250536620616913,0.3670282688487526,velocity_abuse,REVIEW
1096.44,0.22082871198654175,0.4217335618128389,velocity_abuse,REVIEW
258.78,0.3510124683380127,0.34185160891752514,suspicious_device,REVIEW
1400.13,0.2659296691417694,0.37396157288066045,velocity_abuse,REVIEW
403.68,0.2454768270254135,0.34176642112158406,velocity_abuse,REVIEW
223.35,0.20488230884075165,0.3408980644849296,suspicious_device,REVIEW
230.33,0.2051144391298294,0.340791304612914,suspicious_device,REVIEW
202.96,0.20679618418216705,0.3551724137238632,velocity_abuse,REVIEW
191.17,0.2591480016708374,0.3442239067045085,suspicious_device,REVIEW
355.96,0.17521430552005768,0.34099505899784327,Clean,ALLOW
455.79,0.19894802570343018,0.3429695938587656,Clean,ALLOW
101.87,0.38397520780563354,0.4887870833450508,velocity_abuse,REVIEW
953.23,0.22884826362133026,0.33948171690315093,suspicious_device,REVIEW
374.33,0.2059001922607422,0.3362794880813475,velocity_abuse,REVIEW
2109.85,0.25095847249031067,0.40717972373848993,unusual_amount,REVIEW
104.61,0.23801791667938232,0.3292029405014477,velocity_abuse,REVIEW
957.08,0.2712970972061157,0.34914595950297417,suspicious_device,REVIEW
1584.03,0.26206594705581665,0.350362441595409,suspicious_device,REVIEW
214.44,0.232627734541893,0.3424305182978013,velocity_abuse,REVIEW
170.09,0.2113659828901291,0.3768069208591638,unusual_amount,REVIEW
587.13,0.27935418486595154,0.344586990588588,velocity_abuse,REVIEW
595.06,0.21866479516029358,0.3318363059851741,suspicious_device,REVIEW
798.49,0.6872484087944031,0.4284526464995726,account_takeover,REVIEW
1142.35,0.25305044651031494,0.34081117597307525,velocity_abuse,REVIEW
366.56,0.18805870413780212,0.3846210696288871,Clean,ALLOW
134.83,0.2062915861606598,0.35215396490042644,suspicious_device,REVIEW
445.48,0.23565560579299927,0.3598157078708291,velocity_abuse,REVIEW
379.76,0.1380588412284851,0.3956875464476589,Clean,ALLOW
269.29,0.21618494391441345,0.33239110109023484,suspicious_device,REVIEW
279.52,0.28254014253616333,0.3668268159691674,suspicious_device,REVIEW
1567.23,0.24565686285495758,0.3542944422244407,suspicious_device,REVIEW
1239.0,0.3108687698841095,0.38215888752458,suspicious_device,REVIEW
607.62,0.18396125733852386,0.3412178898117303,Clean,ALLOW
386.43,0.3217383027076721,0.433175435438699,velocity_abuse,REVIEW
279.43,0.20863379538059235,0.33890811751656214,suspicious_device,REVIEW
470.38,0.16963286697864532,0.35592323966806183,Clean,ALLOW
626.95,0.23079626262187958,0.3525908988780664,velocity_abuse,REVIEW
302.23,0.4984874129295349,0.4223951288826396,suspicious_device,REVIEW
67.87,0.29302796721458435,0.36300211030872104,velocity_abuse,REVIEW
772.72,0.24268294870853424,0.34161761848087674,velocity_abuse,REVIEW
1163.37,0.21663154661655426,0.43128051367875947,suspicious_device,REVIEW
313.28,0.1996372491121292,0.38812661094823,Clean,ALLOW
795.85,0.19836214184761047,0.3477440067426843,Clean,ALLOW
184.62,0.25942644476890564,0.3462946369320946,suspicious_device,REVIEW
363.29,0.18653975427150726,0.3439989269275731,Clean,ALLOW
729.34,0.221079021692276,0.3342269047209212,velocity_abuse,REVIEW
437.13,0.18461841344833374,0.33937266854287385,Clean,ALLOW
1039.76,0.2491517961025238,0.3414861532354979,suspicious_device,REVIEW
2140.66,0.2756503224372864,0.3685121901645137,suspicious_device,REVIEW
188.99,0.24287642538547516,0.34178969028447537,suspicious_device,REVIEW
910.63,0.2132488191127777,0.34045398309290625,velocity_abuse,REVIEW
157.12,0.1018507331609726,0.4257293044156487,Clean,ALLOW
82.83,0.24060210585594177,0.34767202940031317,suspicious_device,REVIEW
417.69,0.7818897366523743,0.4480076469502841,account_takeover,BLOCK
131.54,0.15465840697288513,0.33584464623073346,Clean,ALLOW
596.4,0.1513405442237854,0.3560522276777473,Clean,ALLOW
317.19,0.17247015237808228,0.3323418580423201,Clean,ALLOW
631.18,0.20271939039230347,0.36771752267201097,velocity_abuse,REVIEW
696.42,0.5397727489471436,0.4054458175635559,suspicious_device,REVIEW
782.02,0.247378408908844,0.3662259724405882,unusual_amount,REVIEW
52.79,0.18391744792461395,0.3485033481350303,Clean,ALLOW
515.91,0.1790672242641449,0.36590722715071944,Clean,ALLOW
272.95,0.1962457299232483,0.34640199797591326,Clean,ALLOW
106.1,0.2242133468389511,0.3571120601056384,velocity_abuse,REVIEW
166.49,0.19151777029037476,0.35062549557251926,Clean,ALLOW
371.15,0.3736768066883087,0.38023061947942005,velocity_abuse,REVIEW
152.2,0.17466117441654205,0.3639398470767389,Clean,ALLOW
257.58,0.2452513873577118,0.33987678629616025,velocity_abuse,REVIEW
234.5,0.2660543620586395,0.37502268609010847,unusual_amount,REVIEW
239.31,0.23380619287490845,0.33656098807351054,velocity_abuse,REVIEW
122.33,0.1884632557630539,0.3439055557090248,Clean,ALLOW
686.4,0.2925110459327698,0.40718125326087207,suspicious_device,REVIEW
680.15,0.22940774261951447,0.39242369701371177,suspicious_device,REVIEW
1181.05,0.6291472911834717,0.4317453626252254,account_takeover,REVIEW
117.44,0.21680417656898499,0.3578951110913398,suspicious_device,REVIEW
170.72,0.21411588788032532,0.3439924680890913,suspicious_device,REVIEW
1101.22,0.2632705569267273,0.3810607493086404,velocity_abuse,REVIEW
382.18,0.1786678284406662,0.40284448471159406,Clean,ALLOW
337.42,0.1770051270723343,0.33894266173885157,Clean,ALLOW
238.43,0.229042649269104,0.3785980401425434,suspicious_device,REVIEW
354.7,0.24686555564403534,0.35928886028652035,suspicious_device,REVIEW
79.99,0.33660435676574707,0.3706070118268261,unusual_amount,REVIEW
480.19,0.18713964521884918,0.3439713092400308,Clean,ALLOW
1808.27,0.3042742609977722,0.3734227967525742,suspicious_device,REVIEW
180.98,0.6663945913314819,0.5037911683017965,account_takeover,REVIEW
524.51,0.22727885842323303,0.39747232465620175,velocity_abuse,REVIEW
1663.58,0.3251010477542877,0.4195967669296017,unusual_amount,REVIEW
302.03,0.18968474864959717,0.4111493841815949,Clean,ALLOW
446.82,0.18684589862823486,0.3763303134137584,Clean,ALLOW
489.3,0.2136889398097992,0.36131014209031603,velocity_abuse,REVIEW
569.73,0.24592384696006775,0.40821923498051665,velocity_abuse,REVIEW
624.51,0.17718298733234406,0.3872760213453028,Clean,ALLOW
359.0,0.38800910115242004,0.4213544716967873,suspicious_device,REVIEW
836.69,0.23386681079864502,0.37475286306599154,suspicious_device,REVIEW
138.93,0.18406741321086884,0.3718799064337113,Clean,ALLOW
491.05,0.24915629625320435,0.39957434483101156,velocity_abuse,REVIEW
257.13,0.30371949076652527,0.37925275358624294,velocity_abuse,REVIEW
516.77,0.2108522206544876,0.41595914577930754,velocity_abuse,REVIEW
401.53,0.7523958683013916,0.4484562214571306,account_takeover,BLOCK
77.17,0.37394553422927856,0.36069678746334444,velocity_abuse,REVIEW
94.0,0.23178118467330933,0.452794988778398,velocity_abuse,REVIEW
373.3,0.4422202706336975,0.41664557698090265,suspicious_device,REVIEW
157.24,0.3036578297615051,0.40445627962310376,suspicious_device,REVIEW
343.3,0.24655376374721527,0.40125042117550225,velocity_abuse,REVIEW
150.11,0.14759822189807892,0.36899499954393844,Clean,ALLOW
265.27,0.356654554605484,0.38892495828946777,velocity_abuse,REVIEW
1297.96,0.26493552327156067,0.38299755620741704,suspicious_device,REVIEW
973.66,0.29926571249961853,0.3834274275530106,suspicious_device,REVIEW
960.73,0.26803097128868103,0.4086898134386629,velocity_abuse,REVIEW
508.64,0.17709830403327942,0.3868841732100826,Clean,ALLOW
362.99,0.1875971555709839,0.37426103965224894,Clean,ALLOW
1902.94,0.25173628330230713,0.4012707921866093,suspicious_device,REVIEW
76.09,0.4530330002307892,0.4350823627718821,unusual_amount,REVIEW
653.88,0.2255663126707077,0.37576164793513583,velocity_abuse,REVIEW
324.36,0.18293075263500214,0.45100228100612555,Clean,ALLOW
2228.2,0.3129355013370514,0.4147562664558839,unusual_amount,REVIEW
2058.28,0.3373667299747467,0.40895903922085153,unusual_amount,REVIEW
1136.41,0.2263573855161667,0.38722020413878244,suspicious_device,REVIEW
262.37,0.2205640822649002,0.37613266644879484,suspicious_device,REVIEW
183.7,0.2015208750963211,0.3638106187802305,suspicious_device,REVIEW
543.9,0.21437585353851318,0.3704769019621141,velocity_abuse,REVIEW
458.95,0.23960517346858978,0.3765464245255765,suspicious_device,REVIEW
195.31,0.21888227760791779,0.3672339503831354,suspicious_device,REVIEW
657.37,0.1944611817598343,0.3673965101502094,Clean,ALLOW
383.67,0.2260212004184723,0.40591083176034753,velocity_abuse,REVIEW
506.69,0.12846052646636963,0.3983595545499003,Clean,ALLOW
1834.78,0.21436317265033722,0.4149708469671308,suspicious_device,REVIEW
128.91,0.18947084248065948,0.39417698125006284,Clean,ALLOW
266.74,0.19532369077205658,0.3760267192652394,Clean,ALLOW
1276.08,0.24467939138412476,0.391136623552645,suspicious_device,REVIEW
1077.65,0.26685893535614014,0.413920954484581,velocity_abuse,REVIEW
351.19,0.18726974725723267,0.3945179619935992,Clean,ALLOW
231.79,0.22694392502307892,0.42309345152113625,velocity_abuse,REVIEW
179.23,0.23353871703147888,0.3982616927346372,suspicious_device,REVIEW
130.65,0.18787842988967896,0.4031154309032627,Clean,ALLOW
214.96,0.1690421998500824,0.4446675483253456,Clean,ALLOW
475.14,0.26270610094070435,0.4493367940869214,velocity_abuse,REVIEW
840.32,0.22945593297481537,0.34591660818795633,velocity_abuse,REVIEW
364.73,0.18033890426158905,0.36787437117553956,Clean,ALLOW
2620.18,0.2596232295036316,0.3821490586684045,unusual_amount,REVIEW
444.48,0.19923560321331024,0.36134772563338147,Clean,ALLOW
148.72,0.16904911398887634,0.38229001121047257,Clean,ALLOW
433.02,0.12895295023918152,0.3901340471747105,Clean,ALLOW
1095.04,0.29368099570274353,0.3513967377271668,velocity_abuse,REVIEW
724.87,0.15128189325332642,0.4196722187297376,Clean,ALLOW
1034.13,0.30526959896087646,0.36076455272445773,unusual_amount,REVIEW
64.93,0.4574994742870331,0.44967342841440433,unusual_amount,REVIEW
284.94,0.23753398656845093,0.3723237746444353,velocity_abuse,REVIEW
447.96,0.21958763897418976,0.35413621713566185,velocity_abuse,REVIEW
352.6,0.20129138231277466,0.33133736751394877,suspicious_device,REVIEW
1248.08,0.29850199818611145,0.35224777999605117,velocity_abuse,REVIEW
37.41,0.192870631814003,0.3435599380284592,Clean,ALLOW
593.97,0.2586456835269928,0.35153205386388775,velocity_abuse,REVIEW
217.13,0.26412060856819153,0.3428444365728581,velocity_abuse,REVIEW
601.04,0.2250860631465912,0.35094395158184655,velocity_abuse,REVIEW
247.46,0.23376595973968506,0.406745672084037,velocity_abuse,REVIEW
1844.57,0.2799402177333832,0.369792011244659,velocity_abuse,REVIEW
165.57,0.8724768161773682,0.4846489545058467,account_takeover,BLOCK
368.26,0.23864389955997467,0.35272927280833033,velocity_abuse,REVIEW
448.22,0.2501170337200165,0.3678761728032023,velocity_abuse,REVIEW
389.5,0.25066664814949036,0.3570279926926386,suspicious_device,REVIEW
911.59,0.21696163713932037,0.3346532123878025,velocity_abuse,REVIEW
297.68,0.219805046916008,0.33599426618397066,velocity_abuse,REVIEW
232.21,0.2420334666967392,0.3573210346538301,suspicious_device,REVIEW
1344.51,0.27039048075675964,0.3435166181871998,suspicious_device,REVIEW
1609.04,0.3882676362991333,0.38163733264589134,velocity_abuse,REVIEW
138.35,0.30450543761253357,0.34034475594611296,velocity_abuse,REVIEW
445.53,0.18000924587249756,0.35143083574709066,Clean,ALLOW
427.28,0.15674148499965668,0.42783353123379736,Clean,ALLOW
170.25,0.26185670495033264,0.3445394878834284,suspicious_device,REVIEW
1238.82,0.30930694937705994,0.36156407221842085,velocity_abuse,REVIEW
250.11,0.20667387545108795,0.33397388710451187,suspicious_device,REVIEW
89.04,0.3764260709285736,0.36734512044902845,velocity_abuse,REVIEW
187.27,0.2487177550792694,0.3381038175723984,suspicious_device,REVIEW
654.27,0.22464029490947723,0.34375029088027453,suspicious_device,REVIEW
3288.24,0.3197181522846222,0.3792837920505101,unusual_amount,REVIEW
695.24,0.19753912091255188,0.345780045965056,Clean,ALLOW
206.23,0.3404904901981354,0.3848123434567184,unusual_amount,REVIEW
870.57,0.258671373128891,0.34385185165257137,velocity_abuse,REVIEW
401.43,0.2244335561990738,0.34817882420885976,velocity_abuse,REVIEW
418.85,0.20048826932907104,0.3399421286778286,velocity_abuse,REVIEW
318.7,0.2819059491157532,0.3473516761076029,suspicious_device,REVIEW
304.65,0.25705868005752563,0.3535547740967038,velocity_abuse,REVIEW
300.76,0.6164995431900024,0.39661988698564954,suspicious_device,REVIEW
791.44,0.262649267911911,0.3363759527691738,velocity_abuse,REVIEW
256.2,0.2528096139431,0.34452220283913065,velocity_abuse,REVIEW
1013.32,0.43957409262657166,0.42988704435901487,velocity_abuse,REVIEW
810.81,0.29203125834465027,0.34823108622887006,suspicious_device,REVIEW
1239.92,0.5391331911087036,0.42806795690408556,account_takeover,REVIEW
323.62,0.30718541145324707,0.423669210905455,velocity_abuse,REVIEW
337.91,0.15457698702812195,0.3443526381939945,Clean,ALLOW
634.56,0.32508406043052673,0.41222643809624954,velocity_abuse,REVIEW
316.94,0.17314817011356354,0.3715946200474885,Clean,ALLOW
262.32,0.27876800298690796,0.3760404195062772,velocity_abuse,REVIEW
192.54,0.25829511880874634,0.33828821890847155,suspicious_device,REVIEW
513.91,0.27183037996292114,0.36951087818861295,velocity_abuse,REVIEW
1590.62,0.2392716109752655,0.3554630217330429,suspicious_device,REVIEW
368.55,0.1799122840166092,0.3524462465444529,Clean,ALLOW
883.81,0.21268858015537262,0.3513272712960487,velocity_abuse,REVIEW
180.74,0.3584211766719818,0.385752410359479,suspicious_device,REVIEW
237.72,0.7697955369949341,0.4512412478334706,suspicious_device,BLOCK
80.78,0.34545767307281494,0.3650978219494102,velocity_abuse,REVIEW
169.81,0.2619011104106903,0.36454516813313154,suspicious_device,REVIEW
285.38,0.19739080965518951,0.3351850324586601,Clean,ALLOW
387.74,0.33957740664482117,0.3720102437763499,suspicious_device,REVIEW
152.77,0.20046763122081757,0.3495981200030965,suspicious_device,REVIEW
1124.12,0.25848376750946045,0.34850936658276493,velocity_abuse,REVIEW
135.66,0.343377023935318,0.37906385456325487,unusual_amount,REVIEW
1023.42,0.26656460762023926,0.3431761260077091,unusual_amount,REVIEW
613.35,0.211088165640831,0.3306907398351721,suspicious_device,REVIEW
538.41,0.20493291318416595,0.3291832636492413,velocity_abuse,REVIEW
97.51,0.2890438139438629,0.3658136004398289,velocity_abuse,REVIEW
330.26,0.1679432988166809,0.36293159633202093,Clean,ALLOW
114.06,0.6914927959442139,0.391468637777369,suspicious_device,REVIEW
196.29,0.23525193333625793,0.3400088252060484,suspicious_device,REVIEW
454.46,0.35480135679244995,0.3806598984081867,velocity_abuse,REVIEW
56.54,0.329315721988678,0.33892352805195114,velocity_abuse,REVIEW
331.1,0.17021982371807098,0.36218106025857705,Clean,ALLOW
355.11,0.29055365920066833,0.36909202029112353,suspicious_device,REVIEW
503.28,0.23696139454841614,0.4164971528702601,suspicious_device,REVIEW
94.94,0.3455054461956024,0.398148758393539,velocity_abuse,REVIEW
450.12,0.22110101580619812,0.3441404280243197,suspicious_device,REVIEW
439.84,0.6659822463989258,0.434493626414975,account_takeover,REVIEW
618.37,0.2766866981983185,0.3578982918840278,suspicious_device,REVIEW
343.8,0.17891542613506317,0.3508765066640891,Clean,ALLOW
974.4,0.2966536283493042,0.37209312449734067,velocity_abuse,REVIEW
401.38,0.2572116255760193,0.346183391458756,suspicious_device,REVIEW
582.45,0.34974122047424316,0.3934243555394684,suspicious_device,REVIEW
555.76,0.2601158916950226,0.3730046330663517,suspicious_device,REVIEW
496.0,0.3592487871646881,0.3748607380413516,velocity_abuse,REVIEW
85.82,0.5297437906265259,0.3915778441431307,velocity_abuse,REVIEW
182.92,0.18661582469940186,0.41427917660259184,Clean,ALLOW
140.3,0.196793332695961,0.3874301709599863,Clean,ALLOW
1528.42,0.24288874864578247,0.34957348846220404,suspicious_device,REVIEW
643.86,0.1496625542640686,0.3980750964029594,Clean,ALLOW
1588.53,0.3191750645637512,0.35214156374224037,suspicious_device,REVIEW
349.74,0.25368595123291016,0.34425860761823723,suspicious_device,REVIEW
344.1,0.1907070428133011,0.3484297638645538,Clean,ALLOW
149.86,0.17302121222019196,0.3544324846649131,Clean,ALLOW
163.66,0.2020515501499176,0.3961157839148314,suspicious_device,REVIEW
893.45,0.24407151341438293,0.37416970642743774,account_takeover,REVIEW
46.74,0.2762996554374695,0.36507337095287246,velocity_abuse,REVIEW
367.73,0.19988487660884857,0.3900892676419573,Clean,ALLOW
656.52,0.17944058775901794,0.3726356049457984,Clean,ALLOW
838.32,0.20135177671909332,0.3408051928211807,suspicious_device,REVIEW
858.18,0.26332664489746094,0.3940480594768519,velocity_abuse,REVIEW
1793.27,0.2393876612186432,0.3558912413043865,unusual_amount,REVIEW
702.63,0.2770490050315857,0.45299142495060957,velocity_abuse,REVIEW
298.36,0.6737779974937439,0.4499666030760745,account_takeover,REVIEW
1266.98,0.28133681416511536,0.3580097319410287,velocity_abuse,REVIEW
686.07,0.2293645143508911,0.35875576644288415,velocity_abuse,REVIEW
335.59,0.18597693741321564,0.34157176398770295,Clean,ALLOW
168.58,0.24145309627056122,0.3884857986618926,velocity_abuse,REVIEW
179.7,0.3029994070529938,0.3494851558993125,suspicious_device,REVIEW
225.75,0.22840772569179535,0.3472808859632355,suspicious_device,REVIEW
775.64,0.5354903340339661,0.42230978358986837,account_takeover,REVIEW
98.69,0.32585668563842773,0.4055320659214142,velocity_abuse,REVIEW
1300.47,0.2630215585231781,0.36151856105768804,velocity_abuse,REVIEW
447.62,0.20365341007709503,0.3423359983001106,velocity_abuse,REVIEW
180.56,0.26464420557022095,0.34679041331081123,suspicious_device,REVIEW
117.13,0.2316453456878662,0.350640040971522,suspicious_device,REVIEW
1156.23,0.25125789642333984,0.3556265745131155,velocity_abuse,REVIEW
807.8,0.22986432909965515,0.339106265299076,velocity_abuse,REVIEW
488.74,0.1825140118598938,0.3747475572421273,Clean,ALLOW
252.91,0.24440217018127441,0.34711806977891363,velocity_abuse,REVIEW
210.32,0.28412768244743347,0.378368763442986,velocity_abuse,REVIEW
49.03,0.2929045855998993,0.3816341878572199,velocity_abuse,REVIEW
1292.15,0.2509775161743164,0.36292994245857635,suspicious_device,REVIEW
706.35,0.24520952999591827,0.3663357629001652,velocity_abuse,REVIEW
195.72,0.219447061419487,0.3882559355188036,suspicious_device,REVIEW
295.18,0.21119210124015808,0.34563913509982175,suspicious_device,REVIEW
342.88,0.13221806287765503,0.4109235816469677,Clean,ALLOW
604.35,0.23770810663700104,0.3707177937995608,velocity_abuse,REVIEW
175.66,0.22462783753871918,0.36561060371330345,suspicious_device,REVIEW
128.09,0.21295280754566193,0.37757517552508396,suspicious_device,REVIEW
600.94,0.2296837419271469,0.37894141836030704,suspicious_device,REVIEW
775.57,0.1401221752166748,0.4027831956643116,Clean,ALLOW
720.84,0.28623539209365845,0.43716314732985134,velocity_abuse,REVIEW
1000.88,0.21622905135154724,0.4020703632628962,velocity_abuse,REVIEW
377.6,0.22498205304145813,0.3841728213647211,suspicious_device,REVIEW
158.2,0.13994891941547394,0.45301234437466253,Clean,ALLOW
1098.69,0.24244515597820282,0.41409244106653037,suspicious_device,REVIEW
1057.71,0.3497046232223511,0.4238103537937996,suspicious_device,REVIEW
564.42,0.40074223279953003,0.42330049710224776,velocity_abuse,REVIEW
811.71,0.2261343151330948,0.3853816567250152,velocity_abuse,REVIEW
438.69,0.19556324183940887,0.38723051392616936,Clean,ALLOW
1355.01,0.7938187122344971,0.47303480625157857,account_takeover,BLOCK
247.97,0.2073504477739334,0.35594754287732877,suspicious_device,REVIEW
222.61,0.210887148976326,0.3813710596297389,suspicious_device,REVIEW
289.26,0.2528124749660492,0.3767918752764622,velocity_abuse,REVIEW
116.5,0.18088193237781525,0.39160622352769275,Clean,ALLOW
5185.54,0.6872115731239319,0.4274182612838421,unusual_amount,REVIEW
166.5,0.2725943624973297,0.4030954439238508,suspicious_device,REVIEW
174.26,0.30423587560653687,0.40678915720601944,suspicious_device,REVIEW
460.55,0.18137529492378235,0.36729999942378194,Clean,ALLOW
360.08,0.2570711374282837,0.374857206727643,suspicious_device,REVIEW
110.8,0.24810956418514252,0.36124063065609563,velocity_abuse,REVIEW
323.79,0.2267659604549408,0.3837920426979625,suspicious_device,REVIEW
320.52,0.2625565826892853,0.38928692734610965,velocity_abuse,REVIEW
182.18,0.2280762493610382,0.3553487397606087,suspicious_device,REVIEW
690.16,0.7189332842826843,0.49786057376712123,account_takeover,REVIEW
3147.03,0.5246067047119141,0.47452954204076786,unusual_amount,REVIEW
783.62,0.1893637329339981,0.4280842059274925,Clean,ALLOW
269.09,0.26506859064102173,0.4038493788344519,velocity_abuse,REVIEW
394.32,0.22981248795986176,0.4310607497996647,suspicious_device,REVIEW
881.67,0.29309484362602234,0.4103178361739207,velocity_abuse,REVIEW
453.23,0.22579620778560638,0.4021309154707894,velocity_abuse,REVIEW
238.47,0.2072867751121521,0.39097041660868925,velocity_abuse,REVIEW
1091.42,0.44393986463546753,0.40621342396696264,velocity_abuse,REVIEW
419.73,0.3477337658405304,0.4011336755099331,suspicious_device,REVIEW
2061.68,0.32001563906669617,0.42682955360148306,velocity_abuse,REVIEW
349.34,0.38029155135154724,0.430917343403538,account_takeover,REVIEW
615.51,0.20008796453475952,0.39363607402759854,velocity_abuse,REVIEW
438.53,0.22514235973358154,0.38599811488283375,velocity_abuse,REVIEW
229.81,0.19670674204826355,0.3710890990771508,Clean,ALLOW
243.02,0.22291521728038788,0.39306062309666256,velocity_abuse,REVIEW
636.48,0.3655809164047241,0.40335007233805903,velocity_abuse,REVIEW
1180.65,0.2563193142414093,0.38734335808799564,suspicious_device,REVIEW
678.01,0.18719150125980377,0.4342349274574858,Clean,ALLOW
144.49,0.1435146927833557,0.38120858593383494,Clean,ALLOW
679.46,0.37330737709999084,0.39782038197937913,velocity_abuse,REVIEW
36.07,0.1418684720993042,0.4192779643848655,Clean,ALLOW
526.13,0.1978374868631363,0.36368826133264587,Clean,ALLOW
535.43,0.3321141004562378,0.4073113442038598,suspicious_device,REVIEW
92.23,0.29727622866630554,0.3819976940695401,velocity_abuse,REVIEW
197.9,0.21148896217346191,0.3768546455513114,suspicious_device,REVIEW
315.91,0.20192940533161163,0.37489048999408303,suspicious_device,REVIEW
687.02,0.20655572414398193,0.37359180337285813,suspicious_device,REVIEW
1116.12,0.26003673672676086,0.39821437515865327,suspicious_device,REVIEW
455.5,0.19236624240875244,0.3604907427218033,Clean,ALLOW
132.54,0.1762833297252655,0.4027172068329011,Clean,ALLOW
141.55,0.17537565529346466,0.3920638033264033,Clean,ALLOW
188.71,0.22084522247314453,0.37112339610924844,suspicious_device,REVIEW
183.41,0.3267024755477905,0.49741137398500307,velocity_abuse,REVIEW
301.39,0.256653368473053,0.3773881999850298,velocity_abuse,REVIEW
93.2,0.36885249614715576,0.3753803002885746,velocity_abuse,REVIEW
456.57,0.1771279275417328,0.3801484542699583,Clean,ALLOW
361.38,0.19354066252708435,0.3638617115177301,Clean,ALLOW
409.52,0.21601007878780365,0.40348608325401025,velocity_abuse,REVIEW
569.18,0.18048453330993652,0.3758427219051793,Clean,ALLOW
877.08,0.18181540071964264,0.43775998433564606,Clean,ALLOW
127.51,0.18551847338676453,0.37311326937757905,Clean,ALLOW
293.88,0.20566850900650024,0.3737954195145938,velocity_abuse,REVIEW
769.69,0.3357323408126831,0.4282426934078916,suspicious_device,REVIEW
165.0,0.1890350729227066,0.3785050481993099,Clean,ALLOW
1256.32,0.24986501038074493,0.3950407349349543,suspicious_device,REVIEW
467.41,0.5040422081947327,0.4297976596355069,suspicious_device,REVIEW
2034.4,0.21699221432209015,0.45275530040254386,velocity_abuse,REVIEW
60.45,0.360634446144104,0.44802118804502084,velocity_abuse,REVIEW
801.82,0.18025659024715424,0.4422845139511381,Clean,ALLOW
816.19,0.2216479331254959,0.4047895687209677,velocity_abuse,REVIEW
289.63,0.40248042345046997,0.4992728865636055,velocity_abuse,REVIEW
130.43,0.4368605315685272,0.42647858673666417,suspicious_device,REVIEW
204.91,0.19761335849761963,0.41435455812950683,Clean,ALLOW
160.38,0.802789568901062,0.4431382718007506,account_takeover,BLOCK
303.71,0.235532745718956,0.38420064462524095,velocity_abuse,REVIEW
284.23,0.23011548817157745,0.3871485130129596,velocity_abuse,REVIEW
337.18,0.2471790909767151,0.3982657183816275,velocity_abuse,REVIEW
872.35,0.2818090319633484,0.3525599911947791,velocity_abuse,REVIEW
440.83,0.4065241515636444,0.39370831157473285,velocity_abuse,REVIEW
250.06,0.17289914190769196,0.36167462963609043,Clean,ALLOW
111.54,0.334021657705307,0.34347573630243183,velocity_abuse,REVIEW
1021.1,0.29202109575271606,0.3535357979887427,velocity_abuse,REVIEW
175.78,0.2654798924922943,0.3429804236589742,velocity_abuse,REVIEW
201.01,0.23330415785312653,0.34675169885145235,velocity_abuse,REVIEW
655.62,0.22041627764701843,0.4334135717701933,velocity_abuse,REVIEW
566.31,0.1841636300086975,0.35898202001491947,Clean,ALLOW
951.32,0.24221226572990417,0.3884959489351603,unusual_amount,REVIEW
717.68,0.3018181025981903,0.38415893282499847,velocity_abuse,REVIEW
211.01,0.1978955715894699,0.4385178336590759,Clean,ALLOW
173.05,0.21790289878845215,0.36605938582453423,velocity_abuse,REVIEW
452.69,0.1432858109474182,0.36790654486819857,Clean,ALLOW
133.99,0.22150848805904388,0.3472253373864885,velocity_abuse,REVIEW
1132.14,0.28277167677879333,0.356400985647635,velocity_abuse,REVIEW
203.04,0.3775869607925415,0.40616556809356313,unusual_amount,REVIEW
191.07,0.2864496409893036,0.36054921719021077,velocity_abuse,REVIEW
826.95,0.3120422959327698,0.37411148032573643,unusual_amount,REVIEW
1667.09,0.2960376441478729,0.37493966195526973,suspicious_device,REVIEW
238.08,0.17813096940517426,0.42130055797318366,Clean,ALLOW
4405.16,0.46932563185691833,0.40197557735048633,unusual_amount,REVIEW
61.24,0.4363454580307007,0.3745491618910787,velocity_abuse,REVIEW
1285.55,0.21919435262680054,0.373041291983719,velocity_abuse,REVIEW
185.21,0.22663450241088867,0.3928729219581003,suspicious_device,REVIEW
312.68,0.39036351442337036,0.45697560965699,velocity_abuse,REVIEW
2784.24,0.2775036692619324,0.3722478155794449,unusual_amount,REVIEW
252.62,0.2491895705461502,0.42068741288898176,velocity_abuse,REVIEW
497.07,0.22654855251312256,0.4510767435747598,velocity_abuse,REVIEW
330.41,0.2150966376066208,0.3767626632244548,velocity_abuse,REVIEW
516.41,0.2232184261083603,0.3481656187189607,suspicious_device,REVIEW
133.92,0.3006506562232971,0.37138216052495054,suspicious_device,REVIEW
508.68,0.2212967723608017,0.33949383536053124,velocity_abuse,REVIEW
1053.59,0.2966066002845764,0.35651789594114813,velocity_abuse,REVIEW
159.19,0.23240125179290771,0.33999503149149685,suspicious_device,REVIEW
537.38,0.38526099920272827,0.38674669296708686,suspicious_device,REVIEW
127.28,0.29020702838897705,0.3951706420166499,suspicious_device,REVIEW
377.23,0.32829853892326355,0.36714038259880183,suspicious_device,REVIEW
424.7,0.19117604196071625,0.32962155967735707,Clean,ALLOW
610.98,0.39621099829673767,0.4207423678202612,velocity_abuse,REVIEW
391.33,0.280923992395401,0.34899541061067363,velocity_abuse,REVIEW
228.17,0.2519826889038086,0.34630720250487096,velocity_abuse,REVIEW
1202.0,0.2951943576335907,0.3650335399682454,suspicious_device,REVIEW
712.75,0.6801906824111938,0.4504325002197156,suspicious_device,REVIEW
531.43,0.23263634741306305,0.34122103099256273,velocity_abuse,REVIEW
329.77,0.33241021633148193,0.3847623315315571,suspicious_device,REVIEW
238.91,0.31518349051475525,0.4137488301911685,velocity_abuse,REVIEW
3283.6,0.2897507846355438,0.3707910802244275,unusual_amount,REVIEW
1795.6,0.23183980584144592,0.4449328302581442,velocity_abuse,REVIEW
144.88,0.2047778069972992,0.3605374238297457,suspicious_device,REVIEW
3115.99,0.2989140450954437,0.38725291404083223,unusual_amount,REVIEW
406.3,0.23242981731891632,0.3384827013773237,suspicious_device,REVIEW
620.8,0.7314609289169312,0.4420536433074551,account_takeover,REVIEW
528.29,0.37344980239868164,0.3889334375352546,suspicious_device,REVIEW
575.75,0.19990019500255585,0.34910379543170056,Clean,ALLOW
776.23,0.4129495620727539,0.4076113383103213,suspicious_device,REVIEW
686.18,0.33004188537597656,0.3774298064066071,velocity_abuse,REVIEW
653.5,0.600421667098999,0.43306437405992293,account_takeover,REVIEW
122.08,0.29331478476524353,0.38408872152949347,velocity_abuse,REVIEW
296.85,0.19817210733890533,0.34880616766372274,Clean,ALLOW
1545.7,0.3311519920825958,0.36403600961179644,suspicious_device,REVIEW
457.48,0.21524493396282196,0.3544084598021011,velocity_abuse,REVIEW
4089.17,0.28700128197669983,0.4449725457406685,unusual_amount,REVIEW
448.43,0.2111629694700241,0.3381660998193154,velocity_abuse,REVIEW
251.24,0.34482768177986145,0.37179903517760304,velocity_abuse,REVIEW
2068.32,0.2130633145570755,0.37992908864641056,suspicious_device,REVIEW
224.12,0.26591625809669495,0.3430187460488518,velocity_abuse,REVIEW
139.73,0.38223323225975037,0.34754368748027115,suspicious_device,REVIEW
58.31,0.3851703405380249,0.36358285762104675,velocity_abuse,REVIEW
147.18,0.18000857532024384,0.4020287912383668,Clean,ALLOW
226.26,0.25262290239334106,0.3923254914190952,velocity_abuse,REVIEW
918.61,0.24825996160507202,0.3543481410902898,suspicious_device,REVIEW
118.76,0.2831776440143585,0.3499038741370444,suspicious_device,REVIEW
1310.93,0.3187049329280853,0.3674797336222545,velocity_abuse,REVIEW
1582.73,0.26542407274246216,0.3519887391789893,suspicious_device,REVIEW
115.79,0.762209415435791,0.39321450922436074,suspicious_device,BLOCK
201.89,0.2804083526134491,0.3403458089207968,velocity_abuse,REVIEW
342.23,0.19293212890625,0.3306323251527563,Clean,ALLOW
521.21,0.19040800631046295,0.3417369379070805,Clean,ALLOW
359.13,0.22507725656032562,0.3597554773087138,suspicious_device,REVIEW
98.15,0.18578925728797913,0.3493719521280384,Clean,ALLOW
1381.73,0.5641816258430481,0.4177782535969229,suspicious_device,REVIEW
385.08,0.22740745544433594,0.3379287019142879,suspicious_device,REVIEW
1815.06,0.24380923807621002,0.3625766274411751,unusual_amount,REVIEW
1293.16,0.2911040186882019,0.3577225094946197,suspicious_device,REVIEW
319.44,0.2283949851989746,0.3798796667486755,velocity_abuse,REVIEW
469.56,0.19050303101539612,0.38042986356536385,Clean,ALLOW
130.19,0.26292863488197327,0.3681032482874756,velocity_abuse,REVIEW
1154.13,0.5065234303474426,0.41439145598402666,velocity_abuse,REVIEW
328.0,0.3275164067745209,0.38235174828800744,velocity_abuse,REVIEW
407.06,0.21200089156627655,0.3642283550780003,velocity_abuse,REVIEW
266.6,0.38468924164772034,0.40971335751824195,velocity_abuse,REVIEW
303.62,0.421095073223114,0.3866200813286975,velocity_abuse,REVIEW
234.96,0.653430163860321,0.40998439603726167,suspicious_device,REVIEW
303.39,0.22709624469280243,0.3369358869301069,velocity_abuse,REVIEW
76.05,0.3473917543888092,0.3529394457784645,velocity_abuse,REVIEW
145.75,0.24208545684814453,0.36132031615650095,suspicious_device,REVIEW
1340.53,0.2760829031467438,0.3545112500756772,suspicious_device,REVIEW
301.62,0.7346608638763428,0.4278043873003694,suspicious_device,REVIEW
1364.57,0.24485789239406586,0.3526129637886203,suspicious_device,REVIEW
600.43,0.17717324197292328,0.34530555816400776,Clean,ALLOW
1641.61,0.31533095240592957,0.38015878386657065,suspicious_device,REVIEW
172.23,0.44120219349861145,0.41648246103831216,velocity_abuse,REVIEW
1834.46,0.2815353274345398,0.36068026053018065,suspicious_device,REVIEW
363.08,0.1786809116601944,0.34043000601259427,Clean,ALLOW
345.82,0.1641131490468979,0.3746819418339653,Clean,ALLOW
1209.82,0.7252905368804932,0.45120060926603706,account_takeover,REVIEW
768.45,0.513504147529602,0.4580585037527363,account_takeover,REVIEW
785.26,0.4056645333766937,0.4007970398877515,velocity_abuse,REVIEW
84.32,0.2954421937465668,0.39115230428699505,velocity_abuse,REVIEW
231.01,0.21961921453475952,0.3348754173544185,suspicious_device,REVIEW
257.43,0.24934279918670654,0.340412707954424,suspicious_device,REVIEW
1043.66,0.4157346785068512,0.38735709763265047,velocity_abuse,REVIEW
141.13,0.2307070940732956,0.3826567728904669,velocity_abuse,REVIEW
561.54,0.18360403180122375,0.33742842066167134,Clean,ALLOW
303.41,0.2069527804851532,0.3893590466804041,velocity_abuse,REVIEW
427.02,0.19420816004276276,0.3586102315349778,Clean,ALLOW
1421.56,0.25860369205474854,0.35513624166996927,unusual_amount,REVIEW
353.23,0.21463339030742645,0.3380879039468308,suspicious_device,REVIEW
475.27,0.1992424726486206,0.344489969899899,Clean,ALLOW
2801.32,0.24457266926765442,0.3849812809240136,suspicious_device,REVIEW
204.74,0.17703819274902344,0.3715556398108787,Clean,ALLOW
228.98,0.20303602516651154,0.3577728051992382,suspicious_device,REVIEW
87.49,0.3079732060432434,0.34220182276674016,suspicious_device,REVIEW
443.72,0.20082500576972961,0.358386388865525,velocity_abuse,REVIEW
376.45,0.20884233713150024,0.3575123062258797,suspicious_device,REVIEW
257.99,0.226434126496315,0.3404753807981436,suspicious_device,REVIEW
4437.93,0.5854058861732483,0.3928329819999161,unusual_amount,REVIEW
736.04,0.24332578480243683,0.3470173684228557,velocity_abuse,REVIEW
2573.72,0.23714275658130646,0.46617796372949116,unusual_amount,REVIEW
270.87,0.8472715020179749,0.49075806552952567,account_takeover,BLOCK
311.68,0.34066036343574524,0.40386285316855186,velocity_abuse,REVIEW
346.87,0.30636706948280334,0.39728127630595805,velocity_abuse,REVIEW
1071.16,0.2523641586303711,0.38826521391447316,velocity_abuse,REVIEW
1108.05,0.32123884558677673,0.37742108197165714,velocity_abuse,REVIEW
238.71,0.34260594844818115,0.36981908788232254,velocity_abuse,REVIEW
429.34,0.44431158900260925,0.4196634002548256,suspicious_device,REVIEW
210.11,0.21449890732765198,0.43090692087927374,unusual_amount,REVIEW
776.16,0.23865585029125214,0.3464615519175369,velocity_abuse,REVIEW
209.64,0.22429890930652618,0.37463887230051207,suspicious_device,REVIEW
1625.34,0.24567380547523499,0.3645842647070864,suspicious_device,REVIEW
478.17,0.2002396136522293,0.34785434431288714,velocity_abuse,REVIEW
131.82,0.22797271609306335,0.37144606624594184,suspicious_device,REVIEW
1122.19,0.2640581429004669,0.35352096158456187,unusual_amount,REVIEW
4833.4,0.7980777621269226,0.39668385349089264,unusual_amount,BLOCK
244.85,0.35125961899757385,0.3977876597646663,suspicious_device,REVIEW
106.1,0.267540842294693,0.36765231923050967,suspicious_device,REVIEW
96.91,0.49694132804870605,0.46772774770189196,velocity_abuse,REVIEW
967.81,0.23691654205322266,0.3551748675210944,unusual_amount,REVIEW
461.8,0.27936437726020813,0.36737527887245186,suspicious_device,REVIEW
165.94,0.19189874827861786,0.3890313368715668,Clean,ALLOW
208.83,0.22795772552490234,0.47017304203852217,unusual_amount,REVIEW
362.81,0.2474137246608734,0.35361450485286394,suspicious_device,REVIEW
80.24,0.5166581869125366,0.4191079089841688,account_takeover,REVIEW
341.88,0.20689085125923157,0.3520392528708183,suspicious_device,REVIEW
133.99,0.13924534618854523,0.3615884709415882,Clean,ALLOW
542.54,0.2087247371673584,0.3458976076950601,velocity_abuse,REVIEW
316.82,0.18667751550674438,0.38096904295366346,Clean,ALLOW
1219.25,0.2667328119277954,0.3618663665462503,suspicious_device,REVIEW
105.15,0.22592368721961975,0.37481276051633633,suspicious_device,REVIEW
695.63,0.5855885744094849,0.4456158847140989,account_takeover,REVIEW
1501.33,0.23868444561958313,0.36657197616919823,suspicious_device,REVIEW
183.7,0.2432580590248108,0.3825405723615926,suspicious_device,REVIEW
314.68,0.6296882033348083,0.43450472746324426,suspicious_device,REVIEW
347.02,0.15246470272541046,0.3574161182555839,Clean,ALLOW
1141.42,0.20586059987545013,0.3960578099756481,suspicious_device,REVIEW
1471.97,0.29967859387397766,0.4705421015729644,velocity_abuse,REVIEW
191.51,0.1718313992023468,0.38526049929220424,Clean,ALLOW
502.25,0.20167826116085052,0.38484463068766606,unusual_amount,REVIEW
1268.52,0.2578801214694977,0.3743260596406495,velocity_abuse,REVIEW
89.45,0.3756551742553711,0.422260225733032,suspicious_device,REVIEW
305.69,0.22505934536457062,0.36677088525714285,suspicious_device,REVIEW
682.47,0.4184582233428955,0.4324898976995604,velocity_abuse,REVIEW
624.11,0.784267008304596,0.5174636597627301,account_takeover,BLOCK
196.61,0.5798371434211731,0.4296411971187048,suspicious_device,REVIEW
180.46,0.21721482276916504,0.39107932424074415,suspicious_device,REVIEW
55.23,0.6450852155685425,0.41346450717716204,velocity_abuse,REVIEW
869.12,0.31633588671684265,0.38467013290404817,suspicious_device,REVIEW
414.27,0.2594408094882965,0.39000838030620927,suspicious_device,REVIEW
327.51,0.37680622935295105,0.4057934510675618,velocity_abuse,REVIEW
148.19,0.15391620993614197,0.41546833493161156,Clean,ALLOW
365.0,0.1976553052663803,0.3978636486041474,Clean,ALLOW
184.76,0.19541746377944946,0.3998689890851124,Clean,ALLOW
435.93,0.19734688103199005,0.394120566080977,Clean,ALLOW
410.87,0.20602832734584808,0.3757561559744996,suspicious_device,REVIEW
394.01,0.3742408752441406,0.4304934365547976,velocity_abuse,REVIEW
474.12,0.3726827800273895,0.47828242697169837,account_takeover,REVIEW
380.76,0.6301052570343018,0.473562661932194,account_takeover,REVIEW
129.6,0.32521992921829224,0.4147766569091648,suspicious_device,REVIEW
681.26,0.24155831336975098,0.3848859339231327,suspicious_device,REVIEW
227.52,0.24007482826709747,0.37284614900760443,suspicious_device,REVIEW
545.47,0.6099936366081238,0.4527779905973582,suspicious_device,REVIEW
289.21,0.2612445056438446,0.41587185608090627,velocity_abuse,REVIEW
247.63,0.23573562502861023,0.3617857325170308,suspicious_device,REVIEW
274.82,0.3626886308193207,0.40649188423224264,velocity_abuse,REVIEW
94.78,0.2724962532520294,0.37753912710704485,velocity_abuse,REVIEW
279.03,0.13461236655712128,0.3876939020606655,Clean,ALLOW
879.38,0.19048307836055756,0.42008435424119356,Clean,ALLOW
363.43,0.21059401333332062,0.4238009702835833,velocity_abuse,REVIEW
1102.73,0.8150262832641602,0.4811657073438462,account_takeover,BLOCK
207.28,0.23193831741809845,0.39727629391732777,velocity_abuse,REVIEW
2289.34,0.24412541091442108,0.3969124503485815,suspicious_device,REVIEW
1787.25,0.49659910798072815,0.4857600338710398,account_takeover,REVIEW
175.94,0.19188524782657623,0.41052212036209085,Clean,ALLOW
175.33,0.39006444811820984,0.412724057254424,suspicious_device,REVIEW
467.3,0.6543020009994507,0.4365127160382371,account_takeover,REVIEW
135.89,0.3196452558040619,0.4137416393421475,suspicious_device,REVIEW
713.75,0.7451653480529785,0.53040611474444,account_takeover,REVIEW
382.49,0.17980259656906128,0.3905605053142189,Clean,ALLOW
660.85,0.448432981967926,0.454855144389465,velocity_abuse,REVIEW
137.33,0.22079244256019592,0.4201908389882393,suspicious_device,REVIEW
329.37,0.20941807329654694,0.3724313680734997,suspicious_device,REVIEW
96.97,0.23108164966106415,0.45679818470799277,suspicious_device,REVIEW
1737.55,0.308525025844574,0.4023145491290016,suspicious_device,REVIEW
175.01,0.23772533237934113,0.38853309510237605,suspicious_device,REVIEW
987.36,0.24638821184635162,0.4404054837212489,suspicious_device,REVIEW
479.34,0.17500054836273193,0.3964295778918319,Clean,ALLOW
215.19,0.21118581295013428,0.3586190693875809,suspicious_device,REVIEW
78.4,0.6481963396072388,0.435841223365164,account_takeover,REVIEW
674.6,0.5770702958106995,0.43607062944096675,account_takeover,REVIEW
176.39,0.19586487114429474,0.4082421303787064,Clean,ALLOW
387.46,0.23197126388549805,0.3793535794878059,suspicious_device,REVIEW
78.75,0.3094887137413025,0.3867469137181076,suspicious_device,REVIEW
213.89,0.23640862107276917,0.3671123710700241,suspicious_device,REVIEW
991.96,0.6596963405609131,0.4872898858064657,account_takeover,REVIEW
202.27,0.2338716685771942,0.38958494186732157,suspicious_device,REVIEW
158.18,0.17567293345928192,0.38997835450142726,Clean,ALLOW
171.29,0.21889205276966095,0.39916766245850444,suspicious_device,REVIEW
191.12,0.27780041098594666,0.3762398889176811,suspicious_device,REVIEW
205.73,0.18725766241550446,0.37980088083822466,Clean,ALLOW
213.82,0.690407931804657,0.4550764569062435,suspicious_device,REVIEW
467.52,0.3641909062862396,0.40742229257113355,velocity_abuse,REVIEW
313.11,0.7889297604560852,0.49788995818546805,suspicious_device,BLOCK
126.62,0.14117103815078735,0.44027161190838787,Clean,ALLOW
2531.45,0.25941482186317444,0.3950959014454863,suspicious_device,REVIEW
50.52,0.13700518012046814,0.3998891340155156,Clean,ALLOW
319.75,0.49982744455337524,0.4447248392324286,suspicious_device,REVIEW
393.72,0.5372753143310547,0.49032669341369495,account_takeover,REVIEW
79.15,0.1984400600194931,0.43261182253600106,Clean,ALLOW
71.27,0.4195280969142914,0.467310413036945,account_takeover,REVIEW
150.36,0.0958891436457634,0.4618574508722878,Clean,ALLOW
6951.06,0.882914125919342,0.48174588399733864,unusual_amount,BLOCK
674.92,0.31758853793144226,0.4238616609760481,velocity_abuse,REVIEW
158.82,0.7162609696388245,0.5159335705460898,account_takeover,REVIEW
1132.63,0.3638017773628235,0.4512807231490889,velocity_abuse,REVIEW
589.57,0.20679818093776703,0.40325733742955233,suspicious_device,REVIEW
183.11,0.2343321144580841,0.4274466003058055,velocity_abuse,REVIEW
687.96,0.5894253253936768,0.4598350142424666,account_takeover,REVIEW
137.12,0.3275265395641327,0.4334911668321692,velocity_abuse,REVIEW
171.07,0.4994884133338928,0.44025489219405545,velocity_abuse,REVIEW
286.39,0.21881122887134552,0.3870043357265584,velocity_abuse,REVIEW
373.04,0.20675471425056458,0.3801036432886768,suspicious_device,REVIEW
380.98,0.2988309860229492,0.3784006050131704,velocity_abuse,REVIEW
272.86,0.41550326347351074,0.4116837281659579,unusual_amount,REVIEW
280.58,0.2709988057613373,0.39743727790635325,velocity_abuse,REVIEW
159.82,0.26833704113960266,0.3583613567168367,velocity_abuse,REVIEW
369.4,0.3328547775745392,0.3942340407146228,velocity_abuse,REVIEW
273.82,0.30032652616500854,0.3918171395858926,unusual_amount,REVIEW
750.47,0.25687888264656067,0.35365006382421454,velocity_abuse,REVIEW
853.28,0.47049838304519653,0.4295196207606268,velocity_abuse,REVIEW
598.55,0.5513228178024292,0.4584021599898019,velocity_abuse,REVIEW
482.37,0.21771833300590515,0.3778599775170439,velocity_abuse,REVIEW
404.1,0.41723600029945374,0.4221734229134611,velocity_abuse,REVIEW
1412.68,0.3478220999240875,0.3776131435158293,suspicious_device,REVIEW
702.93,0.31971070170402527,0.34781013082334783,velocity_abuse,REVIEW
3640.73,0.322048544883728,0.4495244364551198,unusual_amount,REVIEW
703.19,0.4442956745624542,0.3987782138108426,unusual_amount,REVIEW
355.81,0.23806016147136688,0.34857116238979813,velocity_abuse,REVIEW
393.27,0.7997614741325378,0.5016040657878077,account_takeover,BLOCK
178.5,0.2766334116458893,0.35490852464588524,suspicious_device,REVIEW
168.51,0.31141573190689087,0.3544878461366527,velocity_abuse,REVIEW
450.13,0.22855764627456665,0.3516453332230553,velocity_abuse,REVIEW
358.91,0.6110093593597412,0.4194936220357442,velocity_abuse,REVIEW
3422.17,0.5228102803230286,0.5010343816825223,account_takeover,REVIEW
432.69,0.2144578993320465,0.4049956499981706,velocity_abuse,REVIEW
159.8,0.2700692117214203,0.37705819222567993,velocity_abuse,REVIEW
754.42,0.28390923142433167,0.3913891364830733,velocity_abuse,REVIEW
251.32,0.321969211101532,0.39217687919506566,velocity_abuse,REVIEW
172.42,0.27813246846199036,0.349511827622847,suspicious_device,REVIEW
186.41,0.4866121709346771,0.4166241508799004,suspicious_device,REVIEW
824.2,0.3029067814350128,0.39108348934821363,unusual_amount,REVIEW
496.66,0.24978971481323242,0.3578203510384284,velocity_abuse,REVIEW
626.71,0.27381113171577454,0.3590793611191051,velocity_abuse,REVIEW
1847.29,0.276218444108963,0.3969216269712902,unusual_amount,REVIEW
345.09,0.20858190953731537,0.3653051214823266,velocity_abuse,REVIEW
149.72,0.19467978179454803,0.40190970662475484,Clean,ALLOW
1153.49,0.5990597009658813,0.4384810788878379,account_takeover,REVIEW
803.96,0.17987345159053802,0.36952182000414113,Clean,ALLOW
338.46,0.15308651328086853,0.36714535406045257,Clean,ALLOW
763.33,0.33578887581825256,0.3757576338532732,unusual_amount,REVIEW
474.68,0.459961861371994,0.39593783877425426,velocity_abuse,REVIEW
227.69,0.2642729878425598,0.34210076770825165,suspicious_device,REVIEW
2580.21,0.28286096453666687,0.40822326328318376,unusual_amount,REVIEW
297.06,0.2469743937253952,0.3635287653387152,suspicious_device,REVIEW
361.82,0.26998162269592285,0.354965395548252,velocity_abuse,REVIEW
192.05,0.31333279609680176,0.3676728314316389,velocity_abuse,REVIEW
795.47,0.5094970464706421,0.4495682446939197,unusual_amount,REVIEW
445.34,0.41730090975761414,0.42979635972907776,velocity_abuse,REVIEW
981.8,0.3917427361011505,0.3765768041575561,velocity_abuse,REVIEW
525.22,0.8889824151992798,0.4983330245279403,account_takeover,BLOCK
337.77,0.21646031737327576,0.383333016292345,velocity_abuse,REVIEW
452.37,0.2839725911617279,0.3739142639759842,velocity_abuse,REVIEW
477.51,0.22437356412410736,0.35118193362311523,suspicious_device,REVIEW
811.43,0.30306127667427063,0.3769835402538671,velocity_abuse,REVIEW
229.96,0.37355929613113403,0.4089346862211571,suspicious_device,REVIEW
719.83,0.23062139749526978,0.37571856061025716,velocity_abuse,REVIEW
247.07,0.3178439438343048,0.3637184897030208,velocity_abuse,REVIEW
137.39,0.3475867807865143,0.3507343930180404,suspicious_device,REVIEW
531.89,0.27123337984085083,0.35354538630654286,velocity_abuse,REVIEW
159.99,0.2450808882713318,0.38996081097841445,suspicious_device,REVIEW
429.88,0.24517306685447693,0.3564992864734413,suspicious_device,REVIEW
592.54,0.24528621137142181,0.37000503967834547,suspicious_device,REVIEW
187.35,0.45697879791259766,0.4158229824857441,suspicious_device,REVIEW
230.31,0.23621298372745514,0.3532085719423623,suspicious_device,REVIEW
1465.32,0.30743151903152466,0.3695840767669088,suspicious_device,REVIEW
1744.04,0.3463115990161896,0.3905913959028933,suspicious_device,REVIEW
251.43,0.8645148277282715,0.5251859203562884,account_takeover,BLOCK
273.83,0.2733721137046814,0.37827419333819523,velocity_abuse,REVIEW
437.09,0.25216346979141235,0.3644618300723984,velocity_abuse,REVIEW
420.8,0.7581503391265869,0.4868311503109175,account_takeover,BLOCK
196.85,0.329092800617218,0.43079193051189607,velocity_abuse,REVIEW
397.22,0.2832877039909363,0.3551792621943505,velocity_abuse,REVIEW
794.83,0.2781659662723541,0.3645034744092404,velocity_abuse,REVIEW
529.9,0.2963087558746338,0.39561100686413214,velocity_abuse,REVIEW
193.84,0.31575098633766174,0.35838884036657925,suspicious_device,REVIEW
1165.71,0.5877748131752014,0.42855377205090456,account_takeover,REVIEW
2459.35,0.2476338893175125,0.37593582721496355,unusual_amount,REVIEW
252.55,0.24304983019828796,0.35928807998777107,velocity_abuse,REVIEW
595.46,0.27075323462486267,0.38383853748938346,velocity_abuse,REVIEW
158.18,0.1597607135772705,0.38900772710575693,Clean,ALLOW
973.5,0.2752174735069275,0.3549227481906809,velocity_abuse,REVIEW
3073.78,0.4706760048866272,0.48935888315582415,unusual_amount,REVIEW
221.85,0.21923604607582092,0.3595997985575892,suspicious_device,REVIEW
111.26,0.3356807231903076,0.38410572543972565,suspicious_device,REVIEW
533.69,0.42644521594047546,0.3991329721370433,suspicious_device,REVIEW
223.67,0.29379624128341675,0.3741738863528845,velocity_abuse,REVIEW
257.69,0.23916655778884888,0.3511810107589119,velocity_abuse,REVIEW
852.74,0.27634572982788086,0.3771974821944261,suspicious_device,REVIEW
316.35,0.1916307955980301,0.36497117074860075,Clean,ALLOW
313.11,0.18444128334522247,0.3633143715548491,Clean,ALLOW
378.49,0.2672141194343567,0.35104181423015873,suspicious_device,REVIEW
344.56,0.5713280439376831,0.39906255103358895,suspicious_device,REVIEW
185.04,0.27105605602264404,0.4044706613159911,suspicious_device,REVIEW
4978.0,0.7252789735794067,0.42949151083749115,unusual_amount,REVIEW
1389.22,0.8401628732681274,0.49626754334247986,account_takeover,BLOCK
707.65,0.2435791790485382,0.34810634585120853,velocity_abuse,REVIEW
274.77,0.24992036819458008,0.418497657914642,velocity_abuse,REVIEW
388.06,0.22077849507331848,0.3767349723827074,velocity_abuse,REVIEW
104.47,0.28989019989967346,0.37984425759176665,velocity_abuse,REVIEW
322.33,0.22779008746147156,0.35602948973732373,suspicious_device,REVIEW
168.65,0.35063520073890686,0.3809268694465049,unusual_amount,REVIEW
620.56,0.24129796028137207,0.3526142854294405,velocity_abuse,REVIEW
85.01,0.2783757150173187,0.3678940828767481,velocity_abuse,REVIEW
101.35,0.31751030683517456,0.3759270826748695,velocity_abuse,REVIEW
218.2,0.21599997580051422,0.3812688405699957,velocity_abuse,REVIEW
763.69,0.29372188448905945,0.3884502700793573,suspicious_device,REVIEW
150.84,0.17833943665027618,0.3468078166708601,Clean,ALLOW
169.81,0.27102017402648926,0.34771010026320737,suspicious_device,REVIEW
381.64,0.2908645272254944,0.35619211563353703,velocity_abuse,REVIEW
113.62,0.25233566761016846,0.37081798428625834,velocity_abuse,REVIEW
253.19,0.24002492427825928,0.3697088427935545,suspicious_device,REVIEW
224.49,0.20568042993545532,0.3528425176756353,suspicious_device,REVIEW
555.65,0.23483647406101227,0.3606123801116641,velocity_abuse,REVIEW
187.96,0.27098166942596436,0.34833478740883517,suspicious_device,REVIEW
580.88,0.1789572834968567,0.34286965374627554,Clean,ALLOW
451.06,0.180856391787529,0.34787760528334316,Clean,ALLOW
738.63,0.25576215982437134,0.35229991064315136,suspicious_device,REVIEW
631.32,0.21796314418315887,0.37838070292926596,velocity_abuse,REVIEW
79.03,0.365938276052475,0.3726685648730408,velocity_abuse,REVIEW
726.39,0.4777654707431793,0.4194468262072915,account_takeover,REVIEW
215.44,0.20279325544834137,0.3737205463144162,suspicious_device,REVIEW
417.65,0.2071276307106018,0.3877159500364101,suspicious_device,REVIEW
1371.64,0.3274250030517578,0.3729848973239765,suspicious_device,REVIEW
197.39,0.2527034282684326,0.3835133075922652,suspicious_device,REVIEW
533.64,0.21044273674488068,0.3468854411922664,suspicious_device,REVIEW
476.88,0.20345930755138397,0.35628630880684964,suspicious_device,REVIEW
127.16,0.24204760789871216,0.3724527617511054,suspicious_device,REVIEW
294.22,0.4594462811946869,0.4179136926047808,velocity_abuse,REVIEW
752.12,0.38409799337387085,0.38206407425860833,velocity_abuse,REVIEW
165.23,0.22668874263763428,0.3948337973695623,suspicious_device,REVIEW
778.23,0.25034070014953613,0.3462405066766218,velocity_abuse,REVIEW
338.34,0.24326933920383453,0.37169332173416036,velocity_abuse,REVIEW
171.49,0.2390807420015335,0.38300473583215605,velocity_abuse,REVIEW
367.86,0.25387755036354065,0.35360876123225093,suspicious_device,REVIEW
557.88,0.2000846117734909,0.35210756698723833,suspicious_device,REVIEW
143.09,0.2005394697189331,0.36095304673210127,velocity_abuse,REVIEW
478.52,0.24712981283664703,0.37904259196226203,velocity_abuse,REVIEW
770.99,0.2605847418308258,0.3493898232913547,velocity_abuse,REVIEW
319.24,0.2242758572101593,0.3531241413109231,suspicious_device,REVIEW
598.87,0.2394665777683258,0.35918525655219086,unusual_amount,REVIEW
71.36,0.4695700705051422,0.40854227868553616,velocity_abuse,REVIEW
2204.0,0.21124184131622314,0.39083330123396237,suspicious_device,REVIEW
748.51,0.2292155772447586,0.3637111580614641,velocity_abuse,REVIEW
370.12,0.21044324338436127,0.3530080444885456,suspicious_device,REVIEW
289.05,0.4774992763996124,0.43960155803683776,unusual_amount,REVIEW
967.84,0.3255026936531067,0.3674517885818577,suspicious_device,REVIEW
324.55,0.16252808272838593,0.4520958365125705,Clean,ALLOW
463.44,0.21633951365947723,0.35111890748048524,velocity_abuse,REVIEW
73.3,0.4194733500480652,0.40173009852912184,velocity_abuse,REVIEW
974.89,0.29751962423324585,0.38636234376660156,velocity_abuse,REVIEW
81.22,0.4245075583457947,0.3911099853771471,velocity_abuse,REVIEW
156.09,0.21005792915821075,0.37538362818783577,suspicious_device,REVIEW
966.94,0.6412369012832642,0.49102280230544926,account_takeover,REVIEW
555.29,0.2301742434501648,0.4267450271319093,velocity_abuse,REVIEW
442.28,0.3613470792770386,0.4598330546802582,velocity_abuse,REVIEW
285.27,0.28997722268104553,0.3795223505910144,velocity_abuse,REVIEW
305.17,0.2540495693683624,0.4179280708642026,suspicious_device,REVIEW
826.63,0.19354264438152313,0.4071018370832682,Clean,ALLOW
280.07,0.22321103513240814,0.37171243321032005,suspicious_device,REVIEW
129.51,0.11258778721094131,0.47408822055652344,Clean,ALLOW
208.23,0.27277320623397827,0.40771239992574293,velocity_abuse,REVIEW
4298.86,0.40076780319213867,0.42282212540613323,unusual_amount,REVIEW
324.27,0.2625831961631775,0.4185984998135932,velocity_abuse,REVIEW
321.07,0.23247535526752472,0.37110780337107513,velocity_abuse,REVIEW
254.04,0.2722037434577942,0.4487010663113744,suspicious_device,REVIEW
545.18,0.15265820920467377,0.44478825805103345,Clean,ALLOW
807.04,0.3005421459674835,0.429885655157797,velocity_abuse,REVIEW
97.8,0.25984397530555725,0.3887476735445456,suspicious_device,REVIEW
698.7,0.44417625665664673,0.491129174694292,velocity_abuse,REVIEW
250.42,0.5163891911506653,0.44563359134946184,velocity_abuse,REVIEW
300.12,0.37970444560050964,0.46073568499988055,unusual_amount,REVIEW
883.84,0.37161755561828613,0.41485155486146275,account_takeover,REVIEW
153.93,0.15320540964603424,0.37070684523983766,Clean,ALLOW
472.21,0.2597149610519409,0.3980491399350736,velocity_abuse,REVIEW
489.94,0.2606442868709564,0.3995355905401987,suspicious_device,REVIEW
962.58,0.32943016290664673,0.4112508786784109,suspicious_device,REVIEW
1158.52,0.29096245765686035,0.3920245029530338,velocity_abuse,REVIEW
403.54,0.2539657950401306,0.3835623437580263,velocity_abuse,REVIEW
616.25,0.41049158573150635,0.44484650744583887,suspicious_device,REVIEW
260.03,0.17274823784828186,0.40441759272556715,Clean,ALLOW
626.14,0.22604091465473175,0.38813710162014115,suspicious_device,REVIEW
444.32,0.16436102986335754,0.43003753029531006,Clean,ALLOW
793.68,0.2684547007083893,0.4029753581161769,suspicious_device,REVIEW
1268.98,0.6012804508209229,0.45420047091805954,suspicious_device,REVIEW
563.96,0.19923259317874908,0.3778714879917804,Clean,ALLOW
290.03,0.2678312361240387,0.38943405429068756,suspicious_device,REVIEW
1292.08,0.3488958477973938,0.4287164371305626,velocity_abuse,REVIEW
486.86,0.4033363461494446,0.43758976953145146,suspicious_device,REVIEW
837.96,0.27577462792396545,0.4029350036043664,unusual_amount,REVIEW
491.35,0.41088637709617615,0.4355429298788266,suspicious_device,REVIEW
373.02,0.2847776412963867,0.4030539656817492,velocity_abuse,REVIEW
549.22,0.22082580626010895,0.39197331164282767,velocity_abuse,REVIEW
545.63,0.21546559035778046,0.38134952773999153,velocity_abuse,REVIEW
312.05,0.25348788499832153,0.4140821138843172,suspicious_device,REVIEW
484.76,0.3914726674556732,0.45939705005238823,suspicious_device,REVIEW
885.04,0.24517260491847992,0.3978488971281884,velocity_abuse,REVIEW
411.02,0.8132743239402771,0.5061040133696354,account_takeover,BLOCK
642.94,0.23149560391902924,0.3990884071284088,suspicious_device,REVIEW
199.09,0.35663485527038574,0.4237238415146545,velocity_abuse,REVIEW
207.24,0.26619675755500793,0.4439245995808411,unusual_amount,REVIEW
951.38,0.2543928921222687,0.3948161283347803,suspicious_device,REVIEW
258.87,0.2401210516691208,0.40529153769685655,suspicious_device,REVIEW
182.77,0.26003751158714294,0.3946578906144308,suspicious_device,REVIEW
1047.6,0.24101616442203522,0.4732805972931431,suspicious_device,REVIEW
372.05,0.22331537306308746,0.38210246974938433,suspicious_device,REVIEW
697.66,0.39044123888015747,0.5021061085660032,suspicious_device,REVIEW
229.36,0.18355633318424225,0.3953543387861892,Clean,ALLOW
933.17,0.237254336476326,0.39065504767083564,velocity_abuse,REVIEW
323.36,0.23629924654960632,0.39012230403406334,velocity_abuse,REVIEW
379.95,0.2707269787788391,0.3850514679877984,suspicious_device,REVIEW
218.74,0.2600916922092438,0.3814149675507952,suspicious_device,REVIEW
2411.87,0.2440839260816574,0.40148766188309426,unusual_amount,REVIEW
398.61,0.26346051692962646,0.4024794122486621,suspicious_device,REVIEW
150.54,0.1579437255859375,0.44375841856790255,Clean,ALLOW
340.18,0.20411843061447144,0.42896456968262164,velocity_abuse,REVIEW
358.8,0.17768357694149017,0.47404157307342426,Clean,ALLOW
1892.0,0.30440759658813477,0.43502325953313437,unusual_amount,REVIEW
2902.11,0.28829407691955566,0.5298843074956258,suspicious_device,REVIEW
5906.0,0.7648741006851196,0.5154830585285187,unusual_amount,BLOCK
236.39,0.626325249671936,0.5245801097922335,account_takeover,REVIEW
856.57,0.1922290325164795,0.42681963589306604,Clean,ALLOW
1746.68,0.17692138254642487,0.4670928283358395,Clean,ALLOW
127.94,0.2907618284225464,0.4068514741633736,suspicious_device,REVIEW
1172.6,0.2628365457057953,0.4025127170675652,velocity_abuse,REVIEW
215.15,0.24798135459423065,0.41644005591848,suspicious_device,REVIEW
2124.82,0.2664426565170288,0.4190438663252828,unusual_amount,REVIEW
650.49,0.16440674662590027,0.44321299095801725,Clean,ALLOW
909.59,0.26701265573501587,0.38754823578340475,suspicious_device,REVIEW
115.79,0.24157600104808807,0.4079282816048389,suspicious_device,REVIEW
634.49,0.23684293031692505,0.4013489099688486,velocity_abuse,REVIEW
468.19,0.194911390542984,0.3845500567236498,Clean,ALLOW
695.23,0.22059223055839539,0.37353420991526187,suspicious_device,REVIEW
1536.57,0.2218143790960312,0.3863408326976692,unusual_amount,REVIEW
360.96,0.21487504243850708,0.36884456177354213,suspicious_device,REVIEW
303.69,0.2267061024904251,0.3804916665727176,suspicious_device,REVIEW
1917.61,0.23651868104934692,0.38770802064825294,unusual_amount,REVIEW
174.55,0.333349347114563,0.4476754190680897,suspicious_device,REVIEW
803.15,0.30404946208000183,0.3760813086636559,suspicious_device,REVIEW
427.76,0.2122585028409958,0.3835309667750864,velocity_abuse,REVIEW
110.29,0.319155752658844,0.3780651855496037,velocity_abuse,REVIEW
479.97,0.3695293068885803,0.4643189325865841,velocity_abuse,REVIEW
470.22,0.22596286237239838,0.3671764012930281,velocity_abuse,REVIEW
194.82,0.23493248224258423,0.3605445519464148,suspicious_device,REVIEW
148.05,0.26563382148742676,0.37324640791629093,suspicious_device,REVIEW
532.88,0.21924501657485962,0.44135491746355127,unusual_amount,REVIEW
633.73,0.25271815061569214,0.3596505742356542,suspicious_device,REVIEW
308.99,0.24888119101524353,0.371014346856012,velocity_abuse,REVIEW
264.1,0.29528868198394775,0.35646620091612413,suspicious_device,REVIEW
358.82,0.2027825117111206,0.36606288114280117,suspicious_device,REVIEW
281.03,0.22789090871810913,0.3534919844477091,suspicious_device,REVIEW
1361.0,0.23888540267944336,0.37920940032746686,suspicious_device,REVIEW
222.36,0.18303945660591125,0.39132034599259324,Clean,ALLOW
315.21,0.23912079632282257,0.35835750016779294,velocity_abuse,REVIEW
384.55,0.1991279125213623,0.3732118202362172,Clean,ALLOW
910.1,0.3218579590320587,0.43394350023844347,velocity_abuse,REVIEW
421.59,0.2097240686416626,0.35763002727414994,suspicious_device,REVIEW
204.18,0.3067776560783386,0.39192594873381387,suspicious_device,REVIEW
130.5,0.25615835189819336,0.37030353472590977,suspicious_device,REVIEW
206.53,0.2123226672410965,0.3857038154451345,suspicious_device,REVIEW
1197.5,0.33176738023757935,0.3929279941021048,velocity_abuse,REVIEW
295.73,0.2507745325565338,0.363531583597969,velocity_abuse,REVIEW
256.62,0.3121841549873352,0.4127883386324312,velocity_abuse,REVIEW
69.07,0.35240909457206726,0.3618694229312167,velocity_abuse,REVIEW
667.43,0.28804510831832886,0.38828899404313805,suspicious_device,REVIEW
588.86,0.2319212406873703,0.38325068953703817,suspicious_device,REVIEW
171.15,0.24583937227725983,0.35696804903738355,suspicious_device,REVIEW
826.48,0.315890371799469,0.39221161091279727,velocity_abuse,REVIEW
1767.49,0.2553192675113678,0.39920488056539166,suspicious_device,REVIEW
724.61,0.2476070523262024,0.38188636239569723,unusual_amount,REVIEW
326.89,0.2144186943769455,0.3570359127950157,suspicious_device,REVIEW
404.38,0.22555696964263916,0.3555945057587761,velocity_abuse,REVIEW
321.59,0.22935955226421356,0.3585981948065153,suspicious_device,REVIEW
150.46,0.17782029509544373,0.4189011268650819,Clean,ALLOW
466.4,0.472432404756546,0.42717547265126055,velocity_abuse,REVIEW
107.07,0.26044294238090515,0.3600296850158796,suspicious_device,REVIEW
671.53,0.26305559277534485,0.36751864481552826,velocity_abuse,REVIEW
817.6,0.20545074343681335,0.3777468234559979,suspicious_device,REVIEW
824.87,0.2640407979488373,0.39495476071246627,velocity_abuse,REVIEW
1287.56,0.28787606954574585,0.36989290689444554,unusual_amount,REVIEW
427.14,0.34627100825309753,0.39878482401357696,suspicious_device,REVIEW
487.57,0.22687390446662903,0.363850086989052,suspicious_device,REVIEW
945.91,0.23974375426769257,0.3671113603270436,suspicious_device,REVIEW
570.55,0.24789416790008545,0.36996632427012244,suspicious_device,REVIEW
337.11,0.2521541714668274,0.3785120884421011,velocity_abuse,REVIEW
188.66,0.27274128794670105,0.35866145856860626,suspicious_device,REVIEW
1051.24,0.22916577756404877,0.3806166295673648,suspicious_device,REVIEW
138.61,0.17105814814567566,0.41752880195270753,Clean,ALLOW
253.92,0.23409706354141235,0.3697374043991024,suspicious_device,REVIEW
611.66,0.2545469105243683,0.37733845370845537,velocity_abuse,REVIEW
213.3,0.22103580832481384,0.3561939940263654,suspicious_device,REVIEW
452.15,0.3030560612678528,0.4095773244370015,velocity_abuse,REVIEW
300.5,0.3590010404586792,0.41086775420310023,velocity_abuse,REVIEW
425.11,0.1941472887992859,0.3483538341181606,Clean,ALLOW
243.23,0.19091998040676117,0.35645151815866055,Clean,ALLOW
241.38,0.3267028033733368,0.3551101843747563,suspicious_device,REVIEW
588.4,0.21564334630966187,0.3747535536756412,suspicious_device,REVIEW
95.98,0.258102148771286,0.3753435086765984,suspicious_device,REVIEW
445.0,0.22941914200782776,0.3814000262378763,unusual_amount,REVIEW
780.7,0.2105703204870224,0.3675677309015736,unusual_amount,REVIEW
383.3,0.21874025464057922,0.3758673582648376,suspicious_device,REVIEW
199.13,0.21100881695747375,0.36713415170801145,unusual_amount,REVIEW
1089.64,0.48592668771743774,0.5267638612843986,account_takeover,REVIEW
459.04,0.1963101178407669,0.3743511697178624,Clean,ALLOW
103.35,0.23938392102718353,0.36291764118662184,suspicious_device,REVIEW
301.09,0.2678162753582001,0.38716854734415523,suspicious_device,REVIEW
530.86,0.15683096647262573,0.3684775703603869,Clean,ALLOW
108.44,0.33131644129753113,0.3816563238865027,unusual_amount,REVIEW
656.04,0.39004945755004883,0.4094549565511523,suspicious_device,REVIEW
382.84,0.27619388699531555,0.43611470686856896,account_takeover,REVIEW
784.44,0.21798960864543915,0.3562944402032493,unusual_amount,REVIEW
1918.14,0.4866965413093567,0.4421428839294477,unusual_amount,REVIEW
357.46,0.19603630900382996,0.39820507381933923,Clean,ALLOW
151.69,0.24666859209537506,0.41031761363980657,unusual_amount,REVIEW
165.17,0.3024487793445587,0.40977541646718446,unusual_amount,REVIEW
509.04,0.17659009993076324,0.3592043632137918,Clean,ALLOW
51.47,0.24899619817733765,0.5136534574624534,unusual_amount,REVIEW
290.55,0.3057343661785126,0.3613170921637335,suspicious_device,REVIEW
304.76,0.19724102318286896,0.36148713097243435,Clean,ALLOW
513.41,0.18635016679763794,0.3635871117089625,Clean,ALLOW
904.0,0.40729156136512756,0.41115983494249947,velocity_abuse,REVIEW
285.97,0.12010395526885986,0.377752377883316,Clean,ALLOW
72.78,0.39299508929252625,0.4457866665634111,unusual_amount,REVIEW
1043.26,0.24425676465034485,0.38360359012418,suspicious_device,REVIEW
752.77,0.19779358804225922,0.370186110745406,Clean,ALLOW
1541.14,0.4954494833946228,0.4526585110388789,unusual_amount,REVIEW
620.87,0.3915597200393677,0.4268455465688021,unusual_amount,REVIEW
601.03,0.2212316393852234,0.35903122227440226,suspicious_device,REVIEW
1406.25,0.2321099042892456,0.3872871966205386,suspicious_device,REVIEW
481.65,0.16809529066085815,0.3620278449555396,Clean,ALLOW
163.72,0.23570486903190613,0.40124064749982546,suspicious_device,REVIEW
168.13,0.641693651676178,0.4177553689190825,suspicious_device,REVIEW
367.44,0.18879668414592743,0.3606977119097938,Clean,ALLOW
427.39,0.2579813599586487,0.3821413576515459,unusual_amount,REVIEW
189.62,0.19650614261627197,0.3708880765193579,Clean,ALLOW
673.13,0.20073461532592773,0.3506687235282467,suspicious_device,REVIEW
448.81,0.38343045115470886,0.405858384056492,account_takeover,REVIEW
145.42,0.39857587218284607,0.4439940040545797,velocity_abuse,REVIEW
656.27,0.22735953330993652,0.3558852274160152,velocity_abuse,REVIEW
1913.8,0.5574784278869629,0.42367823185539116,unusual_amount,REVIEW
261.1,0.1964009404182434,0.41231354871231124,Clean,ALLOW
875.7,0.2223632037639618,0.3666494329986272,velocity_abuse,REVIEW
1673.78,0.2545100152492523,0.3895348708374656,suspicious_device,REVIEW
151.12,0.17343536019325256,0.37437227348378865,Clean,ALLOW
120.28,0.2234879583120346,0.3593583912824809,suspicious_device,REVIEW
679.83,0.21525350213050842,0.3571449888414754,suspicious_device,REVIEW
85.12,0.25367167592048645,0.38818952700639897,velocity_abuse,REVIEW
349.64,0.42932119965553284,0.41089503437781155,suspicious_device,REVIEW
257.68,0.2578752338886261,0.39237131220100707,suspicious_device,REVIEW
160.4,0.21439926326274872,0.37151115902540616,suspicious_device,REVIEW
672.16,0.2746148705482483,0.4023680343647969,account_takeover,REVIEW
155.96,0.36688920855522156,0.45708113207062495,account_takeover,REVIEW
542.62,0.2348727285861969,0.38076215467483704,account_takeover,REVIEW
249.25,0.15189418196678162,0.370019210505683,Clean,ALLOW
116.87,0.2262122929096222,0.3801732390066411,suspicious_device,REVIEW
220.85,0.4693077802658081,0.41524815933504494,suspicious_device,REVIEW
129.4,0.12852638959884644,0.44976263200268557,Clean,ALLOW
420.21,0.1900181621313095,0.375167414217497,Clean,ALLOW
491.42,0.20138467848300934,0.36020335903097356,velocity_abuse,REVIEW
144.63,0.14982491731643677,0.38040705268067687,Clean,ALLOW
156.29,0.19809119403362274,0.3644171335702363,Clean,ALLOW
409.87,0.2895630896091461,0.376757620526013,account_takeover,REVIEW
459.32,0.22404320538043976,0.378434266824352,suspicious_device,REVIEW
73.8,0.3304552435874939,0.40762684821542533,velocity_abuse,REVIEW
460.97,0.3043813705444336,0.47033302182952597,suspicious_device,REVIEW
594.43,0.24866987764835358,0.40193732005320604,suspicious_device,REVIEW
221.26,0.3063274323940277,0.4071200909637126,suspicious_device,REVIEW
494.65,0.20084476470947266,0.4103270828488191,velocity_abuse,REVIEW
394.14,0.1604653298854828,0.4057389551172394,Clean,ALLOW
519.38,0.1742134541273117,0.39122122480084703,Clean,ALLOW
467.37,0.2688297629356384,0.4114188446482077,account_takeover,REVIEW
1728.66,0.4148094356060028,0.44068638089367007,account_takeover,REVIEW
438.33,0.20193326473236084,0.37002414304813536,suspicious_device,REVIEW
180.66,0.2544083893299103,0.47188459512687153,unusual_amount,REVIEW
107.3,0.2844570279121399,0.4037365680629668,suspicious_device,REVIEW
139.72,0.20762582123279572,0.4170898167726716,suspicious_device,REVIEW
407.03,0.32936882972717285,0.41142998461322455,velocity_abuse,REVIEW
120.3,0.21793845295906067,0.40896258047137835,suspicious_device,REVIEW
406.27,0.6545450687408447,0.45416733282599775,suspicious_device,REVIEW
323.35,0.22821961343288422,0.4004063337544025,suspicious_device,REVIEW
300.71,0.26979413628578186,0.38533030013159375,suspicious_device,REVIEW
209.34,0.39838922023773193,0.4862555042319814,account_takeover,REVIEW
177.96,0.30777862668037415,0.4021389312654366,suspicious_device,REVIEW
654.17,0.21902558207511902,0.39104933200662956,velocity_abuse,REVIEW
1680.95,0.26987114548683167,0.3989522262147667,suspicious_device,REVIEW
480.08,0.213150292634964,0.37422470821083986,velocity_abuse,REVIEW
348.11,0.14931733906269073,0.4267470401125609,Clean,ALLOW
283.84,0.277689665555954,0.409488575481483,velocity_abuse,REVIEW
130.26,0.12909260392189026,0.47165703942732556,Clean,ALLOW
354.4,0.42289599776268005,0.49264078600709693,velocity_abuse,REVIEW
765.35,0.19078408181667328,0.3760850838775413,Clean,ALLOW
160.09,0.29963409900665283,0.4083580201259454,suspicious_device,REVIEW
523.9,0.18728432059288025,0.44822065232703995,Clean,ALLOW
96.12,0.21337388455867767,0.4450408848039592,unusual_amount,REVIEW
870.77,0.22152158617973328,0.38207226705506886,suspicious_device,REVIEW
227.46,0.449471116065979,0.43294674300986724,suspicious_device,REVIEW
276.6,0.18449917435646057,0.4534974357051666,Clean,ALLOW
561.83,0.3103138208389282,0.3941066556724429,suspicious_device,REVIEW
459.02,0.2437368631362915,0.4020364452324487,suspicious_device,REVIEW
109.24,0.1714729219675064,0.42882737211848576,Clean,ALLOW
444.07,0.20145362615585327,0.3741462485354779,suspicious_device,REVIEW
5327.24,0.6711776256561279,0.4567405155932412,unusual_amount,REVIEW
192.1,0.25527989864349365,0.4031994417279694,suspicious_device,REVIEW
155.63,0.1265273243188858,0.41260194378306025,Clean,ALLOW
440.56,0.20163635909557343,0.4083070528025085,suspicious_device,REVIEW
646.63,0.27206408977508545,0.4115968653718622,velocity_abuse,REVIEW
391.92,0.2616778314113617,0.40494414142858187,velocity_abuse,REVIEW
392.89,0.21539627015590668,0.4015805273551261,velocity_abuse,REVIEW
89.07,0.24953202903270721,0.431479868589355,velocity_abuse,REVIEW
258.4,0.2129308432340622,0.4112686044234673,suspicious_device,REVIEW
133.19,0.18282455205917358,0.41642265852579124,Clean,ALLOW
413.05,0.1834532916545868,0.3886758058347046,Clean,ALLOW
695.32,0.2019364833831787,0.38151642767779803,suspicious_device,REVIEW
187.64,0.5019321441650391,0.47825484109295513,account_takeover,REVIEW
248.31,0.20936067402362823,0.38508023576401096,suspicious_device,REVIEW
302.93,0.18009936809539795,0.4450619596807927,Clean,ALLOW
456.97,0.16810254752635956,0.44427608239001,Clean,ALLOW
141.62,0.24112218618392944,0.4447180837595184,velocity_abuse,REVIEW
882.11,0.4850107431411743,0.48616632866197673,velocity_abuse,REVIEW
234.58,0.31489166617393494,0.5235187693150988,velocity_abuse,REVIEW
1082.95,0.2672383189201355,0.4176576048663877,velocity_abuse,REVIEW
364.46,0.1722065955400467,0.3749429316294819,Clean,ALLOW
486.42,0.21123239398002625,0.3789334677752375,velocity_abuse,REVIEW
440.71,0.19905222952365875,0.3676996173785162,Clean,ALLOW
924.52,0.23421154916286469,0.37375580651886475,velocity_abuse,REVIEW
275.11,0.2307010143995285,0.39401021223143834,velocity_abuse,REVIEW
761.08,0.23339150846004486,0.3667281817971394,velocity_abuse,REVIEW
646.9,0.23851916193962097,0.38136797129677785,velocity_abuse,REVIEW
47.56,0.20057016611099243,0.3621672024557508,suspicious_device,REVIEW
399.91,0.2969928979873657,0.4210513806852006,velocity_abuse,REVIEW
241.41,0.6510501503944397,0.42589566264730816,account_takeover,REVIEW
120.49,0.2217491716146469,0.3735801857521761,suspicious_device,REVIEW
637.46,0.32986417412757874,0.4292043041822871,velocity_abuse,REVIEW
140.08,0.21838180720806122,0.38003296103372924,velocity_abuse,REVIEW
1761.34,0.2800353467464447,0.39875775431810295,suspicious_device,REVIEW
374.95,0.24144497513771057,0.3477667429286425,velocity_abuse,REVIEW
548.17,0.20905637741088867,0.3842474998704029,velocity_abuse,REVIEW
1290.86,0.5074525475502014,0.40671084837326055,velocity_abuse,REVIEW
98.74,0.6926398277282715,0.45361819253403446,suspicious_device,REVIEW
584.93,0.22381195425987244,0.37038898640324186,velocity_abuse,REVIEW
315.42,0.2581983804702759,0.3779853680945606,velocity_abuse,REVIEW
101.74,0.33227258920669556,0.4430938686568628,unusual_amount,REVIEW
1113.34,0.25903478264808655,0.37821549307259433,velocity_abuse,REVIEW
1452.97,0.564934253692627,0.4529128045131704,suspicious_device,REVIEW
213.05,0.8571247458457947,0.5042249294815531,account_takeover,BLOCK
326.81,0.2450898289680481,0.3679176658479473,velocity_abuse,REVIEW
600.92,0.23493599891662598,0.3532168455241202,velocity_abuse,REVIEW
372.01,0.25977274775505066,0.35221746017522415,suspicious_device,REVIEW
1919.96,0.17588303983211517,0.4030608912235443,Clean,ALLOW
186.1,0.2174409180879593,0.38559505732545296,velocity_abuse,REVIEW
185.95,0.22640196979045868,0.36269588667972935,velocity_abuse,REVIEW
154.28,0.18586935102939606,0.38697481016034607,Clean,ALLOW
472.65,0.17272299528121948,0.3762694073288907,Clean,ALLOW
314.5,0.2879548966884613,0.3749647222820966,velocity_abuse,REVIEW
201.73,0.1628606617450714,0.4662845124774631,Clean,ALLOW
478.59,0.1620320826768875,0.3593032078001832,Clean,ALLOW
295.48,0.30591604113578796,0.35903836150803065,suspicious_device,REVIEW
945.94,0.21756930649280548,0.3992886939713172,velocity_abuse,REVIEW
1115.63,0.28003185987472534,0.35405761573111694,suspicious_device,REVIEW
547.11,0.34268951416015625,0.464735536856784,velocity_abuse,REVIEW
711.61,0.317661851644516,0.37043319229487687,unusual_amount,REVIEW
515.36,0.22101223468780518,0.3677982426290064,velocity_abuse,REVIEW
117.12,0.2992178499698639,0.43635698885742,suspicious_device,REVIEW
609.22,0.23362119495868683,0.36871727097692614,velocity_abuse,REVIEW
538.95,0.23793068528175354,0.3546629150478169,velocity_abuse,REVIEW
147.31,0.20226715505123138,0.37353843446732743,suspicious_device,REVIEW
1740.93,0.4108233153820038,0.45154895422062163,suspicious_device,REVIEW
233.72,0.2807518541812897,0.3579481086364928,suspicious_device,REVIEW
389.4,0.1867181807756424,0.36008251473034797,Clean,ALLOW
70.39,0.31794917583465576,0.34973457755347054,velocity_abuse,REVIEW
154.34,0.26289257407188416,0.37790277465127275,velocity_abuse,REVIEW
744.17,0.37460145354270935,0.4113676339807445,velocity_abuse,REVIEW
144.84,0.20228613913059235,0.3587456618680535,velocity_abuse,REVIEW
93.4,0.3001921474933624,0.35358025750697447,velocity_abuse,REVIEW
117.2,0.3509252965450287,0.35889301766402193,suspicious_device,REVIEW
135.79,0.8052859902381897,0.5011048881971883,account_takeover,BLOCK
1053.38,0.29080918431282043,0.356297258234616,velocity_abuse,REVIEW
401.58,0.1737801730632782,0.41954815381350885,Clean,ALLOW
1824.35,0.1892804354429245,0.3746051687920208,Clean,ALLOW
580.2,0.18496987223625183,0.3421559423675062,Clean,ALLOW
405.91,0.3521302044391632,0.43267247558339894,velocity_abuse,REVIEW
198.75,0.27493199706077576,0.38977152453632075,velocity_abuse,REVIEW
171.09,0.24712713062763214,0.37157222318808875,suspicious_device,REVIEW
336.38,0.23898008465766907,0.3556220228022589,velocity_abuse,REVIEW
685.83,0.2438395768404007,0.3536740187589011,velocity_abuse,REVIEW
412.92,0.23963595926761627,0.34497723935768054,velocity_abuse,REVIEW
1290.89,0.3000932037830353,0.3586149292725087,suspicious_device,REVIEW
136.35,0.7916197180747986,0.46900404026610404,account_takeover,BLOCK
656.55,0.23581331968307495,0.37330176155161326,velocity_abuse,REVIEW
488.26,0.14175206422805786,0.37098082716488195,Clean,ALLOW
611.2,0.7888842821121216,0.45633351099692293,account_takeover,BLOCK
421.91,0.21328410506248474,0.35539353419176284,velocity_abuse,REVIEW
533.95,0.390903115272522,0.4203447186432578,velocity_abuse,REVIEW
380.53,0.24314022064208984,0.3575795239676033,velocity_abuse,REVIEW
839.68,0.23492015898227692,0.3592748702650851,velocity_abuse,REVIEW
2373.42,0.2693027853965759,0.3823010531804332,unusual_amount,REVIEW
295.11,0.19984778761863708,0.3623434703192317,Clean,ALLOW
64.08,0.3745730221271515,0.3705860834725275,velocity_abuse,REVIEW
594.04,0.3451108932495117,0.41377330348486197,velocity_abuse,REVIEW
622.59,0.16500622034072876,0.44430144231448093,Clean,ALLOW
88.08,0.2357759326696396,0.36054760498751365,velocity_abuse,REVIEW
308.19,0.24230457842350006,0.3555444074479405,suspicious_device,REVIEW
206.92,0.2137252241373062,0.35923525860545696,suspicious_device,REVIEW
1657.56,0.4687546491622925,0.4460548392109908,suspicious_device,REVIEW
247.73,0.2291538566350937,0.34969672024832166,velocity_abuse,REVIEW
92.09,0.25391292572021484,0.3990013876164074,velocity_abuse,REVIEW
205.31,0.21477283537387848,0.3692994041151248,suspicious_device,REVIEW
729.88,0.1592303365468979,0.42143666512969924,Clean,ALLOW
641.76,0.18932242691516876,0.36165925217745437,Clean,ALLOW
196.83,0.8777821660041809,0.45512451507407464,suspicious_device,BLOCK
193.56,0.22955231368541718,0.3451347853985862,suspicious_device,REVIEW
925.07,0.4834110140800476,0.44253925860113585,account_takeover,REVIEW
158.43,0.2351655215024948,0.3732679895041947,suspicious_device,REVIEW
230.81,0.2008638083934784,0.3631583370935417,suspicious_device,REVIEW
547.17,0.16255292296409607,0.41735862412683633,Clean,ALLOW
262.87,0.3161449730396271,0.40541861640880766,velocity_abuse,REVIEW
95.21,0.266160786151886,0.37464616596453515,velocity_abuse,REVIEW
349.09,0.26158612966537476,0.4292194805579609,suspicious_device,REVIEW
1074.05,0.24925479292869568,0.3749617227471141,velocity_abuse,REVIEW
1494.35,0.24085411429405212,0.35503363034737956,suspicious_device,REVIEW
359.13,0.16371452808380127,0.40358083003890793,Clean,ALLOW
568.94,0.19740618765354156,0.36429485825167524,Clean,ALLOW
465.98,0.35501721501350403,0.40075747167030984,velocity_abuse,REVIEW
161.6,0.2332017719745636,0.3770186372285571,suspicious_device,REVIEW
612.13,0.45974260568618774,0.4310651438074567,account_takeover,REVIEW
843.67,0.19799980521202087,0.35239203705104355,Clean,ALLOW
213.58,0.1542390137910843,0.36242104874125713,Clean,ALLOW
231.21,0.2264210432767868,0.3461213665139972,suspicious_device,REVIEW
76.83,0.2399553805589676,0.37078230977944243,velocity_abuse,REVIEW
116.53,0.2589513659477234,0.3839053182007034,velocity_abuse,REVIEW
251.37,0.2275509387254715,0.3641038416471281,suspicious_device,REVIEW
107.29,0.26781004667282104,0.3612467257909641,velocity_abuse,REVIEW
304.92,0.21344511210918427,0.36760523192867917,suspicious_device,REVIEW
642.31,0.3661981523036957,0.40399340848712934,velocity_abuse,REVIEW
238.73,0.19767244160175323,0.36403146419398136,Clean,ALLOW
108.14,0.28628766536712646,0.3732338611601774,velocity_abuse,REVIEW
327.33,0.21048127114772797,0.39391857524238844,unusual_amount,REVIEW
807.87,0.19492414593696594,0.3653413013750354,Clean,ALLOW
544.78,0.24198445677757263,0.36222325347083906,velocity_abuse,REVIEW
114.16,0.2960223853588104,0.353202304154776,velocity_abuse,REVIEW
813.66,0.21535159647464752,0.35358458469329845,suspicious_device,REVIEW
100.69,0.24259348213672638,0.3604237960705932,unusual_amount,REVIEW
119.25,0.2553222179412842,0.349025543572093,suspicious_device,REVIEW
501.08,0.2761656641960144,0.352675155279248,velocity_abuse,REVIEW
183.54,0.4663706421852112,0.46006365563679025,account_takeover,REVIEW
256.56,0.7683858275413513,0.4903516854554122,suspicious_device,BLOCK
250.94,0.5732316374778748,0.418597263763414,suspicious_device,REVIEW
314.29,0.22619539499282837,0.34418021823597333,velocity_abuse,REVIEW
602.18,0.25329893827438354,0.45444831352056997,unusual_amount,REVIEW
89.49,0.1904679387807846,0.40302247291028026,Clean,ALLOW
1297.17,0.2652483284473419,0.3533347769025781,suspicious_device,REVIEW
349.52,0.30777135491371155,0.3706467074781075,suspicious_device,REVIEW
233.98,0.1690082848072052,0.3837861311614822,Clean,ALLOW
796.24,0.20699846744537354,0.348513436270278,unusual_amount,REVIEW
694.49,0.1988949179649353,0.3634118897104109,Clean,ALLOW
931.52,0.22170008718967438,0.36056157451962895,suspicious_device,REVIEW
635.9,0.19558455049991608,0.36613065199675277,Clean,ALLOW
385.98,0.18528416752815247,0.3594153201354432,Clean,ALLOW
164.41,0.21421994268894196,0.3614796279232957,suspicious_device,REVIEW
1605.31,0.15853261947631836,0.4195359600511968,Clean,ALLOW
1092.27,0.5486562252044678,0.4710609495420988,account_takeover,REVIEW
162.66,0.24289067089557648,0.35608181317716997,suspicious_device,REVIEW
1254.99,0.28834739327430725,0.38795457140761425,unusual_amount,REVIEW
776.51,0.25109121203422546,0.35829629717307376,velocity_abuse,REVIEW
361.7,0.16954569518566132,0.3482221338670307,Clean,ALLOW
254.2,0.2308250516653061,0.34776139063268713,velocity_abuse,REVIEW
283.69,0.7582378387451172,0.45614554636246185,account_takeover,BLOCK
278.92,0.226809561252594,0.35222525671897625,suspicious_device,REVIEW
94.06,0.4210057556629181,0.43521141316993495,velocity_abuse,REVIEW
400.84,0.13357095420360565,0.42351742164338935,Clean,ALLOW
639.34,0.29147765040397644,0.38612417691826595,velocity_abuse,REVIEW
219.84,0.22386762499809265,0.3541030209770847,suspicious_device,REVIEW
418.48,0.3778025209903717,0.41447289112076136,velocity_abuse,REVIEW
186.13,0.2198020964860916,0.35048895791769513,suspicious_device,REVIEW
1082.47,0.2307068407535553,0.36600253293644075,velocity_abuse,REVIEW
221.15,0.22814182937145233,0.3523583189976371,suspicious_device,REVIEW
359.46,0.19697068631649017,0.3801080733550788,Clean,ALLOW
477.32,0.4541285037994385,0.4673327562641091,account_takeover,REVIEW
234.36,0.13280712068080902,0.39475081084892044,Clean,ALLOW
311.64,0.2579174339771271,0.3957975055220699,suspicious_device,REVIEW
93.05,0.7933688759803772,0.4852999377822329,account_takeover,BLOCK
2184.24,0.3211841285228729,0.4159127900680278,suspicious_device,REVIEW
392.45,0.1742699146270752,0.3950000951843254,Clean,ALLOW
464.18,0.836866021156311,0.4684704744420057,account_takeover,BLOCK
1235.99,0.3407384157180786,0.4550480586475327,velocity_abuse,REVIEW
802.04,0.1596982628107071,0.4017601268970316,Clean,ALLOW
217.85,0.23322086036205292,0.39602437164165416,velocity_abuse,REVIEW
1687.45,0.20556174218654633,0.4099353059223606,suspicious_device,REVIEW
55.12,0.5045142769813538,0.4036690050096947,velocity_abuse,REVIEW
958.28,0.34943896532058716,0.42731877546999103,suspicious_device,REVIEW
60.39,0.20921242237091064,0.39152257749690433,velocity_abuse,REVIEW
454.25,0.20160944759845734,0.3922924431921943,velocity_abuse,REVIEW
238.64,0.2503231465816498,0.3768187062943155,suspicious_device,REVIEW
810.52,0.2443375289440155,0.39440078770534004,velocity_abuse,REVIEW
153.76,0.16666993498802185,0.38902946614284734,Clean,ALLOW
1635.17,0.2826891839504242,0.38557259388922105,suspicious_device,REVIEW
398.79,0.202030211687088,0.4050378644540578,suspicious_device,REVIEW
337.23,0.18586747348308563,0.3746825854013655,Clean,ALLOW
2111.17,0.2599732577800751,0.41854835157724596,suspicious_device,REVIEW
525.62,0.2250811755657196,0.37396488374557685,velocity_abuse,REVIEW
186.42,0.19669407606124878,0.40276664288796327,Clean,ALLOW
133.07,0.5298857688903809,0.4443080603284504,suspicious_device,REVIEW
152.13,0.1605634093284607,0.3751464715899361,Clean,ALLOW
258.95,0.40431252121925354,0.43424668382623277,suspicious_device,REVIEW
125.52,0.26421666145324707,0.4260370985610856,velocity_abuse,REVIEW
618.02,0.19713376462459564,0.4119942585504414,Clean,ALLOW
312.46,0.20724976062774658,0.39265925660585155,suspicious_device,REVIEW
121.01,0.24232546985149384,0.41021858419760665,suspicious_device,REVIEW
729.79,0.2564944624900818,0.3897341708242888,suspicious_device,REVIEW
598.82,0.20236064493656158,0.3663354536764866,suspicious_device,REVIEW
37.87,0.11847420781850815,0.39678069939060256,Clean,ALLOW
557.64,0.20043008029460907,0.3777710032249763,velocity_abuse,REVIEW
430.14,0.1853717863559723,0.41168658853757656,Clean,ALLOW
399.74,0.18535251915454865,0.378535021470255,Clean,ALLOW
270.74,0.1488090604543686,0.45727714324174423,Clean,ALLOW
662.16,0.20052920281887054,0.3809263267220365,suspicious_device,REVIEW
69.7,0.3126538395881653,0.3978592027985402,suspicious_device,REVIEW
531.19,0.19064389169216156,0.4199624026095961,Clean,ALLOW
6756.01,0.6467685103416443,0.4715497820923453,unusual_amount,REVIEW
286.72,0.19645769894123077,0.3919266310663999,Clean,ALLOW
358.32,0.3238027095794678,0.4712886927445641,suspicious_device,REVIEW
93.7,0.2650081515312195,0.41413544749083026,suspicious_device,REVIEW
96.26,0.32365280389785767,0.4143623273881761,velocity_abuse,REVIEW
313.71,0.3227449953556061,0.39987028930467816,velocity_abuse,REVIEW
522.32,0.19683705270290375,0.38481660382129174,Clean,ALLOW
5044.62,0.3471389412879944,0.4690722777599012,unusual_amount,REVIEW
824.15,0.248348668217659,0.3913299851006379,velocity_abuse,REVIEW
883.0,0.20128023624420166,0.3826486268580685,velocity_abuse,REVIEW
322.56,0.2800860106945038,0.37609057084722636,suspicious_device,REVIEW
191.45,0.24443823099136353,0.37923228773091977,suspicious_device,REVIEW
322.76,0.2115810066461563,0.3840310166909417,suspicious_device,REVIEW
165.15,0.22989274561405182,0.38318358374939876,suspicious_device,REVIEW
929.45,0.21686220169067383,0.41062257064439156,velocity_abuse,REVIEW
365.98,0.21796196699142456,0.401724186021847,velocity_abuse,REVIEW
124.12,0.2733076214790344,0.3780263278545632,suspicious_device,REVIEW
473.43,0.19484387338161469,0.4070272256998498,Clean,ALLOW
2365.16,0.25309404730796814,0.42460144677853473,suspicious_device,REVIEW
467.89,0.20651431381702423,0.3733288312751799,velocity_abuse,REVIEW
130.54,0.2813679277896881,0.44913285191171687,suspicious_device,REVIEW
316.78,0.1678503006696701,0.3922483779149079,Clean,ALLOW
2290.41,0.1938638836145401,0.4339113797427064,Clean,ALLOW
804.9,0.207113116979599,0.4247949548405305,suspicious_device,REVIEW
402.4,0.2097601294517517,0.39955664317266487,suspicious_device,REVIEW
648.54,0.22981815040111542,0.4406161086491823,velocity_abuse,REVIEW
3548.61,0.3229195475578308,0.5352257366094182,suspicious_device,REVIEW
581.23,0.1501174122095108,0.3920875408162606,Clean,ALLOW
966.74,0.1526997685432434,0.4341978384221035,Clean,ALLOW
502.54,0.4885159432888031,0.4124391944309462,velocity_abuse,REVIEW
84.06,0.3250485956668854,0.3820952007772047,velocity_abuse,REVIEW
174.28,0.23416152596473694,0.35498243670990387,suspicious_device,REVIEW
613.88,0.2481694519519806,0.36727890149382453,velocity_abuse,REVIEW
185.56,0.24239134788513184,0.34939651511239006,suspicious_device,REVIEW
718.42,0.22624380886554718,0.3590501052178662,velocity_abuse,REVIEW
435.27,0.20289020240306854,0.3544987261342368,velocity_abuse,REVIEW
449.08,0.37360087037086487,0.40994029291394646,velocity_abuse,REVIEW
334.56,0.29105454683303833,0.40289238563045365,velocity_abuse,REVIEW
237.72,0.24679644405841827,0.36504406208695916,velocity_abuse,REVIEW
889.15,0.21585483849048615,0.3517227962632854,velocity_abuse,REVIEW
196.86,0.420015811920166,0.3990020891280144,velocity_abuse,REVIEW
200.92,0.2486248016357422,0.37758861757777656,suspicious_device,REVIEW
229.5,0.19217002391815186,0.38983936468789715,Clean,ALLOW
775.27,0.2278982251882553,0.36442543344813705,velocity_abuse,REVIEW
384.6,0.24483084678649902,0.3564495460973269,velocity_abuse,REVIEW
1002.92,0.5922936201095581,0.41746597361253457,suspicious_device,REVIEW
124.2,0.22653675079345703,0.34791484045943993,suspicious_device,REVIEW
369.93,0.1669762134552002,0.37948748432229323,Clean,ALLOW
2257.45,0.499440461397171,0.45828859207064493,unusual_amount,REVIEW
762.4,0.2497870922088623,0.3778927789772261,velocity_abuse,REVIEW
776.32,0.24045991897583008,0.34653158340271684,velocity_abuse,REVIEW
768.77,0.43991559743881226,0.39732476825310664,velocity_abuse,REVIEW
135.92,0.24610693752765656,0.37230084140201913,suspicious_device,REVIEW
884.85,0.3090488612651825,0.40339138077981274,velocity_abuse,REVIEW
949.56,0.30976182222366333,0.4403377740237059,velocity_abuse,REVIEW
320.1,0.2219654768705368,0.3697120465023892,velocity_abuse,REVIEW
721.35,0.2565452754497528,0.3489386456936913,velocity_abuse,REVIEW
679.99,0.2409295290708542,0.3526625857855564,velocity_abuse,REVIEW
962.77,0.29695162177085876,0.3811390304854586,unusual_amount,REVIEW
390.58,0.12511536478996277,0.42946016894077427,Clean,ALLOW
135.19,0.24525904655456543,0.3656802430215862,suspicious_device,REVIEW
525.46,0.2250039279460907,0.3609065569215408,unusual_amount,REVIEW
67.57,0.3476022183895111,0.3537323267383434,velocity_abuse,REVIEW
101.74,0.25455427169799805,0.35314694202546515,velocity_abuse,REVIEW
836.48,0.24261267483234406,0.34582877967002446,velocity_abuse,REVIEW
1012.74,0.23034407198429108,0.3665296305235669,suspicious_device,REVIEW
732.61,0.3818911612033844,0.3895058406591589,velocity_abuse,REVIEW
131.53,0.3194039463996887,0.3755700924537839,unusual_amount,REVIEW
239.15,0.1856287270784378,0.35267485282039357,Clean,ALLOW
168.81,0.27811169624328613,0.3435813259203967,suspicious_device,REVIEW
185.27,0.24063408374786377,0.34147804873073395,suspicious_device,REVIEW
300.95,0.3060026466846466,0.3626232867613762,velocity_abuse,REVIEW
1159.21,0.5545095801353455,0.4403138351048151,account_takeover,REVIEW
121.39,0.2646225094795227,0.3513504706293828,velocity_abuse,REVIEW
378.87,0.19220025837421417,0.34811130573574556,Clean,ALLOW
120.2,0.3038732707500458,0.34913125776217385,velocity_abuse,REVIEW
924.08,0.6524713635444641,0.45013588843867014,account_takeover,REVIEW
138.66,0.23490957915782928,0.43446123991393115,velocity_abuse,REVIEW
73.94,0.40724316239356995,0.42147554879419735,velocity_abuse,REVIEW
365.07,0.20115604996681213,0.33731852356409414,velocity_abuse,REVIEW
1850.12,0.283532053232193,0.3656667552086286,velocity_abuse,REVIEW
220.57,0.1858125627040863,0.3550910395541642,Clean,ALLOW
249.18,0.23286697268486023,0.3451658192922743,suspicious_device,REVIEW
77.22,0.36773478984832764,0.3442894704468732,suspicious_device,REVIEW
217.5,0.2333473116159439,0.36379220328823936,velocity_abuse,REVIEW
149.81,0.12400370836257935,0.34926027353205125,Clean,ALLOW
307.82,0.27155163884162903,0.37993330830735084,suspicious_device,REVIEW
667.6,0.32224512100219727,0.3733315295567578,unusual_amount,REVIEW
1812.26,0.20969431102275848,0.3780752559425437,suspicious_device,REVIEW
396.87,0.3421523869037628,0.3589788555347184,velocity_abuse,REVIEW
730.14,0.22305689752101898,0.37589302292098237,suspicious_device,REVIEW
127.24,0.27439814805984497,0.3442410064569294,suspicious_device,REVIEW
165.01,0.25348997116088867,0.3471227801589704,suspicious_device,REVIEW
145.69,0.19811978936195374,0.395641856325264,Clean,ALLOW
321.19,0.19151955842971802,0.3327089139501611,Clean,ALLOW
156.45,0.5788445472717285,0.40635552184708107,suspicious_device,REVIEW
82.72,0.4174937307834625,0.41318215370413053,velocity_abuse,REVIEW
252.75,0.2367815524339676,0.33826385445188883,velocity_abuse,REVIEW
1089.65,0.2527218759059906,0.34390114113066494,velocity_abuse,REVIEW
88.27,0.37026485800743103,0.3975546936121076,velocity_abuse,REVIEW
466.38,0.41192665696144104,0.39805130850514314,suspicious_device,REVIEW
656.59,0.1612718105316162,0.3613173274964135,Clean,ALLOW
2719.74,0.33922362327575684,0.38210547462172956,suspicious_device,REVIEW
251.98,0.2642746567726135,0.4862319766660884,unusual_amount,REVIEW
503.05,0.23857727646827698,0.3595204214704173,velocity_abuse,REVIEW
127.38,0.1907031238079071,0.36543999096687135,Clean,ALLOW
2198.89,0.5551376938819885,0.4144550202112079,suspicious_device,REVIEW
955.25,0.2050282210111618,0.38682781657428705,velocity_abuse,REVIEW
434.82,0.3186586797237396,0.42565880790794197,velocity_abuse,REVIEW
258.84,0.20299886167049408,0.41650426944573926,suspicious_device,REVIEW
1779.17,0.1430838406085968,0.42255085705349393,Clean,ALLOW
4112.31,0.47411030530929565,0.40564327774578984,unusual_amount,REVIEW
455.01,0.19517888128757477,0.34339543776886466,Clean,ALLOW
227.98,0.1839451938867569,0.4319841440506657,Clean,ALLOW
224.3,0.2893253266811371,0.37261277482995797,unusual_amount,REVIEW
90.61,0.25165289640426636,0.3787836359243322,suspicious_device,REVIEW
275.47,0.3597927689552307,0.3717212167091157,suspicious_device,REVIEW
166.96,0.3132060468196869,0.3535469975110153,velocity_abuse,REVIEW
972.44,0.3910633623600006,0.4417552253230744,account_takeover,REVIEW
3956.91,0.5985544919967651,0.47463776221674114,unusual_amount,REVIEW
683.02,0.7718997597694397,0.4648145505569608,account_takeover,BLOCK
1256.06,0.20765738189220428,0.36885479954806977,suspicious_device,REVIEW
140.06,0.25978991389274597,0.3639937716084421,account_takeover,REVIEW
82.87,0.7541804909706116,0.4162406549597956,velocity_abuse,BLOCK
81.98,0.23643462359905243,0.34799045393300787,velocity_abuse,REVIEW
992.11,0.41810038685798645,0.4069264980088243,suspicious_device,REVIEW
61.3,0.3707658350467682,0.3646144587987164,velocity_abuse,REVIEW
241.34,0.20837323367595673,0.35654072693258365,suspicious_device,REVIEW
230.35,0.20970718562602997,0.36405202400831943,suspicious_device,REVIEW
344.45,0.5249027609825134,0.4260697384000764,account_takeover,REVIEW
414.88,0.19207412004470825,0.3756827107485602,Clean,ALLOW
107.91,0.2571083605289459,0.36732437108643673,suspicious_device,REVIEW
255.45,0.29768770933151245,0.38340380298942955,unusual_amount,REVIEW
91.04,0.2557152211666107,0.37965102523807476,unusual_amount,REVIEW
251.07,0.5430126190185547,0.4428315983161347,account_takeover,REVIEW
76.39,0.29036715626716614,0.34535061926317767,suspicious_device,REVIEW
225.4,0.2146267592906952,0.36895692627980986,unusual_amount,REVIEW
906.73,0.2223837822675705,0.3503265344383916,unusual_amount,REVIEW
1258.22,0.2529637813568115,0.3660113103328358,suspicious_device,REVIEW
1674.32,0.1965242177248001,0.37357965998439424,Clean,ALLOW
64.08,0.4982954263687134,0.3957920901149164,velocity_abuse,REVIEW
247.17,0.20760563015937805,0.36132948584196767,suspicious_device,REVIEW
244.41,0.3034919202327728,0.38368558072100967,velocity_abuse,REVIEW
519.58,0.18000172078609467,0.3495330998655808,Clean,ALLOW
152.74,0.18133947253227234,0.3815745825580046,Clean,ALLOW
350.42,0.25754356384277344,0.3834732262974515,velocity_abuse,REVIEW
326.51,0.16376341879367828,0.35972128501644945,Clean,ALLOW
643.93,0.23303645849227905,0.3488140455175945,suspicious_device,REVIEW
229.74,0.1263398975133896,0.3713147148706659,Clean,ALLOW
740.35,0.2363947033882141,0.3674697642502857,velocity_abuse,REVIEW
2170.74,0.48921871185302734,0.42506953895504507,suspicious_device,REVIEW
239.22,0.1770973950624466,0.38261665698902103,Clean,ALLOW
280.53,0.3635186553001404,0.4272580819078568,velocity_abuse,REVIEW
85.91,0.39043113589286804,0.4108212831066841,account_takeover,REVIEW
357.26,0.21449682116508484,0.38772635686980644,suspicious_device,REVIEW
622.63,0.1891096830368042,0.42775681673337224,Clean,ALLOW
717.6,0.27675896883010864,0.4077879046683461,account_takeover,REVIEW
980.64,0.24692827463150024,0.3696227624667542,velocity_abuse,REVIEW
1274.38,0.39110493659973145,0.38856966855219904,velocity_abuse,REVIEW
363.64,0.2188594937324524,0.3773336916743428,suspicious_device,REVIEW
40.71,0.4139057397842407,0.4349697735200949,velocity_abuse,REVIEW
388.47,0.20805855095386505,0.41917072143173495,velocity_abuse,REVIEW
278.58,0.21316692233085632,0.35702559132520395,suspicious_device,REVIEW
1106.52,0.2725493311882019,0.38405783605222166,velocity_abuse,REVIEW
949.81,0.4037857949733734,0.43746214989683224,velocity_abuse,REVIEW
439.81,0.1928735226392746,0.37646603037933274,Clean,ALLOW
369.18,0.19304604828357697,0.37908730735815904,Clean,ALLOW
409.24,0.3231542706489563,0.42294538476558324,velocity_abuse,REVIEW
172.4,0.18830011785030365,0.4209604451185081,Clean,ALLOW
704.54,0.19768749177455902,0.40158387297234316,Clean,ALLOW
122.16,0.33805984258651733,0.42987894988905606,suspicious_device,REVIEW
1504.25,0.2664726972579956,0.4016341982437848,suspicious_device,REVIEW
191.27,0.28306105732917786,0.4192189997892262,velocity_abuse,REVIEW
633.9,0.3228986859321594,0.41519258702595463,velocity_abuse,REVIEW
944.54,0.20825736224651337,0.3751906140603921,suspicious_device,REVIEW
205.61,0.20900458097457886,0.4086401276663504,suspicious_device,REVIEW
147.82,0.19010643661022186,0.3787206166563351,Clean,ALLOW
159.72,0.2316846251487732,0.3729341931256631,suspicious_device,REVIEW
505.58,0.19194163382053375,0.38388210765149133,Clean,ALLOW
195.37,0.1804238110780716,0.4239122188739337,Clean,ALLOW
255.65,0.19241248071193695,0.39174321732746,Clean,ALLOW
962.32,0.25091108679771423,0.3901963935503488,suspicious_device,REVIEW
323.6,0.17796416580677032,0.40816189365059924,Clean,ALLOW
69.13,0.37074047327041626,0.39964979692680275,suspicious_device,REVIEW
647.86,0.1740810126066208,0.39201496096272653,Clean,ALLOW
1046.0,0.24175554513931274,0.3824511223963998,velocity_abuse,REVIEW
120.82,0.2333408147096634,0.37819474839939365,velocity_abuse,REVIEW
197.83,0.2805359363555908,0.38452299140856216,suspicious_device,REVIEW
77.39,0.16716143488883972,0.38635720641308785,Clean,ALLOW
188.7,0.30692434310913086,0.3714029810220677,suspicious_device,REVIEW
1078.65,0.2603342831134796,0.372875817054787,velocity_abuse,REVIEW
94.27,0.2795625925064087,0.3736579579290649,suspicious_device,REVIEW
77.18,0.34109771251678467,0.3768930846081824,suspicious_device,REVIEW
3062.96,0.29922109842300415,0.39079513396069243,unusual_amount,REVIEW
334.49,0.18888522684574127,0.36734909664212373,Clean,ALLOW
254.95,0.24794036149978638,0.3766375456664373,suspicious_device,REVIEW
86.03,0.42728978395462036,0.38595178070987013,velocity_abuse,REVIEW
299.22,0.21415327489376068,0.36959047992113925,suspicious_device,REVIEW
327.75,0.15860401093959808,0.4286683855634822,Clean,ALLOW
245.22,0.18521994352340698,0.39742678191111763,Clean,ALLOW
381.49,0.1831798553466797,0.44640834504597676,Clean,ALLOW
47.79,0.15850898623466492,0.38391588012856714,Clean,ALLOW
141.13,0.20871923863887787,0.363989072862554,suspicious_device,REVIEW
543.82,0.1822972148656845,0.44336946790233595,Clean,ALLOW
124.59,0.19793486595153809,0.40086482263449785,Clean,ALLOW
739.44,0.6525707840919495,0.4555799775052565,account_takeover,REVIEW
892.51,0.21166783571243286,0.44736228124106686,suspicious_device,REVIEW
133.39,0.19007575511932373,0.40000385018926143,Clean,ALLOW
310.2,0.19740889966487885,0.3961708823577659,Clean,ALLOW
449.65,0.1185847818851471,0.4096144083267024,Clean,ALLOW
697.5,0.1592659056186676,0.4252576709050542,Clean,ALLOW
238.46,0.2048543393611908,0.4022344903756427,velocity_abuse,REVIEW
1512.61,0.5460487008094788,0.4354861653080278,velocity_abuse,REVIEW
123.71,0.2514968812465668,0.39133125579383976,velocity_abuse,REVIEW
1073.48,0.254883736371994,0.36599774928022316,suspicious_device,REVIEW
314.96,0.19178052246570587,0.40587659601513637,Clean,ALLOW
1253.37,0.31594353914260864,0.4218291751081878,account_takeover,REVIEW
762.77,0.24532684683799744,0.36930350651704236,suspicious_device,REVIEW
257.43,0.22954773902893066,0.35190559286738926,velocity_abuse,REVIEW
294.59,0.21690377593040466,0.3662664077067205,velocity_abuse,REVIEW
1116.12,0.19775182008743286,0.46033415483972895,Clean,ALLOW
957.55,0.21121250092983246,0.37063507141466195,velocity_abuse,REVIEW
402.51,0.23844832181930542,0.3732865904095066,velocity_abuse,REVIEW
232.11,0.2975652813911438,0.4458059549696851,suspicious_device,REVIEW
664.53,0.2196236103773117,0.38539993104466697,velocity_abuse,REVIEW
142.87,0.1868104189634323,0.4294660442214817,Clean,ALLOW
82.52,0.2831222712993622,0.37219168643942113,velocity_abuse,REVIEW
2823.98,0.30656933784484863,0.3745139585319075,unusual_amount,REVIEW
361.88,0.20490869879722595,0.3371771137482694,suspicious_device,REVIEW
383.35,0.25588345527648926,0.34191275250977293,velocity_abuse,REVIEW
298.95,0.4441969692707062,0.4329844017003486,velocity_abuse,REVIEW
682.46,0.42415720224380493,0.401607060553133,velocity_abuse,REVIEW
122.78,0.41401222348213196,0.34877895685792276,velocity_abuse,REVIEW
103.73,0.36530017852783203,0.39113027431765224,unusual_amount,REVIEW
130.69,0.2650532126426697,0.36170418843100327,velocity_abuse,REVIEW
167.77,0.664750337600708,0.4102308630830996,suspicious_device,REVIEW
150.22,0.1384696066379547,0.3627896957138112,Clean,ALLOW
134.81,0.24569962918758392,0.3678843455218151,velocity_abuse,REVIEW
362.56,0.18640299141407013,0.35539215316136863,Clean,ALLOW
354.04,0.8060548305511475,0.4694214633573473,velocity_abuse,BLOCK
885.61,0.3974802792072296,0.41364533925972585,velocity_abuse,REVIEW
462.98,0.23277294635772705,0.35520975107288993,velocity_abuse,REVIEW
718.98,0.21892383694648743,0.34494344529721715,velocity_abuse,REVIEW
392.1,0.2454157918691635,0.34503036567107614,velocity_abuse,REVIEW
238.35,0.2214474380016327,0.3536878670323404,velocity_abuse,REVIEW
233.48,0.2221660017967224,0.3490351648364985,suspicious_device,REVIEW
363.76,0.19959907233715057,0.3346366198081329,Clean,ALLOW
367.72,0.20688682794570923,0.34209509889114287,velocity_abuse,REVIEW
311.82,0.27854400873184204,0.3492201533898582,suspicious_device,REVIEW
226.87,0.24881026148796082,0.34305770272280334,velocity_abuse,REVIEW
100.83,0.3152422606945038,0.36608898571644033,velocity_abuse,REVIEW
875.68,0.23918379843235016,0.34825524031001714,velocity_abuse,REVIEW
695.32,0.24878747761249542,0.37064082356846484,velocity_abuse,REVIEW
240.29,0.376966267824173,0.37558736147024274,suspicious_device,REVIEW
265.43,0.27311936020851135,0.3431148406879696,suspicious_device,REVIEW
157.02,0.1916263848543167,0.38795969807260444,Clean,ALLOW
322.07,0.28249821066856384,0.36969870122649834,velocity_abuse,REVIEW
158.91,0.25785672664642334,0.3461384399935961,velocity_abuse,REVIEW
619.64,0.24332410097122192,0.3368772415850506,velocity_abuse,REVIEW
985.23,0.24280893802642822,0.3527407383058625,unusual_amount,REVIEW
157.45,0.37127238512039185,0.4206711167582502,velocity_abuse,REVIEW
570.83,0.1933256834745407,0.3541326162563449,Clean,ALLOW
299.22,0.23131752014160156,0.33548154497271354,suspicious_device,REVIEW
468.93,0.2962510287761688,0.4058551054582808,velocity_abuse,REVIEW
2346.15,0.25265195965766907,0.3836210220744567,unusual_amount,REVIEW
194.18,0.3323367238044739,0.38859018729529454,suspicious_device,REVIEW
881.38,0.19311901926994324,0.34715579128255963,Clean,ALLOW
574.26,0.3034069538116455,0.402045325778631,velocity_abuse,REVIEW
287.3,0.22059857845306396,0.34745653996416487,velocity_abuse,REVIEW
358.91,0.20734216272830963,0.3349602402207103,suspicious_device,REVIEW
241.32,0.3819836378097534,0.3914634247785887,unusual_amount,REVIEW
817.58,0.24285230040550232,0.3387796890636541,velocity_abuse,REVIEW
614.1,0.20567616820335388,0.399175392110784,velocity_abuse,REVIEW
742.1,0.6749460697174072,0.43217411839934644,account_takeover,REVIEW
325.77,0.22499428689479828,0.33097696428428847,velocity_abuse,REVIEW
230.56,0.20768292248249054,0.33258828572146015,suspicious_device,REVIEW
437.4,0.22100329399108887,0.3786036026906641,velocity_abuse,REVIEW
1004.59,0.2662307024002075,0.36046475625687396,velocity_abuse,REVIEW
873.66,0.3715423345565796,0.38036947800518645,velocity_abuse,REVIEW
900.22,0.2733771800994873,0.4382751952421191,unusual_amount,REVIEW
74.13,0.47177937626838684,0.40570988962966775,velocity_abuse,REVIEW
303.09,0.24689851701259613,0.3640623500533325,velocity_abuse,REVIEW
210.51,0.17849813401699066,0.36639493720744665,Clean,ALLOW
259.8,0.2372722625732422,0.3329785639044782,suspicious_device,REVIEW
663.12,0.23523268103599548,0.33554212915286363,velocity_abuse,REVIEW
362.74,0.22000697255134583,0.35679125843216203,velocity_abuse,REVIEW
128.71,0.25256165862083435,0.34730011860363375,velocity_abuse,REVIEW
930.82,0.21301953494548798,0.342438397339196,suspicious_device,REVIEW
314.53,0.33584272861480713,0.3481609669871169,suspicious_device,REVIEW
108.52,0.2823026478290558,0.38896176068741706,suspicious_device,REVIEW
435.28,0.20960304141044617,0.3678685052427504,velocity_abuse,REVIEW
252.51,0.2707999646663666,0.3843114529696787,suspicious_device,REVIEW
257.69,0.24164339900016785,0.3445670948663153,velocity_abuse,REVIEW
526.3,0.2797289192676544,0.3490087658904089,velocity_abuse,REVIEW
318.07,0.21445350348949432,0.3347525710268921,suspicious_device,REVIEW
336.62,0.30913862586021423,0.40180416012341513,velocity_abuse,REVIEW
53.6,0.1802009642124176,0.35259279010981176,Clean,ALLOW
1590.86,0.22464501857757568,0.3536147990444166,suspicious_device,REVIEW
549.25,0.4314451217651367,0.40820122767353834,suspicious_device,REVIEW
148.92,0.1838625967502594,0.3879671399729387,Clean,ALLOW
363.5,0.17234937846660614,0.36279973926353276,Clean,ALLOW
323.51,0.19528020918369293,0.326971360412675,Clean,ALLOW
204.28,0.23693056404590607,0.3658089074273933,suspicious_device,REVIEW
466.2,0.15602238476276398,0.3782917213713122,Clean,ALLOW
589.98,0.3687160909175873,0.3902678465310281,velocity_abuse,REVIEW
443.0,0.20374087989330292,0.3391725670457606,velocity_abuse,REVIEW
1070.08,0.2575315237045288,0.34279987110356025,suspicious_device,REVIEW
300.37,0.2101084440946579,0.33057536834133766,suspicious_device,REVIEW
495.1,0.2532031238079071,0.364666130551479,velocity_abuse,REVIEW
213.72,0.23626559972763062,0.3387202620999581,velocity_abuse,REVIEW
433.36,0.15314972400665283,0.3997746141949742,Clean,ALLOW
206.31,0.3914208710193634,0.41925979633974386,suspicious_device,REVIEW
716.41,0.18794402480125427,0.3427169068851842,Clean,ALLOW
149.38,0.14687718451023102,0.3435685117491863,Clean,ALLOW
1106.29,0.20996829867362976,0.3472226093183307,velocity_abuse,REVIEW
169.88,0.23650133609771729,0.367775164141064,suspicious_device,REVIEW
400.08,0.3943077027797699,0.3892398678290841,velocity_abuse,REVIEW
614.14,0.19738946855068207,0.3333304406141056,Clean,ALLOW
927.76,0.19234006106853485,0.3454528930166458,Clean,ALLOW
167.68,0.20316794514656067,0.35611039257906935,velocity_abuse,REVIEW
509.93,0.596849799156189,0.3903190674429244,suspicious_device,REVIEW
572.75,0.37061938643455505,0.3791473551906398,velocity_abuse,REVIEW
237.79,0.2144593447446823,0.3428292182842414,suspicious_device,REVIEW
2435.09,0.22683142125606537,0.3623920561036636,suspicious_device,REVIEW
574.93,0.2280566245317459,0.3485912370391398,velocity_abuse,REVIEW
1686.68,0.23822468519210815,0.3540315806612431,suspicious_device,REVIEW
792.44,0.21805885434150696,0.3281150036133286,velocity_abuse,REVIEW
145.41,0.1944202035665512,0.3883264428522356,Clean,ALLOW
475.31,0.17902249097824097,0.3342672919291319,Clean,ALLOW
573.59,0.18391165137290955,0.33206840699939855,Clean,ALLOW
74.24,0.48124662041664124,0.39400969535099345,account_takeover,REVIEW
514.61,0.18442457914352417,0.33366308474678497,Clean,ALLOW
354.3,0.18089571595191956,0.37772919644532615,Clean,ALLOW
458.17,0.1582929790019989,0.3738527917390789,Clean,ALLOW
104.48,0.27686166763305664,0.38489688090071605,unusual_amount,REVIEW
464.23,0.3909679055213928,0.38329521142389056,velocity_abuse,REVIEW
567.75,0.23151497542858124,0.350981145502227,unusual_amount,REVIEW
122.23,0.21674403548240662,0.34197920866050757,suspicious_device,REVIEW
464.26,0.17769759893417358,0.38337990279358075,Clean,ALLOW
239.89,0.22653986513614655,0.42396972007359074,unusual_amount,REVIEW
260.5,0.22562874853610992,0.3458122134251991,suspicious_device,REVIEW
364.48,0.2464120090007782,0.35690143967494636,velocity_abuse,REVIEW
569.06,0.37596455216407776,0.3567586099040518,suspicious_device,REVIEW
543.83,0.1847705841064453,0.3408107507098261,Clean,ALLOW
1304.88,0.2371213585138321,0.40628978080473094,unusual_amount,REVIEW
768.56,0.2034558653831482,0.34171856146612023,suspicious_device,REVIEW
1280.31,0.3130468726158142,0.37350221422254454,unusual_amount,REVIEW
366.02,0.1784229725599289,0.3367190311026512,Clean,ALLOW
598.87,0.21893492341041565,0.3338178753777071,suspicious_device,REVIEW
383.43,0.20744585990905762,0.3346222740089337,suspicious_device,REVIEW
409.18,0.20956122875213623,0.33810411888109865,velocity_abuse,REVIEW
162.3,0.22789910435676575,0.33812802509315865,suspicious_device,REVIEW
86.77,0.18864084780216217,0.3789207409254867,Clean,ALLOW
340.99,0.3088255822658539,0.3735670430468692,unusual_amount,REVIEW
131.08,0.19059938192367554,0.3441090584349414,Clean,ALLOW
720.68,0.254145085811615,0.34330808320930817,velocity_abuse,REVIEW
168.06,0.22766068577766418,0.3633319093129916,suspicious_device,REVIEW
1167.87,0.23779034614562988,0.3694332629075754,velocity_abuse,REVIEW
288.62,0.2926041781902313,0.33542434198939186,suspicious_device,REVIEW
1422.94,0.2625068128108978,0.35342891795567016,velocity_abuse,REVIEW
228.39,0.1729145050048828,0.35031711203364996,Clean,ALLOW
586.45,0.7264174222946167,0.43972986988202,account_takeover,REVIEW
171.31,0.24344635009765625,0.36040794324688746,velocity_abuse,REVIEW
88.75,0.2536880075931549,0.3618498980018497,suspicious_device,REVIEW
782.97,0.4500522315502167,0.39762811301041756,suspicious_device,REVIEW
392.34,0.20314909517765045,0.3635008505504634,suspicious_device,REVIEW
296.11,0.20250368118286133,0.3552907041397859,suspicious_device,REVIEW
393.66,0.1869976818561554,0.33306154036600116,Clean,ALLOW
417.8,0.1899508833885193,0.3667137321563009,Clean,ALLOW
1053.09,0.35706162452697754,0.3555564670837887,suspicious_device,REVIEW
136.7,0.11356572061777115,0.36162861993805745,Clean,ALLOW
519.45,0.2036852389574051,0.34886367805892293,velocity_abuse,REVIEW
522.36,0.2245297133922577,0.34931211368839077,velocity_abuse,REVIEW
327.35,0.17402753233909607,0.35839724263939177,Clean,ALLOW
975.95,0.23784416913986206,0.3417641917966524,suspicious_device,REVIEW
499.84,0.19035808742046356,0.33403996055629437,Clean,ALLOW
253.25,0.602685809135437,0.4278936641601303,suspicious_device,REVIEW
433.15,0.301823228597641,0.4784357888875802,account_takeover,REVIEW
885.79,0.21573103964328766,0.36763424556739754,suspicious_device,REVIEW
674.54,0.21594849228858948,0.36082580785052476,velocity_abuse,REVIEW
83.42,0.35611987113952637,0.37127069582168937,velocity_abuse,REVIEW
827.82,0.28368115425109863,0.42224572901266116,suspicious_device,REVIEW
940.34,0.21796590089797974,0.3881289640878146,velocity_abuse,REVIEW
42.29,0.18233737349510193,0.3716401235741977,Clean,ALLOW
1068.98,0.2999877631664276,0.3745226873887535,velocity_abuse,REVIEW
315.13,0.1695985198020935,0.4315827852064637,Clean,ALLOW
270.12,0.18128076195716858,0.37963309472394596,Clean,ALLOW
555.13,0.13281984627246857,0.4674041159658538,Clean,ALLOW
1220.04,0.32597869634628296,0.41184469534347884,suspicious_device,REVIEW
882.27,0.22991442680358887,0.3692845169595021,velocity_abuse,REVIEW
184.16,0.45347416400909424,0.41806332744459374,suspicious_device,REVIEW
772.24,0.22346386313438416,0.37126945828771396,suspicious_device,REVIEW
514.63,0.27464520931243896,0.392548580498382,suspicious_device,REVIEW
288.4,0.21486543118953705,0.36115962175837596,velocity_abuse,REVIEW
196.64,0.20850779116153717,0.39248888629563755,velocity_abuse,REVIEW
326.83,0.20799045264720917,0.3705454402946594,velocity_abuse,REVIEW
139.72,0.14753954112529755,0.3623873092780661,Clean,ALLOW
131.79,0.22494390606880188,0.42006402666058557,suspicious_device,REVIEW
734.42,0.21034693717956543,0.37407405627380846,velocity_abuse,REVIEW
355.76,0.1326884925365448,0.37066235130617003,Clean,ALLOW
147.3,0.1461041271686554,0.39248888629563755,Clean,ALLOW
198.5,0.21601133048534393,0.3830245693991966,suspicious_device,REVIEW
1521.37,0.27909278869628906,0.4054542723116499,suspicious_device,REVIEW
290.11,0.23714999854564667,0.40316196956688477,suspicious_device,REVIEW
66.13,0.374630868434906,0.4446306534275012,account_takeover,REVIEW
240.65,0.20147022604942322,0.37512385119836544,suspicious_device,REVIEW
681.72,0.2276441752910614,0.3768203984310248,velocity_abuse,REVIEW
624.12,0.3847774863243103,0.419317440355325,suspicious_device,REVIEW
431.39,0.18186166882514954,0.3942848643652635,Clean,ALLOW
173.76,0.21210387349128723,0.38571625262094594,suspicious_device,REVIEW
450.33,0.19532926380634308,0.36054335924637665,Clean,ALLOW
803.0,0.21840707957744598,0.3727190786885639,suspicious_device,REVIEW
190.6,0.19147346913814545,0.45500286664505185,Clean,ALLOW
1567.15,0.5234885215759277,0.46732107062621603,suspicious_device,REVIEW
304.93,0.3906274139881134,0.39708704090218827,velocity_abuse,REVIEW
150.3,0.15289443731307983,0.3931431698001319,Clean,ALLOW
242.31,0.22694018483161926,0.392785669834345,suspicious_device,REVIEW
1390.7,0.21845000982284546,0.40262074395698605,suspicious_device,REVIEW
1271.7,0.26236864924430847,0.3876217617070831,suspicious_device,REVIEW
175.12,0.2759101390838623,0.41919430248802847,suspicious_device,REVIEW
141.99,0.11228568106889725,0.3684332333147175,Clean,ALLOW
340.33,0.18965859711170197,0.36544261129819905,Clean,ALLOW
466.21,0.24047021567821503,0.39496302682220635,velocity_abuse,REVIEW
242.25,0.17051143944263458,0.41547887042597287,Clean,ALLOW
1542.39,0.2018313854932785,0.47242402756799284,velocity_abuse,REVIEW
92.75,0.3550988435745239,0.3793291439775854,velocity_abuse,REVIEW
286.26,0.20821289718151093,0.3918195092785775,velocity_abuse,REVIEW
348.01,0.2125135362148285,0.3837856852997538,velocity_abuse,REVIEW
173.94,0.4317548871040344,0.4388941650261249,velocity_abuse,REVIEW
213.17,0.4489271640777588,0.42563461798773705,velocity_abuse,REVIEW
960.94,0.4446811378002167,0.4009898221507859,velocity_abuse,REVIEW
218.37,0.21455292403697968,0.3856781820178013,velocity_abuse,REVIEW
529.99,0.1819758415222168,0.36263763250181114,Clean,ALLOW
150.84,0.21299593150615692,0.3706842169249485,suspicious_device,REVIEW
196.16,0.6278319954872131,0.42688020127060133,account_takeover,REVIEW
873.2,0.23801040649414062,0.38030577998843407,velocity_abuse,REVIEW
172.79,0.2722637355327606,0.3622798774465085,suspicious_device,REVIEW
413.35,0.21558593213558197,0.373017448742954,velocity_abuse,REVIEW
479.06,0.19968634843826294,0.35036260669861224,Clean,ALLOW
519.73,0.2330193817615509,0.3583406840294616,velocity_abuse,REVIEW
112.78,0.3002232611179352,0.35920709845544196,velocity_abuse,REVIEW
307.91,0.2389899343252182,0.35311402918120444,velocity_abuse,REVIEW
671.15,0.2426074892282486,0.47780857651773767,unusual_amount,REVIEW
186.75,0.24514073133468628,0.356004992623999,velocity_abuse,REVIEW
198.47,0.219691202044487,0.34884627635904775,velocity_abuse,REVIEW
192.24,0.2953767776489258,0.3786139308775026,velocity_abuse,REVIEW
454.42,0.46185562014579773,0.4659606004830081,account_takeover,REVIEW
176.0,0.27944695949554443,0.3417922384450745,suspicious_device,REVIEW
103.26,0.7871236205101013,0.4391009276241103,account_takeover,BLOCK
631.51,0.16173608601093292,0.38026074370278895,Clean,ALLOW
279.26,0.2575100362300873,0.3446719143743271,velocity_abuse,REVIEW
1258.7,0.24756847321987152,0.36212352570607764,suspicious_device,REVIEW
202.84,0.2143329679965973,0.335113928269133,velocity_abuse,REVIEW
107.55,0.5616468787193298,0.400342570572288,suspicious_device,REVIEW
1752.32,0.28726866841316223,0.35078580980872526,unusual_amount,REVIEW
290.27,0.26707586646080017,0.39102216774695137,suspicious_device,REVIEW
440.53,0.14530926942825317,0.38057667648439375,Clean,ALLOW
359.37,0.19454015791416168,0.33723545766534785,Clean,ALLOW
490.72,0.5545158386230469,0.42489996213687325,account_takeover,REVIEW
195.8,0.25889262557029724,0.35582686570273986,velocity_abuse,REVIEW
1676.81,0.5552701950073242,0.42161999703750724,account_takeover,REVIEW
227.77,0.22157059609889984,0.35002377065941975,suspicious_device,REVIEW
150.25,0.2038896381855011,0.34643407667953674,velocity_abuse,REVIEW
808.19,0.37289032340049744,0.3902524157581132,velocity_abuse,REVIEW
384.54,0.1429034173488617,0.3715273991312176,Clean,ALLOW
1736.21,0.42840614914894104,0.3875546242948155,suspicious_device,REVIEW
734.89,0.24368959665298462,0.333232926226349,velocity_abuse,REVIEW
865.72,0.3326406478881836,0.3627479566711416,velocity_abuse,REVIEW
828.16,0.24550867080688477,0.36782896027153533,velocity_abuse,REVIEW
717.96,0.27015408873558044,0.3449845478452569,velocity_abuse,REVIEW
185.33,0.2544698417186737,0.3615901789702305,suspicious_device,REVIEW
134.02,0.2438882291316986,0.3752792371002382,suspicious_device,REVIEW
150.81,0.15871132910251617,0.42659121055693444,Clean,ALLOW
632.96,0.3813580870628357,0.36871769613973315,velocity_abuse,REVIEW
2437.0,0.2767326831817627,0.364253504135217,suspicious_device,REVIEW
602.83,0.24591730535030365,0.35592789972015304,velocity_abuse,REVIEW
432.89,0.15260948240756989,0.3486705650184733,Clean,ALLOW
438.83,0.2095280885696411,0.33983548359002086,suspicious_device,REVIEW
819.68,0.29044613242149353,0.3465283300055295,velocity_abuse,REVIEW
557.0,0.2391144186258316,0.35420302740663107,suspicious_device,REVIEW
514.17,0.22421467304229736,0.33567274209770476,velocity_abuse,REVIEW
351.62,0.207116037607193,0.3310035065722003,velocity_abuse,REVIEW
550.25,0.21510934829711914,0.3656660779542969,velocity_abuse,REVIEW
482.27,0.20740385353565216,0.34408048961509463,velocity_abuse,REVIEW
209.11,0.2296336144208908,0.41701415191187113,unusual_amount,REVIEW
180.28,0.26529812812805176,0.3387329540103477,suspicious_device,REVIEW
2269.01,0.3623449206352234,0.3798828162437497,unusual_amount,REVIEW
193.17,0.23946547508239746,0.40326252430783627,suspicious_device,REVIEW
297.77,0.25182923674583435,0.33739703757829415,velocity_abuse,REVIEW
134.0,0.441349595785141,0.4199681764750964,account_takeover,REVIEW
307.59,0.2401735484600067,0.40792211941171175,velocity_abuse,REVIEW
1789.66,0.25706517696380615,0.3409280196888092,suspicious_device,REVIEW
113.96,0.3143679201602936,0.35992394800264726,velocity_abuse,REVIEW
437.61,0.2678467035293579,0.39004204505601037,suspicious_device,REVIEW
892.51,0.19875286519527435,0.3347905693609378,Clean,ALLOW
35.87,0.22051821649074554,0.341069573901173,velocity_abuse,REVIEW
546.68,0.2064526528120041,0.3448945697510931,velocity_abuse,REVIEW
82.42,0.4236103296279907,0.49173503883806824,velocity_abuse,REVIEW
225.74,0.19031481444835663,0.35915674042824086,Clean,ALLOW
1171.98,0.3347865641117096,0.3647548394395249,velocity_abuse,REVIEW
223.22,0.20365017652511597,0.3504307419122528,suspicious_device,REVIEW
188.87,0.21643418073654175,0.3361167823813194,suspicious_device,REVIEW
348.63,0.2560694217681885,0.3458260267087802,suspicious_device,REVIEW
1596.47,0.24523453414440155,0.35766337766594253,suspicious_device,REVIEW
499.81,0.47574350237846375,0.3761667426809702,suspicious_device,REVIEW
121.88,0.23208041489124298,0.36736898375267985,suspicious_device,REVIEW
236.15,0.19719423353672028,0.3282335601682669,Clean,ALLOW
611.02,0.17471528053283691,0.3875495683737008,Clean,ALLOW
246.18,0.13766051828861237,0.3514710379793012,Clean,ALLOW
389.0,0.18265531957149506,0.3426403623585679,Clean,ALLOW
249.09,0.26871347427368164,0.38586136066854754,unusual_amount,REVIEW
160.45,0.7113336324691772,0.4402354708194713,suspicious_device,REVIEW
253.1,0.2727488577365875,0.37048393835785987,velocity_abuse,REVIEW
150.17,0.2055429071187973,0.39640133498305863,velocity_abuse,REVIEW
506.46,0.2503213584423065,0.368922474213385,velocity_abuse,REVIEW
791.79,0.21353872120380402,0.3356659947590259,suspicious_device,REVIEW
101.63,0.4199877381324768,0.4050029139954314,velocity_abuse,REVIEW
297.44,0.23773352801799774,0.3618059138967166,velocity_abuse,REVIEW
67.62,0.45411133766174316,0.40278423094386584,suspicious_device,REVIEW
525.87,0.19622181355953217,0.33796273755774764,Clean,ALLOW
150.37,0.18555283546447754,0.40965405989837983,Clean,ALLOW
1171.01,0.6646876335144043,0.47341728475088984,account_takeover,REVIEW
399.72,0.15781916677951813,0.3345116880308443,Clean,ALLOW
239.91,0.7627279758453369,0.44846351563012604,account_takeover,BLOCK
454.58,0.23969347774982452,0.3708796124554362,velocity_abuse,REVIEW
303.79,0.23366591334342957,0.3323238216422655,velocity_abuse,REVIEW
1135.12,0.24584127962589264,0.33580740137292786,velocity_abuse,REVIEW
996.53,0.2541624903678894,0.3467363485363969,suspicious_device,REVIEW
549.26,0.20110049843788147,0.33596048936897405,suspicious_device,REVIEW
197.31,0.23146271705627441,0.35265978835735207,suspicious_device,REVIEW
1355.49,0.2037188559770584,0.37846747381531126,suspicious_device,REVIEW
921.36,0.24338170886039734,0.3953277760738248,account_takeover,REVIEW
1713.94,0.27208876609802246,0.35222540839633737,unusual_amount,REVIEW
1564.12,0.2644971013069153,0.34496689960004673,unusual_amount,REVIEW
235.92,0.2324250340461731,0.33867644647022505,suspicious_device,REVIEW
720.13,0.24211911857128143,0.3526448347484483,unusual_amount,REVIEW
256.03,0.21014255285263062,0.34053125853732136,velocity_abuse,REVIEW
1380.54,0.2170681208372116,0.3590595717750784,suspicious_device,REVIEW
422.78,0.17910781502723694,0.3424660082765553,Clean,ALLOW
372.57,0.18508844077587128,0.3390144190229272,Clean,ALLOW
367.53,0.16989758610725403,0.3407171705353006,Clean,ALLOW
461.56,0.1977941393852234,0.33808251784455123,Clean,ALLOW
201.83,0.4680432379245758,0.36462128880483635,suspicious_device,REVIEW
327.12,0.22846099734306335,0.3677464334590812,suspicious_device,REVIEW
762.95,0.18206055462360382,0.3467610837533138,Clean,ALLOW
174.12,0.21365705132484436,0.36987071077913186,suspicious_device,REVIEW
200.51,0.45073914527893066,0.35934799345117385,suspicious_device,REVIEW
3295.48,0.2467566281557083,0.3960249766589446,unusual_amount,REVIEW
189.54,0.17632907629013062,0.35248016010429806,Clean,ALLOW
240.4,0.3853842318058014,0.39475762180949725,suspicious_device,REVIEW
124.59,0.3307521641254425,0.46423939614704246,suspicious_device,REVIEW
178.35,0.19080913066864014,0.3776541118446286,Clean,ALLOW
806.38,0.339803010225296,0.41773716279463624,suspicious_device,REVIEW
143.07,0.16040168702602386,0.35908263183707934,Clean,ALLOW
148.68,0.14469286799430847,0.3731582296086672,Clean,ALLOW
32.95,0.3243531584739685,0.4965944819553845,account_takeover,REVIEW
120.62,0.19078294932842255,0.38063611603395386,Clean,ALLOW
1814.92,0.254231333732605,0.35103683948183106,unusual_amount,REVIEW
428.33,0.15720954537391663,0.44162175019218153,Clean,ALLOW
164.42,0.5061227083206177,0.4554745751788572,suspicious_device,REVIEW
220.61,0.22093133628368378,0.3413790325142437,suspicious_device,REVIEW
402.38,0.1894391030073166,0.36094409377130066,Clean,ALLOW
1044.4,0.2274724692106247,0.3576278635363864,suspicious_device,REVIEW
464.38,0.19604626297950745,0.3754614846069613,Clean,ALLOW
597.63,0.16114328801631927,0.4002631330211519,Clean,ALLOW
255.29,0.18780437111854553,0.35065465905296456,Clean,ALLOW
190.96,0.22196805477142334,0.33382475669502626,suspicious_device,REVIEW
1003.53,0.27078747749328613,0.3777353164260172,velocity_abuse,REVIEW
327.31,0.11787637323141098,0.41430217117583507,Clean,ALLOW
631.28,0.19987145066261292,0.3432207538553,Clean,ALLOW
96.89,0.21083645522594452,0.40792758571728427,velocity_abuse,REVIEW
294.57,0.31997689604759216,0.4236587294647738,velocity_abuse,REVIEW
156.38,0.18686114251613617,0.36936391850333783,Clean,ALLOW
173.1,0.22666490077972412,0.33811322602435445,suspicious_device,REVIEW
780.86,0.22062775492668152,0.33974860399683754,velocity_abuse,REVIEW
538.47,0.21316687762737274,0.34285087390319613,suspicious_device,REVIEW
1126.84,0.2500878870487213,0.34833854767951167,suspicious_device,REVIEW
135.81,0.19712059199810028,0.34511338366734184,Clean,ALLOW
707.18,0.24158121645450592,0.36138435379582384,velocity_abuse,REVIEW
117.14,0.2453213930130005,0.3720527808703185,suspicious_device,REVIEW
436.84,0.26120859384536743,0.3348545910235342,suspicious_device,REVIEW
243.93,0.23761367797851562,0.34401494717379544,suspicious_device,REVIEW
283.82,0.3801610767841339,0.39915579427038694,suspicious_device,REVIEW
190.9,0.444741427898407,0.3806971628486283,suspicious_device,REVIEW
309.04,0.2081589251756668,0.352253953003334,suspicious_device,REVIEW
315.97,0.19779908657073975,0.36680494455303475,Clean,ALLOW
643.71,0.2654482424259186,0.42097405902402124,suspicious_device,REVIEW
144.92,0.1856832206249237,0.3911570564995221,Clean,ALLOW
133.07,0.15927565097808838,0.3830654621912361,Clean,ALLOW
379.81,0.22314250469207764,0.37011419551258795,velocity_abuse,REVIEW
1540.98,0.30738988518714905,0.383577417819662,suspicious_device,REVIEW
202.38,0.1251966506242752,0.3928929472881396,Clean,ALLOW
919.8,0.18341362476348877,0.38322692489888177,Clean,ALLOW
86.95,0.26736170053482056,0.39687928456113375,velocity_abuse,REVIEW
107.81,0.24329163134098053,0.3723977740431956,suspicious_device,REVIEW
461.62,0.1732538640499115,0.3728768423382911,Clean,ALLOW
337.02,0.2892903983592987,0.4013888097992135,velocity_abuse,REVIEW
174.5,0.18783240020275116,0.3891985748755439,Clean,ALLOW
36.37,0.18842817842960358,0.3791150438843002,Clean,ALLOW
212.85,0.20876263082027435,0.4102659106062437,velocity_abuse,REVIEW
410.77,0.21266421675682068,0.3630301475902772,velocity_abuse,REVIEW
259.31,0.25254881381988525,0.4114911718588421,velocity_abuse,REVIEW
170.89,0.5863419771194458,0.4483294435030923,suspicious_device,REVIEW
157.59,0.3198072612285614,0.43437856785184586,suspicious_device,REVIEW
200.6,0.3246026039123535,0.4634393797416912,velocity_abuse,REVIEW
222.25,0.220423623919487,0.38156369373923554,velocity_abuse,REVIEW
147.55,0.1570710986852646,0.37303527260993796,Clean,ALLOW
1713.2,0.21584506332874298,0.3812681157862085,suspicious_device,REVIEW
452.82,0.18148033320903778,0.3724303560291039,Clean,ALLOW
417.56,0.1719040721654892,0.4038369289065881,Clean,ALLOW
34.31,0.2904072701931,0.3787447885275348,velocity_abuse,REVIEW
1193.24,0.23163960874080658,0.40730426336787284,suspicious_device,REVIEW
878.22,0.2353341430425644,0.3817427846875864,velocity_abuse,REVIEW
278.3,0.2284032255411148,0.3769126791181863,velocity_abuse,REVIEW
83.73,0.28064993023872375,0.3657540600446909,velocity_abuse,REVIEW
240.28,0.3096534013748169,0.3739090988276523,suspicious_device,REVIEW
221.82,0.21812796592712402,0.3614484492685004,suspicious_device,REVIEW
874.85,0.19726841151714325,0.39103533896825643,Clean,ALLOW
106.72,0.34398379921913147,0.3956850224702583,velocity_abuse,REVIEW
513.52,0.21473810076713562,0.36938695741569527,velocity_abuse,REVIEW
234.6,0.22280539572238922,0.3954820301342009,velocity_abuse,REVIEW
2811.77,0.3109881281852722,0.42019077601363125,suspicious_device,REVIEW
204.5,0.6099496483802795,0.4393750203011109,suspicious_device,REVIEW
312.96,0.1743789166212082,0.38151972571991594,Clean,ALLOW
373.24,0.1771373301744461,0.40953276111051634,Clean,ALLOW
365.94,0.2660272419452667,0.3722329576038047,velocity_abuse,REVIEW
415.79,0.2878539562225342,0.41579975129488134,suspicious_device,REVIEW
74.06,0.19794544577598572,0.3927817379703511,Clean,ALLOW
1239.48,0.2619837522506714,0.37325405871361156,suspicious_device,REVIEW
486.16,0.1957099735736847,0.3991192726653195,Clean,ALLOW
429.35,0.18757732212543488,0.38584823675123914,Clean,ALLOW
123.76,0.19169823825359344,0.3691324450129162,Clean,ALLOW
584.9,0.17567987740039825,0.3884145105903186,Clean,ALLOW
1744.17,0.22066369652748108,0.3944274403540656,suspicious_device,REVIEW
216.3,0.19198153913021088,0.3751163993751518,Clean,ALLOW
1194.28,0.203029602766037,0.45888601641720994,velocity_abuse,REVIEW
350.26,0.16911804676055908,0.39557341871420215,Clean,ALLOW
176.37,0.19883374869823456,0.3712367443549147,Clean,ALLOW
52.14,0.27720314264297485,0.42717700741875,velocity_abuse,REVIEW
463.57,0.3323911130428314,0.42128297213815363,velocity_abuse,REVIEW
292.76,0.21236655116081238,0.3748438059598485,suspicious_device,REVIEW
1265.49,0.2512694001197815,0.3901998118757306,velocity_abuse,REVIEW
1072.47,0.22436216473579407,0.3986807252057088,velocity_abuse,REVIEW
482.94,0.1714104562997818,0.3714712799869136,Clean,ALLOW
614.47,0.4120156764984131,0.5023608252334016,velocity_abuse,REVIEW
649.88,0.45299673080444336,0.46607960670170984,account_takeover,REVIEW
419.42,0.19139382243156433,0.40456911098390835,Clean,ALLOW
137.96,0.12280317395925522,0.45195822334678626,Clean,ALLOW
640.1,0.35253235697746277,0.4472993107980208,velocity_abuse,REVIEW
355.14,0.6608759164810181,0.4907272655204265,account_takeover,REVIEW
320.25,0.3258247971534729,0.48298643597227564,velocity_abuse,REVIEW
243.52,0.4205014109611511,0.39845955750223105,suspicious_device,REVIEW
220.3,0.2429206520318985,0.3889544856674316,suspicious_device,REVIEW
103.21,0.25238311290740967,0.376035957251838,velocity_abuse,REVIEW
479.12,0.26962968707084656,0.3997643806525673,velocity_abuse,REVIEW
506.79,0.2745121717453003,0.3832255455777472,velocity_abuse,REVIEW
335.42,0.25784870982170105,0.36627087900442906,velocity_abuse,REVIEW
434.94,0.44801291823387146,0.4230185787373613,velocity_abuse,REVIEW
95.22,0.2705865204334259,0.3557581498214817,velocity_abuse,REVIEW
162.43,0.25575125217437744,0.34940694700743713,velocity_abuse,REVIEW
1239.2,0.32952994108200073,0.35865069116555226,suspicious_device,REVIEW
893.93,0.3735085427761078,0.4075393333676877,suspicious_device,REVIEW
677.35,0.22252897918224335,0.41912101408015195,velocity_abuse,REVIEW
409.11,0.21375352144241333,0.3554139336087863,velocity_abuse,REVIEW
175.04,0.34246665239334106,0.3834948379634617,velocity_abuse,REVIEW
1589.58,0.25960516929626465,0.36562338131189287,suspicious_device,REVIEW
138.42,0.2794440984725952,0.3479135996610546,suspicious_device,REVIEW
224.31,0.24079151451587677,0.36637230724031283,velocity_abuse,REVIEW
47.04,0.36693131923675537,0.4164737867290949,velocity_abuse,REVIEW
974.94,0.23160508275032043,0.3616948023941982,suspicious_device,REVIEW
332.04,0.42051586508750916,0.40004069396994685,suspicious_device,REVIEW
417.49,0.30370375514030457,0.3905030163254103,velocity_abuse,REVIEW
402.59,0.2572215497493744,0.3542963371131256,velocity_abuse,REVIEW
961.83,0.2822771668434143,0.35586468753558054,velocity_abuse,REVIEW
549.05,0.2161317616701126,0.3678668923338455,velocity_abuse,REVIEW
4060.66,0.7813042998313904,0.5283784232713458,account_takeover,BLOCK
794.44,0.16555669903755188,0.38825696265370596,Clean,ALLOW
396.12,0.26288631558418274,0.343941139189417,velocity_abuse,REVIEW
222.88,0.6614012718200684,0.44634035178099823,account_takeover,REVIEW
1122.51,0.41465529799461365,0.41959219966916067,velocity_abuse,REVIEW
203.61,0.48781618475914,0.4714011071196622,account_takeover,REVIEW
1077.29,0.2865954339504242,0.4032871268459843,velocity_abuse,REVIEW
1021.31,0.5008938908576965,0.460601984296901,velocity_abuse,REVIEW
364.88,0.23723122477531433,0.3652687107688744,velocity_abuse,REVIEW
533.95,0.36227113008499146,0.389393129229316,suspicious_device,REVIEW
60.56,0.3645150363445282,0.3757140738722566,velocity_abuse,REVIEW
955.71,0.22760961949825287,0.39321059988375373,velocity_abuse,REVIEW
440.32,0.17768578231334686,0.35704885196762787,Clean,ALLOW
729.89,0.2527417838573456,0.3487107033299296,velocity_abuse,REVIEW
617.77,0.3530227243900299,0.3838610480954299,suspicious_device,REVIEW
1046.8,0.4122799336910248,0.3857577146872658,velocity_abuse,REVIEW
585.37,0.22981299459934235,0.3394506566423174,velocity_abuse,REVIEW
287.57,0.20502369105815887,0.3747964112253788,velocity_abuse,REVIEW
737.3,0.2984181344509125,0.35135502973856836,suspicious_device,REVIEW
222.03,0.33558815717697144,0.36826077171862687,suspicious_device,REVIEW
33.9,0.24735413491725922,0.3556592749947925,suspicious_device,REVIEW
436.16,0.2609444260597229,0.35116576175759506,suspicious_device,REVIEW
583.53,0.2139568030834198,0.35430648197365966,suspicious_device,REVIEW
52.29,0.20447181165218353,0.36769284779736444,velocity_abuse,REVIEW
675.86,0.2545780837535858,0.33937059931469726,velocity_abuse,REVIEW
134.25,0.29858338832855225,0.42326507591961593,velocity_abuse,REVIEW
1055.69,0.30167990922927856,0.3562360145511292,velocity_abuse,REVIEW
317.38,0.21130013465881348,0.3437175345387405,suspicious_device,REVIEW
1478.36,0.29010888934135437,0.3835127496804215,velocity_abuse,REVIEW
473.51,0.21856589615345,0.3470344923730063,velocity_abuse,REVIEW
88.04,0.31471166014671326,0.35530059585632845,velocity_abuse,REVIEW
608.31,0.478187620639801,0.46116464905561483,suspicious_device,REVIEW
122.49,0.28869330883026123,0.3841721270570383,suspicious_device,REVIEW
124.96,0.29218819737434387,0.39184021902915844,velocity_abuse,REVIEW
210.0,0.22859345376491547,0.32929467095105924,suspicious_device,REVIEW
334.93,0.19501301646232605,0.3548066354961159,Clean,ALLOW
359.27,0.24009807407855988,0.3548835584093917,velocity_abuse,REVIEW
170.47,0.2403573989868164,0.3648841471393328,suspicious_device,REVIEW
243.08,0.2694760859012604,0.3420940202403633,suspicious_device,REVIEW
81.54,0.3370739221572876,0.3365500092450015,velocity_abuse,REVIEW
2363.66,0.25448715686798096,0.3577718134150594,unusual_amount,REVIEW
144.62,0.19347043335437775,0.3504693267848557,Clean,ALLOW
713.81,0.23556464910507202,0.34969838813372456,velocity_abuse,REVIEW
329.35,0.3098996579647064,0.370040852184831,velocity_abuse,REVIEW
157.9,0.21888360381126404,0.34131620834571835,suspicious_device,REVIEW
229.87,0.30218765139579773,0.34370569884440977,suspicious_device,REVIEW
829.63,0.2092299908399582,0.34935938167211833,suspicious_device,REVIEW
143.18,0.20089000463485718,0.40546020915046593,suspicious_device,REVIEW
150.67,0.27685874700546265,0.38204372404643194,velocity_abuse,REVIEW
414.06,0.19609034061431885,0.38007523574865804,Clean,ALLOW
401.92,0.8016778826713562,0.4611137989223301,account_takeover,BLOCK
58.76,0.36119118332862854,0.3594847622912391,velocity_abuse,REVIEW
93.03,0.2906363010406494,0.3733993881843163,velocity_abuse,REVIEW
1343.49,0.2634527385234833,0.4142993208693732,unusual_amount,REVIEW
832.66,0.39094796776771545,0.42817899407411664,suspicious_device,REVIEW
1100.66,0.23440147936344147,0.41606998616744717,velocity_abuse,REVIEW
175.9,0.17256999015808105,0.3589998616580587,Clean,ALLOW
239.64,0.1722240298986435,0.347333333620052,Clean,ALLOW
142.68,0.1399114429950714,0.44365837631552696,Clean,ALLOW
376.37,0.29235443472862244,0.35377108790869405,suspicious_device,REVIEW
673.01,0.23059746623039246,0.37771837513678874,suspicious_device,REVIEW
195.12,0.228635773062706,0.4483002525434652,velocity_abuse,REVIEW
260.95,0.19878225028514862,0.34752925503522497,Clean,ALLOW
420.88,0.20361220836639404,0.3342705646216102,velocity_abuse,REVIEW
880.24,0.23602311313152313,0.3891246812784548,velocity_abuse,REVIEW
232.29,0.29229727387428284,0.3851465192176203,suspicious_device,REVIEW
186.83,0.33167797327041626,0.3629596813602308,suspicious_device,REVIEW
669.57,0.27094241976737976,0.357201290391366,suspicious_device,REVIEW
271.58,0.307913213968277,0.37818431001444647,suspicious_device,REVIEW
383.68,0.18359729647636414,0.3595934889222768,Clean,ALLOW
966.57,0.2871522605419159,0.34879886239498026,suspicious_device,REVIEW
598.18,0.18739750981330872,0.3547857525743995,Clean,ALLOW
163.67,0.22925803065299988,0.3638329177042817,suspicious_device,REVIEW
585.53,0.17341309785842896,0.37742171478627135,Clean,ALLOW
160.52,0.2192024141550064,0.3441576241368956,velocity_abuse,REVIEW
197.09,0.8448063731193542,0.4299131369239957,account_takeover,BLOCK
557.99,0.23531439900398254,0.41202930848188396,suspicious_device,REVIEW
613.31,0.19122913479804993,0.3418507572061842,Clean,ALLOW
552.2,0.36083245277404785,0.39717990674166526,suspicious_device,REVIEW
396.13,0.2125205546617508,0.3580895396057968,velocity_abuse,REVIEW
229.52,0.22079601883888245,0.3698964536671806,suspicious_device,REVIEW
609.62,0.2662099003791809,0.36798166250924325,velocity_abuse,REVIEW
1483.22,0.17311319708824158,0.3908034171298199,Clean,ALLOW
570.45,0.28438395261764526,0.40327557007204007,suspicious_device,REVIEW
1926.47,0.2282085418701172,0.448034220138796,unusual_amount,REVIEW
1065.56,0.2428349256515503,0.3517091596913152,velocity_abuse,REVIEW
403.55,0.3408552408218384,0.41402930981111113,velocity_abuse,REVIEW
128.36,0.2071131318807602,0.3684939786057249,suspicious_device,REVIEW
1601.92,0.23503932356834412,0.443377267176442,suspicious_device,REVIEW
164.49,0.23142105340957642,0.3409439171914428,suspicious_device,REVIEW
147.62,0.21639108657836914,0.3662078612109505,velocity_abuse,REVIEW
586.83,0.23848286271095276,0.35905504496862684,suspicious_device,REVIEW
401.73,0.1970209926366806,0.33030592777292744,Clean,ALLOW
1094.0,0.2459098845720291,0.401453114706781,unusual_amount,REVIEW
454.59,0.20040974020957947,0.3430754874211463,velocity_abuse,REVIEW
599.19,0.18816645443439484,0.34868378066143413,Clean,ALLOW
226.08,0.1841287910938263,0.37372407892480275,Clean,ALLOW
367.91,0.16502554714679718,0.378267403688211,Clean,ALLOW
1125.57,0.2562856376171112,0.35599593730129936,suspicious_device,REVIEW
284.76,0.26015594601631165,0.35546242136780865,suspicious_device,REVIEW
2169.11,0.3319670557975769,0.3759325503336504,unusual_amount,REVIEW
241.25,0.3287995457649231,0.40260259198950754,suspicious_device,REVIEW
653.68,0.22009944915771484,0.34476952146047085,velocity_abuse,REVIEW
1878.22,0.23553739488124847,0.3564406690873315,suspicious_device,REVIEW
160.94,0.21432361006736755,0.3372177796465597,suspicious_device,REVIEW
901.52,0.37101876735687256,0.3875186815770958,suspicious_device,REVIEW
1535.05,0.26940295100212097,0.362997923524871,suspicious_device,REVIEW
364.07,0.369324266910553,0.39976308567208046,suspicious_device,REVIEW
772.2,0.5079639554023743,0.4384466625497235,account_takeover,REVIEW
377.92,0.2137933075428009,0.385659082281602,suspicious_device,REVIEW
69.02,0.3393172025680542,0.3735882196475757,velocity_abuse,REVIEW
1377.69,0.2657492756843567,0.3522401828395377,suspicious_device,REVIEW
146.81,0.16575172543525696,0.3785965382636395,Clean,ALLOW
476.28,0.1829419732093811,0.35487440669196335,Clean,ALLOW
105.27,0.20801720023155212,0.3419465274242864,suspicious_device,REVIEW
382.79,0.2404731661081314,0.35673410256314647,suspicious_device,REVIEW
146.58,0.1383192390203476,0.37461573821548644,Clean,ALLOW
573.67,0.33696067333221436,0.43338968375791925,velocity_abuse,REVIEW
785.86,0.2243334949016571,0.3661105904874267,velocity_abuse,REVIEW
734.81,0.6307121515274048,0.40473661666077887,suspicious_device,REVIEW
466.16,0.1908237338066101,0.3429131978912127,Clean,ALLOW
280.01,0.21468032896518707,0.4342266763595734,unusual_amount,REVIEW
97.63,0.792509913444519,0.4742131682380647,account_takeover,BLOCK
62.51,0.5112203359603882,0.3897528233447657,velocity_abuse,REVIEW
264.66,0.22410330176353455,0.3986773593891861,velocity_abuse,REVIEW
277.16,0.6608977317810059,0.469737906883047,account_takeover,REVIEW
232.68,0.21841436624526978,0.3494323156547858,suspicious_device,REVIEW
429.76,0.18330168724060059,0.34359195730260206,Clean,ALLOW
480.79,0.31886619329452515,0.3880325568669788,suspicious_device,REVIEW
177.4,0.235212042927742,0.3438302909466321,suspicious_device,REVIEW
383.57,0.21053506433963776,0.3389660043853991,suspicious_device,REVIEW
1202.38,0.21582557260990143,0.37517822806130735,suspicious_device,REVIEW
5385.61,0.592149019241333,0.43702263494492405,unusual_amount,REVIEW
1038.32,0.3725125789642334,0.3767150576295318,velocity_abuse,REVIEW
230.6,0.22259102761745453,0.36792832493791905,velocity_abuse,REVIEW
2258.35,0.21427246928215027,0.3835648898710696,suspicious_device,REVIEW
106.45,0.3919313848018646,0.42856555784588896,velocity_abuse,REVIEW
503.13,0.38330549001693726,0.39657263309589363,suspicious_device,REVIEW
673.13,0.1452261358499527,0.36936376798815884,Clean,ALLOW
167.72,0.2026529461145401,0.3537109709081771,suspicious_device,REVIEW
465.18,0.21214646100997925,0.3613115172863911,suspicious_device,REVIEW
95.82,0.29954394698143005,0.3722150682814152,velocity_abuse,REVIEW
176.67,0.5017575621604919,0.45119016338936985,velocity_abuse,REVIEW
177.74,0.21419671177864075,0.37584309533577226,suspicious_device,REVIEW
177.93,0.21302570402622223,0.37553884489846057,suspicious_device,REVIEW
127.48,0.2511250674724579,0.4559825378137873,velocity_abuse,REVIEW
295.9,0.21823568642139435,0.36429385477945697,suspicious_device,REVIEW
1313.32,0.3610525131225586,0.39671225986086345,velocity_abuse,REVIEW
230.78,0.1959126591682434,0.3826472829548145,Clean,ALLOW
199.87,0.28798753023147583,0.374713326494212,suspicious_device,REVIEW
497.67,0.1680484414100647,0.3869408873780564,Clean,ALLOW
242.34,0.19064953923225403,0.39386987802855417,Clean,ALLOW
1668.17,0.20726236701011658,0.40827303446217766,suspicious_device,REVIEW
1997.31,0.24363860487937927,0.44271197433900356,unusual_amount,REVIEW
1149.86,0.2730453312397003,0.36640188598671714,velocity_abuse,REVIEW
853.51,0.22598248720169067,0.40301888379027667,velocity_abuse,REVIEW
244.94,0.19800031185150146,0.39691184150558323,Clean,ALLOW
64.79,0.438239723443985,0.39507489930244893,suspicious_device,REVIEW
1938.81,0.5182762145996094,0.42965746193622234,unusual_amount,REVIEW
872.88,0.19030743837356567,0.39573826833751424,Clean,ALLOW
433.83,0.20080174505710602,0.36651361821351164,velocity_abuse,REVIEW
412.03,0.2230793982744217,0.3701745088396653,suspicious_device,REVIEW
514.5,0.1821829378604889,0.3815911732688857,Clean,ALLOW
73.72,0.3694407343864441,0.36934433175041426,suspicious_device,REVIEW
444.16,0.19334176182746887,0.36640732277481386,Clean,ALLOW
410.8,0.22747302055358887,0.37646787646428675,velocity_abuse,REVIEW
529.85,0.21221251785755157,0.36736548958082393,velocity_abuse,REVIEW
696.13,0.19197823107242584,0.3941492745286984,Clean,ALLOW
520.57,0.15173932909965515,0.37989524337879393,Clean,ALLOW
317.4,0.21651333570480347,0.4064790558828301,velocity_abuse,REVIEW
240.78,0.21567673981189728,0.3766726977794133,suspicious_device,REVIEW
301.73,0.23095197975635529,0.3660703917207564,velocity_abuse,REVIEW
499.94,0.1956193894147873,0.40369908803370436,Clean,ALLOW
46.69,0.2920386791229248,0.44837369842043334,suspicious_device,REVIEW
1038.87,0.3574140965938568,0.4525288004505677,velocity_abuse,REVIEW
705.88,0.29703059792518616,0.37927707450716286,suspicious_device,REVIEW
2955.63,0.27880358695983887,0.39259536080089247,unusual_amount,REVIEW
1866.26,0.5443012714385986,0.46107071825072904,suspicious_device,REVIEW
193.17,0.27959945797920227,0.48103878846367065,velocity_abuse,REVIEW
77.98,0.23225972056388855,0.38221908773291907,velocity_abuse,REVIEW
853.02,0.2573545575141907,0.39921967511998224,suspicious_device,REVIEW
30.21,0.2979441285133362,0.39397403641079337,unusual_amount,REVIEW
94.11,0.2190772444009781,0.4706571667947477,velocity_abuse,REVIEW
1276.94,0.2964838445186615,0.3938220370220732,velocity_abuse,REVIEW
163.15,0.20157963037490845,0.458529554162038,suspicious_device,REVIEW
915.51,0.22407402098178864,0.36368806750242605,velocity_abuse,REVIEW
450.85,0.21814030408859253,0.37693340289808125,suspicious_device,REVIEW
825.61,0.3194006085395813,0.4807086288311294,velocity_abuse,REVIEW
1056.0,0.3374910354614258,0.39824128166293515,suspicious_device,REVIEW
585.56,0.4658604860305786,0.4708962808106937,suspicious_device,REVIEW
219.79,0.2349976897239685,0.3764534377566934,suspicious_device,REVIEW
806.13,0.2742355465888977,0.3888396017527077,velocity_abuse,REVIEW
582.25,0.16766725480556488,0.4061993712729694,Clean,ALLOW
256.23,0.2534026801586151,0.3763387589683422,velocity_abuse,REVIEW
608.45,0.21315370500087738,0.39900309001755496,velocity_abuse,REVIEW
233.7,0.187139093875885,0.3732386063253387,Clean,ALLOW
461.2,0.2183467298746109,0.4183897632102773,velocity_abuse,REVIEW
1823.03,0.31345313787460327,0.43876693324153043,unusual_amount,REVIEW
65.24,0.36592140793800354,0.41332856077281993,velocity_abuse,REVIEW
279.29,0.22565880417823792,0.36670512905099734,suspicious_device,REVIEW
447.07,0.20292441546916962,0.3727334244249575,suspicious_device,REVIEW
314.03,0.22928088903427124,0.4130529309113745,velocity_abuse,REVIEW
1041.66,0.2580671012401581,0.40681528145655504,suspicious_device,REVIEW
1190.84,0.3167567551136017,0.4243835933135093,velocity_abuse,REVIEW
665.02,0.2098168283700943,0.3643758173108987,suspicious_device,REVIEW
247.03,0.22176408767700195,0.36923930078382133,suspicious_device,REVIEW
466.3,0.21490159630775452,0.3665469250041589,suspicious_device,REVIEW
159.77,0.2044837921857834,0.39972009120269564,suspicious_device,REVIEW
561.84,0.260073721408844,0.3844405403352881,suspicious_device,REVIEW
151.58,0.18693020939826965,0.3733265442649409,Clean,ALLOW
399.63,0.21980006992816925,0.37064642164092526,suspicious_device,REVIEW
308.75,0.8062375783920288,0.5166088132500162,suspicious_device,BLOCK
565.94,0.3221242427825928,0.4004920863823957,suspicious_device,REVIEW
137.61,0.1518893837928772,0.3844656154172258,Clean,ALLOW
312.46,0.29655858874320984,0.3987398359358267,suspicious_device,REVIEW
351.29,0.41267794370651245,0.43705520993010816,suspicious_device,REVIEW
244.47,0.2159537523984909,0.4040273096536473,suspicious_device,REVIEW
137.97,0.1872476488351822,0.3963910911940512,Clean,ALLOW
666.69,0.2434048056602478,0.3895750157337293,suspicious_device,REVIEW
1249.87,0.33476462960243225,0.46079651815570105,velocity_abuse,REVIEW
88.4,0.3609887659549713,0.42667703096225584,velocity_abuse,REVIEW
608.28,0.23471865057945251,0.40403690749298554,suspicious_device,REVIEW
504.64,0.18977873027324677,0.42629264493782437,Clean,ALLOW
173.6,0.24828842282295227,0.48506574549687514,velocity_abuse,REVIEW
165.23,0.28650015592575073,0.37414398850270764,velocity_abuse,REVIEW
524.28,0.20691260695457458,0.39506670659571674,unusual_amount,REVIEW
1352.62,0.31457582116127014,0.38376945995914546,velocity_abuse,REVIEW
663.07,0.26362699270248413,0.39377042929182793,velocity_abuse,REVIEW
412.59,0.18696372210979462,0.4027951871346682,Clean,ALLOW
1971.18,0.20825597643852234,0.3955283712638401,unusual_amount,REVIEW
325.69,0.2282477766275406,0.3922851044386092,velocity_abuse,REVIEW
106.47,0.26424846053123474,0.40461058169694164,suspicious_device,REVIEW
199.96,0.20422939956188202,0.43946130775853426,unusual_amount,REVIEW
167.93,0.2791195213794708,0.3653629165270224,suspicious_device,REVIEW
472.44,0.3248286247253418,0.5065844358515612,velocity_abuse,REVIEW
600.13,0.15358588099479675,0.4440398849459873,Clean,ALLOW
84.95,0.5252074003219604,0.46769245477541227,unusual_amount,REVIEW
586.15,0.30655068159103394,0.3828639160478689,velocity_abuse,REVIEW
72.6,0.3956065773963928,0.3837765325180071,velocity_abuse,REVIEW
536.79,0.29460495710372925,0.3805635047519225,velocity_abuse,REVIEW
310.84,0.233658567070961,0.36561179315629727,velocity_abuse,REVIEW
887.95,0.3086235821247101,0.3564311110311531,velocity_abuse,REVIEW
185.94,0.34626439213752747,0.38036772088789345,unusual_amount,REVIEW
221.91,0.2501833438873291,0.3592078928475451,velocity_abuse,REVIEW
424.27,0.23032186925411224,0.35318555916984373,velocity_abuse,REVIEW
227.45,0.32403841614723206,0.3586975030919642,velocity_abuse,REVIEW
404.16,0.27302277088165283,0.3858271064929782,velocity_abuse,REVIEW
825.47,0.3103809356689453,0.3555004513859509,velocity_abuse,REVIEW
315.02,0.43537506461143494,0.4426557962013563,velocity_abuse,REVIEW
386.78,0.825808048248291,0.47021500848130643,account_takeover,BLOCK
873.6,0.36504626274108887,0.36979887908322867,velocity_abuse,REVIEW
460.08,0.22157998383045197,0.3632331703146781,velocity_abuse,REVIEW
318.15,0.24054719507694244,0.3739712442156129,velocity_abuse,REVIEW
141.65,0.25929054617881775,0.3712378694597079,suspicious_device,REVIEW
1946.45,0.2246236950159073,0.3911623320928356,unusual_amount,REVIEW
543.29,0.2840108573436737,0.4461399113287844,suspicious_device,REVIEW
1596.06,0.2540091872215271,0.374080227011981,suspicious_device,REVIEW
1094.0,0.5724295973777771,0.41887729642202787,velocity_abuse,REVIEW
202.74,0.24159228801727295,0.3714726166807147,velocity_abuse,REVIEW
558.56,0.2819894552230835,0.3814683110381299,velocity_abuse,REVIEW
462.18,0.22340252995491028,0.3599859674267103,velocity_abuse,REVIEW
179.98,0.30146220326423645,0.3595310796060397,suspicious_device,REVIEW
404.78,0.2209424078464508,0.3491435020084194,velocity_abuse,REVIEW
2111.31,0.28105103969573975,0.3960791037702014,unusual_amount,REVIEW
690.1,0.3265295922756195,0.3573352665254951,suspicious_device,REVIEW
439.95,0.3625040650367737,0.4079108827321421,velocity_abuse,REVIEW
540.32,0.46630895137786865,0.4368545882337507,account_takeover,REVIEW
431.62,0.2050839066505432,0.3624519670255788,velocity_abuse,REVIEW
182.09,0.4355648458003998,0.4442784466851754,suspicious_device,REVIEW
226.69,0.27640771865844727,0.3631676749627985,unusual_amount,REVIEW
130.53,0.33242708444595337,0.3682463402167963,suspicious_device,REVIEW
367.5,0.19507253170013428,0.37470257230840365,Clean,ALLOW
173.47,0.481488972902298,0.421947441544193,suspicious_device,REVIEW
361.79,0.22659914195537567,0.36542118050686195,suspicious_device,REVIEW
897.91,0.2451702505350113,0.37498792025680555,velocity_abuse,REVIEW
1536.17,0.5265352129936218,0.4275003882445177,unusual_amount,REVIEW
337.37,0.20892296731472015,0.36326588216677774,velocity_abuse,REVIEW
148.77,0.30002593994140625,0.35444744960763763,velocity_abuse,REVIEW
99.44,0.3235399127006531,0.39625698071547644,velocity_abuse,REVIEW
455.21,0.2796534597873688,0.35858061697389765,suspicious_device,REVIEW
118.66,0.3068139851093292,0.3911415011496135,suspicious_device,REVIEW
136.61,0.3375622630119324,0.3604674428244089,suspicious_device,REVIEW
1700.03,0.39000970125198364,0.37201633667173883,suspicious_device,REVIEW
596.39,0.1773362159729004,0.4269521471156247,Clean,ALLOW
488.35,0.23672163486480713,0.34655758785441987,velocity_abuse,REVIEW
127.63,0.2855294644832611,0.37392913823867746,suspicious_device,REVIEW
425.95,0.3276534676551819,0.3955724492022738,velocity_abuse,REVIEW
242.53,0.3143759071826935,0.38802077836553783,velocity_abuse,REVIEW
1797.22,0.3027563989162445,0.36465556932108834,suspicious_device,REVIEW
370.7,0.2200796753168106,0.4126723307385669,velocity_abuse,REVIEW
1283.3,0.5453283786773682,0.4242336891295404,velocity_abuse,REVIEW
205.71,0.276704877614975,0.374786298014939,suspicious_device,REVIEW
57.16,0.3161073923110962,0.35143187917475527,velocity_abuse,REVIEW
311.44,0.473325252532959,0.4240520048540532,suspicious_device,REVIEW
277.81,0.30373290181159973,0.3721148282560644,velocity_abuse,REVIEW
108.53,0.3475748300552368,0.37265294922876896,velocity_abuse,REVIEW
1157.98,0.4124566912651062,0.3883283302511665,velocity_abuse,REVIEW
156.34,0.28535187244415283,0.4319222792243267,velocity_abuse,REVIEW
347.8,0.6554383635520935,0.47249456112788124,account_takeover,REVIEW
104.12,0.24241718649864197,0.36288559966626693,suspicious_device,REVIEW
382.19,0.2620881497859955,0.362935675877625,velocity_abuse,REVIEW
213.54,0.22399382293224335,0.37999919635902324,suspicious_device,REVIEW
107.05,0.3007344603538513,0.4373934900082108,velocity_abuse,REVIEW
108.38,0.37364083528518677,0.3774816421585378,velocity_abuse,REVIEW
371.41,0.25619474053382874,0.37351493104010375,suspicious_device,REVIEW
211.64,0.26995888352394104,0.3719524080684631,velocity_abuse,REVIEW
112.37,0.29649823904037476,0.34852544519066736,suspicious_device,REVIEW
206.28,0.2997646629810333,0.3633698136999049,velocity_abuse,REVIEW
234.75,0.2521873414516449,0.34966139799910095,suspicious_device,REVIEW
352.06,0.20835880935192108,0.36923183471348436,suspicious_device,REVIEW
246.28,0.9132766723632812,0.508610817274567,account_takeover,BLOCK
763.89,0.3427947163581848,0.3621172437082481,velocity_abuse,REVIEW
188.35,0.21291258931159973,0.3485012670011116,suspicious_device,REVIEW
293.36,0.27538958191871643,0.3468753619942665,suspicious_device,REVIEW
1028.34,0.5145552158355713,0.4618292795296104,velocity_abuse,REVIEW
3243.02,0.2987920045852661,0.3947179093007628,unusual_amount,REVIEW
1464.63,0.3144250810146332,0.3649028266933306,unusual_amount,REVIEW
173.36,0.3052586019039154,0.3657486035455394,suspicious_device,REVIEW
772.4,0.27369269728660583,0.3841366308899447,velocity_abuse,REVIEW
2272.77,0.22874462604522705,0.4743627899419542,unusual_amount,REVIEW
240.3,0.3753718137741089,0.4547303720267783,velocity_abuse,REVIEW
250.61,0.2584282457828522,0.3730090434101343,velocity_abuse,REVIEW
47.37,0.14843957126140594,0.36590964563198297,Clean,ALLOW
803.23,0.148690328001976,0.46683143840220653,Clean,ALLOW
137.73,0.20343197882175446,0.35314958130116786,suspicious_device,REVIEW
459.82,0.24334798753261566,0.34684534817832485,velocity_abuse,REVIEW
142.28,0.20552442967891693,0.3619694813780897,suspicious_device,REVIEW
271.43,0.15043532848358154,0.3768190324445762,Clean,ALLOW
1827.69,0.2593982517719269,0.37904990332475336,velocity_abuse,REVIEW
322.03,0.26719436049461365,0.4657083869253696,unusual_amount,REVIEW
1309.53,0.5508391857147217,0.42798856650681627,suspicious_device,REVIEW
199.87,0.32983794808387756,0.3737750258791844,velocity_abuse,REVIEW
154.33,0.20171472430229187,0.3461890880158118,suspicious_device,REVIEW
283.8,0.3320886194705963,0.42461303819161167,suspicious_device,REVIEW
230.49,0.2641025483608246,0.344279589181155,velocity_abuse,REVIEW
179.5,0.23735472559928894,0.39876093457172784,suspicious_device,REVIEW
648.24,0.23440474271774292,0.3434320506542771,velocity_abuse,REVIEW
163.12,0.2660534679889679,0.3538245919591767,suspicious_device,REVIEW
383.31,0.40030980110168457,0.4528727311744834,account_takeover,REVIEW
166.52,0.2475380152463913,0.3652989677128395,suspicious_device,REVIEW
1763.62,0.3232131004333496,0.41177971449390816,suspicious_device,REVIEW
514.86,0.3672524094581604,0.4055600925693649,suspicious_device,REVIEW
375.06,0.2700479030609131,0.40613128601599163,velocity_abuse,REVIEW
441.87,0.20580151677131653,0.3936339474734535,unusual_amount,REVIEW
537.43,0.17258894443511963,0.3498491198593108,Clean,ALLOW
4017.97,0.5183702707290649,0.4252282435172061,unusual_amount,REVIEW
205.35,0.2521544396877289,0.35716595342792784,suspicious_device,REVIEW
388.34,0.32030776143074036,0.36166771449424545,velocity_abuse,REVIEW
564.76,0.25580963492393494,0.3733055029615306,unusual_amount,REVIEW
142.17,0.18165697157382965,0.4304862705631526,Clean,ALLOW
325.96,0.34770798683166504,0.3676359403312636,velocity_abuse,REVIEW
441.69,0.7999087572097778,0.5627431334369867,account_takeover,BLOCK
326.67,0.6986406445503235,0.42739873166326003,velocity_abuse,REVIEW
219.18,0.2558344006538391,0.3715267539097708,suspicious_device,REVIEW
315.45,0.25282734632492065,0.35788177785222347,suspicious_device,REVIEW
199.33,0.22888176143169403,0.3560372192200759,suspicious_device,REVIEW
100.56,0.16762590408325195,0.39830462929844795,Clean,ALLOW
610.57,0.2879257798194885,0.35567531568756167,suspicious_device,REVIEW
233.29,0.21841061115264893,0.33982409684654274,suspicious_device,REVIEW
415.12,0.2630731761455536,0.3792271721029917,velocity_abuse,REVIEW
535.72,0.24951386451721191,0.36238622723578956,velocity_abuse,REVIEW
6398.43,0.6030613780021667,0.44500569157902464,unusual_amount,REVIEW
176.74,0.2445773035287857,0.3537936018206364,suspicious_device,REVIEW
177.07,0.23694105446338654,0.3779516991481941,suspicious_device,REVIEW
298.31,0.24273458123207092,0.3721443625656292,velocity_abuse,REVIEW
1843.38,0.1942586898803711,0.37725706855906077,Clean,ALLOW
557.55,0.25902122259140015,0.3830830796324214,suspicious_device,REVIEW
184.93,0.7844069600105286,0.4241582482922961,account_takeover,BLOCK
167.17,0.22730153799057007,0.3950505515828704,suspicious_device,REVIEW
352.75,0.8599860072135925,0.5221338862198257,account_takeover,BLOCK
412.31,0.23741492629051208,0.3415798688088852,velocity_abuse,REVIEW
479.09,0.34958815574645996,0.4447473751905169,unusual_amount,REVIEW
355.21,0.22057710587978363,0.36348875399193165,velocity_abuse,REVIEW
280.88,0.3460266590118408,0.4372829170498616,velocity_abuse,REVIEW
2209.57,0.4673891067504883,0.49468672097152827,unusual_amount,REVIEW
6769.13,0.8201122283935547,0.4493366376237763,unusual_amount,BLOCK
390.16,0.6747528314590454,0.44598161370999223,account_takeover,REVIEW
229.95,0.25467169284820557,0.36455334015108865,velocity_abuse,REVIEW
117.36,0.6429522037506104,0.46775976449866413,account_takeover,REVIEW
325.64,0.217509925365448,0.3490920274812746,suspicious_device,REVIEW
268.94,0.42142245173454285,0.3762688997249985,velocity_abuse,REVIEW
380.29,0.19626189768314362,0.38466305516764415,Clean,ALLOW
710.33,0.26286518573760986,0.36258320925584797,suspicious_device,REVIEW
1622.21,0.2965775430202484,0.3780280474972428,unusual_amount,REVIEW
1152.88,0.2681378424167633,0.40551632013855965,velocity_abuse,REVIEW
1714.42,0.21477502584457397,0.37495184955412325,suspicious_device,REVIEW
579.88,0.2880004346370697,0.437724827818756,suspicious_device,REVIEW
148.0,0.17153048515319824,0.4140793096445554,Clean,ALLOW
119.63,0.25231122970581055,0.36302512245512447,suspicious_device,REVIEW
264.95,0.18414992094039917,0.3797588764897999,Clean,ALLOW
123.86,0.20409850776195526,0.3778553974194965,suspicious_device,REVIEW
880.45,0.4457584619522095,0.44852121193864153,account_takeover,REVIEW
487.06,0.24843783676624298,0.38856960232371895,velocity_abuse,REVIEW
311.94,0.25319579243659973,0.3695353708297344,suspicious_device,REVIEW
170.18,0.7950559258460999,0.4536754849070863,account_takeover,BLOCK
335.49,0.2106146514415741,0.3767030934614554,velocity_abuse,REVIEW
399.77,0.4935453236103058,0.4061237502392968,velocity_abuse,REVIEW
159.09,0.21973827481269836,0.36426014916548616,suspicious_device,REVIEW
472.32,0.22147700190544128,0.35359268511732955,velocity_abuse,REVIEW
1142.18,0.271572083234787,0.39937090217590476,velocity_abuse,REVIEW
668.31,0.2451920360326767,0.40286419047007205,velocity_abuse,REVIEW
397.95,0.2535080909729004,0.4108072644547261,velocity_abuse,REVIEW
684.58,0.5360056161880493,0.4702038404937472,velocity_abuse,REVIEW
936.26,0.5927550792694092,0.47059045992690235,account_takeover,REVIEW
622.53,0.20804964005947113,0.3959321659991325,suspicious_device,REVIEW
1466.1,0.30603355169296265,0.3895565599461413,suspicious_device,REVIEW
212.24,0.2439785748720169,0.4016071809349129,suspicious_device,REVIEW
695.13,0.24693594872951508,0.42850944669770014,velocity_abuse,REVIEW
521.71,0.23816178739070892,0.3947413120848844,suspicious_device,REVIEW
617.27,0.288215696811676,0.41714800171495553,account_takeover,REVIEW
346.54,0.30692631006240845,0.42909641144264743,velocity_abuse,REVIEW
1479.49,0.313366174697876,0.3943025578717731,suspicious_device,REVIEW
526.05,0.22843757271766663,0.378642095652257,velocity_abuse,REVIEW
268.2,0.2732445299625397,0.4027520699079019,velocity_abuse,REVIEW
89.62,0.6803230047225952,0.45937294111241034,account_takeover,REVIEW
1134.48,0.2939396798610687,0.4208076300944636,velocity_abuse,REVIEW
279.09,0.23218689858913422,0.37651215577861824,velocity_abuse,REVIEW
204.58,0.4514274299144745,0.4294961348082275,suspicious_device,REVIEW
479.12,0.22218333184719086,0.404358621429499,velocity_abuse,REVIEW
859.65,0.3502238094806671,0.4102614961108005,velocity_abuse,REVIEW
341.14,0.16800743341445923,0.3937503595044133,Clean,ALLOW
764.73,0.1916043609380722,0.40649511996904625,Clean,ALLOW
505.96,0.17526234686374664,0.43561050036706167,Clean,ALLOW
760.55,0.24424698948860168,0.391345857553705,velocity_abuse,REVIEW
224.68,0.21695487201213837,0.45403248953644865,velocity_abuse,REVIEW
289.53,0.3398529887199402,0.3967441033099556,velocity_abuse,REVIEW
383.38,0.22104473412036896,0.43875865316398804,account_takeover,REVIEW
1275.49,0.33118483424186707,0.4042249435330452,suspicious_device,REVIEW
863.2,0.21706627309322357,0.4063155349889606,suspicious_device,REVIEW
136.95,0.2716577649116516,0.42056716519847154,velocity_abuse,REVIEW
191.24,0.26298895478248596,0.40337311762298494,suspicious_device,REVIEW
210.98,0.7976263165473938,0.5131708552588211,account_takeover,BLOCK
1030.81,0.3851216435432434,0.4094215179058595,suspicious_device,REVIEW
207.98,0.2712024450302124,0.38149459979922096,suspicious_device,REVIEW
84.62,0.4916207790374756,0.39258360802391945,velocity_abuse,REVIEW
617.71,0.2330923080444336,0.4439602888431403,suspicious_device,REVIEW
524.53,0.20220611989498138,0.41101182413307613,suspicious_device,REVIEW
165.0,0.1756179928779602,0.39979711258552486,Clean,ALLOW
215.21,0.23600013554096222,0.40887573983261327,suspicious_device,REVIEW
65.59,0.22687163949012756,0.40193311917800645,suspicious_device,REVIEW
230.83,0.23064087331295013,0.3989500011365544,suspicious_device,REVIEW
718.17,0.2631465196609497,0.3803996995453878,velocity_abuse,REVIEW
533.57,0.2608824074268341,0.3827372149299511,velocity_abuse,REVIEW
1344.72,0.3130297064781189,0.4375483682581421,suspicious_device,REVIEW
1438.49,0.28754743933677673,0.40738329391370776,suspicious_device,REVIEW
529.53,0.23807816207408905,0.39712470346840445,velocity_abuse,REVIEW
327.1,0.2537451982498169,0.4220611346948295,velocity_abuse,REVIEW
736.2,0.25699082016944885,0.38291619019853806,suspicious_device,REVIEW
544.92,0.23910574615001678,0.3773761646527953,suspicious_device,REVIEW
114.46,0.24379733204841614,0.41264692566308925,suspicious_device,REVIEW
258.32,0.22709427773952484,0.40677272329122194,velocity_abuse,REVIEW
189.34,0.25536441802978516,0.3790862591408364,suspicious_device,REVIEW
543.43,0.21970857679843903,0.38922503711120976,suspicious_device,REVIEW
347.78,0.2190045863389969,0.40118820417295614,suspicious_device,REVIEW
472.71,0.20385609567165375,0.38141269213731793,velocity_abuse,REVIEW
289.92,0.3260686993598938,0.42123856388616715,velocity_abuse,REVIEW
1511.18,0.26373857259750366,0.41093082557780675,suspicious_device,REVIEW
440.71,0.24105682969093323,0.41144810402943205,suspicious_device,REVIEW
441.81,0.17023004591464996,0.4597430385697861,Clean,ALLOW
262.25,0.1677589863538742,0.46835624076068294,Clean,ALLOW
679.57,0.2264064997434616,0.41361543006058915,velocity_abuse,REVIEW
53.76,0.2289908528327942,0.4249076478664971,suspicious_device,REVIEW
483.98,0.22208337485790253,0.4318430333647655,velocity_abuse,REVIEW
544.41,0.49262547492980957,0.4239256536126512,velocity_abuse,REVIEW
380.62,0.21305738389492035,0.3655977948180559,suspicious_device,REVIEW
306.67,0.24466486275196075,0.3678647452739885,suspicious_device,REVIEW
129.37,0.33471226692199707,0.40518496716728414,suspicious_device,REVIEW
85.84,0.2509160339832306,0.43424598644720075,velocity_abuse,REVIEW
424.1,0.26243752241134644,0.38568575909523567,velocity_abuse,REVIEW
1000.23,0.28057408332824707,0.3805396646465234,unusual_amount,REVIEW
1774.58,0.6300700902938843,0.4524102509389601,account_takeover,REVIEW
220.21,0.28488093614578247,0.42023593929303843,unusual_amount,REVIEW
125.26,0.2603258490562439,0.3653441513273062,suspicious_device,REVIEW
503.89,0.21949173510074615,0.357777548126145,velocity_abuse,REVIEW
574.71,0.22866389155387878,0.3611655239940638,velocity_abuse,REVIEW
338.33,0.19291740655899048,0.3652372356301105,Clean,ALLOW
392.14,0.20713672041893005,0.3795915805859909,unusual_amount,REVIEW
289.16,0.7037767767906189,0.5143403670049835,account_takeover,REVIEW
699.71,0.7049986124038696,0.4364272857040504,account_takeover,REVIEW
774.97,0.3216705024242401,0.40558758705543296,velocity_abuse,REVIEW
21.72,0.19939236342906952,0.3602518181190105,Clean,ALLOW
493.78,0.24528329074382782,0.3713426480095277,suspicious_device,REVIEW
650.46,0.24085025489330292,0.40131597848834477,unusual_amount,REVIEW
340.76,0.35814744234085083,0.4297057513238722,velocity_abuse,REVIEW
1895.99,0.3094315230846405,0.3870303550718948,unusual_amount,REVIEW
218.13,0.21899496018886566,0.42423273871796613,suspicious_device,REVIEW
770.52,0.42379164695739746,0.4124042904423343,suspicious_device,REVIEW
1075.71,0.28953272104263306,0.38069773359400777,suspicious_device,REVIEW
244.54,0.23670698702335358,0.3569928283518648,suspicious_device,REVIEW
164.76,0.23477168381214142,0.3623378067872914,suspicious_device,REVIEW
246.8,0.2350626140832901,0.37285556032707123,suspicious_device,REVIEW
304.64,0.2649752199649811,0.3945142364213491,suspicious_device,REVIEW
169.92,0.18764960765838623,0.3808316029749957,Clean,ALLOW
129.49,0.24327243864536285,0.4093436248499349,suspicious_device,REVIEW
257.21,0.23277299106121063,0.3590284234107457,suspicious_device,REVIEW
1978.87,0.49218931794166565,0.45721819489880405,unusual_amount,REVIEW
432.99,0.2058773636817932,0.38969096236281575,suspicious_device,REVIEW
147.27,0.20274817943572998,0.3578927032474959,suspicious_device,REVIEW
505.21,0.21312463283538818,0.36961203921821895,suspicious_device,REVIEW
235.77,0.25707244873046875,0.36171745497096547,suspicious_device,REVIEW
1153.17,0.298673152923584,0.37600233697901003,suspicious_device,REVIEW
1516.51,0.2830532193183899,0.39967895357085903,suspicious_device,REVIEW
671.28,0.2526806592941284,0.3584057564595508,velocity_abuse,REVIEW
186.81,0.19947819411754608,0.3749452252932487,Clean,ALLOW
311.66,0.1855890303850174,0.36359290902222463,Clean,ALLOW
78.58,0.31205448508262634,0.3587846294810574,suspicious_device,REVIEW
171.37,0.26308706402778625,0.3656444313911103,suspicious_device,REVIEW
384.37,0.23063859343528748,0.35111451773714314,suspicious_device,REVIEW
260.92,0.26068928837776184,0.34975727794493566,suspicious_device,REVIEW
199.82,0.15558557212352753,0.45864205388424323,Clean,ALLOW
647.73,0.2299870401620865,0.3562465551280621,velocity_abuse,REVIEW
87.57,0.32062917947769165,0.43837529615994913,velocity_abuse,REVIEW
903.43,0.3169783055782318,0.4063197303679144,unusual_amount,REVIEW
340.13,0.20177000761032104,0.3768375552286912,suspicious_device,REVIEW
285.01,0.31152909994125366,0.37776018622777635,suspicious_device,REVIEW
525.63,0.6099316477775574,0.40802567208168466,suspicious_device,REVIEW
176.81,0.24966421723365784,0.3523357840594466,suspicious_device,REVIEW
291.6,0.2434065043926239,0.3789556416158472,suspicious_device,REVIEW
241.46,0.2453145682811737,0.389493423220232,suspicious_device,REVIEW
136.4,0.21772411465644836,0.36593698999364543,suspicious_device,REVIEW
464.14,0.2091512829065323,0.3738580590958439,suspicious_device,REVIEW
452.34,0.361702561378479,0.3971903712880618,velocity_abuse,REVIEW
228.99,0.3167361915111542,0.3893782653357537,suspicious_device,REVIEW
240.49,0.23555471003055573,0.3525896957846751,suspicious_device,REVIEW
187.88,0.669897735118866,0.42400196365655446,suspicious_device,REVIEW
780.81,0.2805138826370239,0.3753693502668381,velocity_abuse,REVIEW
480.36,0.15026873350143433,0.3820502782587332,Clean,ALLOW
1467.89,0.30209633708000183,0.38274330019770153,unusual_amount,REVIEW
130.62,0.2477409541606903,0.3535515870116129,suspicious_device,REVIEW
268.69,0.22518649697303772,0.36068267284629507,suspicious_device,REVIEW
338.42,0.189833864569664,0.37555333116784206,Clean,ALLOW
321.49,0.21702568233013153,0.3551570517288427,velocity_abuse,REVIEW
692.78,0.3527926206588745,0.3740613788157379,suspicious_device,REVIEW
263.47,0.21333469450473785,0.37188699911665,suspicious_device,REVIEW
1023.97,0.26157698035240173,0.3573994008114897,velocity_abuse,REVIEW
1529.9,0.28583982586860657,0.36229751494694046,suspicious_device,REVIEW
132.74,0.23769930005073547,0.357470790807199,suspicious_device,REVIEW
188.0,0.423844575881958,0.4316808057381528,suspicious_device,REVIEW
3111.11,0.425364226102829,0.45794676052632044,unusual_amount,REVIEW
247.36,0.7411729693412781,0.468628941277622,suspicious_device,REVIEW
309.42,0.2042071670293808,0.3531531298226843,velocity_abuse,REVIEW
1906.23,0.20410774648189545,0.378805835617342,unusual_amount,REVIEW
712.89,0.25465476512908936,0.37382517079091615,suspicious_device,REVIEW
211.39,0.20147985219955444,0.3563261704229435,suspicious_device,REVIEW
2130.56,0.4688918888568878,0.4166503676488817,unusual_amount,REVIEW
325.04,0.3490835428237915,0.4027227055308772,suspicious_device,REVIEW
179.74,0.22143560647964478,0.38482106836492597,suspicious_device,REVIEW
109.41,0.48206350207328796,0.40566353478405426,suspicious_device,REVIEW
281.04,0.20750510692596436,0.3709026504782796,velocity_abuse,REVIEW
404.35,0.21277105808258057,0.3577373400361405,suspicious_device,REVIEW
840.24,0.24516279995441437,0.3793103445520657,unusual_amount,REVIEW
419.85,0.8342708945274353,0.5217155041663657,account_takeover,BLOCK
170.3,0.2464287132024765,0.3549314804761156,suspicious_device,REVIEW
230.71,0.3809888958930969,0.4024540278743894,suspicious_device,REVIEW
464.72,0.19607016444206238,0.3795247178873687,Clean,ALLOW
524.54,0.385863721370697,0.3881749453013084,suspicious_device,REVIEW
529.6,0.19436846673488617,0.37950917149816266,Clean,ALLOW
102.02,0.24964186549186707,0.3694170117923059,suspicious_device,REVIEW
270.1,0.1981412172317505,0.3695207821482245,Clean,ALLOW
615.06,0.2771538496017456,0.3801329368940315,velocity_abuse,REVIEW
352.87,0.26915815472602844,0.3917267359462239,account_takeover,REVIEW
107.31,0.227434441447258,0.3791150271896313,suspicious_device,REVIEW
313.99,0.23424018919467926,0.37883510078857585,unusual_amount,REVIEW
129.22,0.22592280805110931,0.3547729290239898,suspicious_device,REVIEW
868.13,0.2690606415271759,0.3701979984827719,suspicious_device,REVIEW
237.58,0.238852858543396,0.3737325109358663,suspicious_device,REVIEW
341.52,0.35909512639045715,0.3981439824830277,suspicious_device,REVIEW
568.93,0.21168038249015808,0.40819640771869137,velocity_abuse,REVIEW
83.75,0.25125473737716675,0.3547621127637016,velocity_abuse,REVIEW
221.16,0.17392441630363464,0.36309289760515845,Clean,ALLOW
669.62,0.6174851655960083,0.4259684004356019,account_takeover,REVIEW
392.41,0.15697985887527466,0.3769157538931628,Clean,ALLOW
218.49,0.201329305768013,0.3553453155759227,suspicious_device,REVIEW
380.83,0.16755762696266174,0.3684203175358375,Clean,ALLOW
717.36,0.23010629415512085,0.3533237900213884,velocity_abuse,REVIEW
525.87,0.1840137243270874,0.38160116157824925,Clean,ALLOW
388.55,0.21331241726875305,0.366491566214421,suspicious_device,REVIEW
569.49,0.8252978324890137,0.49898107174173795,account_takeover,BLOCK
262.78,0.22198352217674255,0.36707658993896086,suspicious_device,REVIEW
205.19,0.25539690256118774,0.3878650620425734,suspicious_device,REVIEW
858.63,0.22990207374095917,0.35447779549074426,suspicious_device,REVIEW
972.22,0.4625937342643738,0.41186507036246595,suspicious_device,REVIEW
397.22,0.16717132925987244,0.4007563567989167,Clean,ALLOW
188.09,0.13099028170108795,0.39988078592605447,Clean,ALLOW
124.97,0.21929073333740234,0.35854449182866405,suspicious_device,REVIEW
1630.63,0.3019113838672638,0.420233116036713,suspicious_device,REVIEW
1153.98,0.24230055510997772,0.38989019950949594,unusual_amount,REVIEW
91.7,0.37247514724731445,0.381361403609659,velocity_abuse,REVIEW
93.32,0.2482980340719223,0.3863383217781984,account_takeover,REVIEW
144.99,0.1689090132713318,0.41454969823405985,Clean,ALLOW
202.51,0.20973046123981476,0.39601277736734003,suspicious_device,REVIEW
235.03,0.20218069851398468,0.3701326437104742,suspicious_device,REVIEW
482.95,0.19909702241420746,0.3560984562408747,Clean,ALLOW
128.85,0.15113873779773712,0.370047424599255,Clean,ALLOW
131.71,0.174138605594635,0.4469684501803979,Clean,ALLOW
263.69,0.5696004033088684,0.4644099905262615,account_takeover,REVIEW
237.06,0.22661589086055756,0.4077973471966446,unusual_amount,REVIEW
79.45,0.21561136841773987,0.36343151247887656,suspicious_device,REVIEW
210.32,0.21049052476882935,0.39816040833850497,unusual_amount,REVIEW
552.06,0.44322681427001953,0.4237350987941215,suspicious_device,REVIEW
254.83,0.41599470376968384,0.4076156890920779,suspicious_device,REVIEW
322.5,0.19156159460544586,0.3611223473857591,Clean,ALLOW
139.03,0.5890882611274719,0.47306385726257494,suspicious_device,REVIEW
557.25,0.18361499905586243,0.38318490609435274,Clean,ALLOW
449.36,0.375347763299942,0.4705572761936263,velocity_abuse,REVIEW
442.57,0.5044962167739868,0.44526533397191714,suspicious_device,REVIEW
480.07,0.5954335927963257,0.4505841816568437,account_takeover,REVIEW
73.25,0.2954733073711395,0.4089430099971002,velocity_abuse,REVIEW
140.1,0.2019793540239334,0.4002243045136064,suspicious_device,REVIEW
1451.66,0.32115471363067627,0.4015684619745468,suspicious_device,REVIEW
335.51,0.11048101633787155,0.43529349588766725,Clean,ALLOW
24204.67,0.6530604362487793,0.4812889278024775,unusual_amount,REVIEW
204.9,0.23414936661720276,0.38134583207450823,suspicious_device,REVIEW
598.22,0.22260625660419464,0.39320359382239806,suspicious_device,REVIEW
340.68,0.3731754720211029,0.44119226954393853,velocity_abuse,REVIEW
463.43,0.2108132392168045,0.38472817073273347,suspicious_device,REVIEW
680.12,0.14005155861377716,0.40972582803299684,Clean,ALLOW
169.07,0.1866784393787384,0.4071067055665779,Clean,ALLOW
121.27,0.24924500286579132,0.4666315272223327,suspicious_device,REVIEW
590.92,0.4056033790111542,0.5108988068323236,suspicious_device,REVIEW
638.53,0.23843486607074738,0.4476692441854031,account_takeover,REVIEW
143.33,0.2392697036266327,0.4407011020598757,velocity_abuse,REVIEW
306.19,0.2397216409444809,0.39791477347681875,suspicious_device,REVIEW
316.77,0.15985232591629028,0.42173457678453247,Clean,ALLOW
258.71,0.6559048891067505,0.4470200346936194,suspicious_device,REVIEW
102.45,0.15398600697517395,0.4187403587876271,Clean,ALLOW
2099.35,0.3365531861782074,0.41815900878810225,suspicious_device,REVIEW
843.33,0.23850317299365997,0.397537674466663,suspicious_device,REVIEW
327.65,0.1933930367231369,0.40541947404303996,Clean,ALLOW
206.73,0.22839486598968506,0.4394444665801124,suspicious_device,REVIEW
333.02,0.13396382331848145,0.39378457696495434,Clean,ALLOW
491.69,0.15277627110481262,0.41392548938061846,Clean,ALLOW
181.3,0.3301730155944824,0.4353101231360398,suspicious_device,REVIEW
117.54,0.21811026334762573,0.4048054441839976,suspicious_device,REVIEW
490.03,0.3682492971420288,0.44072200418853685,suspicious_device,REVIEW
369.52,0.2129165232181549,0.467078105093681,suspicious_device,REVIEW
172.41,0.23669376969337463,0.3934258153499667,suspicious_device,REVIEW
414.63,0.18672925233840942,0.41487650086229705,Clean,ALLOW
452.07,0.41589099168777466,0.4519789155933783,suspicious_device,REVIEW
139.92,0.13622888922691345,0.44010786353034054,Clean,ALLOW
942.6,0.23514719307422638,0.3995069687029031,velocity_abuse,REVIEW
245.92,0.20309707522392273,0.37770014273922276,suspicious_device,REVIEW
252.96,0.1890593320131302,0.4116829832644536,Clean,ALLOW
777.13,0.20520804822444916,0.3741199397187948,velocity_abuse,REVIEW
206.24,0.6682477593421936,0.4434007454606361,velocity_abuse,REVIEW
209.43,0.24506545066833496,0.38328902443250806,velocity_abuse,REVIEW
185.52,0.2068040370941162,0.507807733417502,suspicious_device,REVIEW
483.16,0.22352798283100128,0.38771425598113174,velocity_abuse,REVIEW
201.75,0.2342936396598816,0.3732441855678016,velocity_abuse,REVIEW
101.73,0.3203828036785126,0.3734780346685075,velocity_abuse,REVIEW
241.37,0.2200956642627716,0.37727706431482355,velocity_abuse,REVIEW
695.45,0.22829125821590424,0.3568422207499696,velocity_abuse,REVIEW
474.5,0.14960771799087524,0.37037429810931144,Clean,ALLOW
825.54,0.2551114857196808,0.38950030100600813,unusual_amount,REVIEW
298.7,0.4156549274921417,0.3979153848035437,suspicious_device,REVIEW
328.22,0.18463431298732758,0.36935049334813763,Clean,ALLOW
377.88,0.1897565871477127,0.35754829477592065,Clean,ALLOW
850.06,0.21750715374946594,0.3665105595364695,velocity_abuse,REVIEW
100.58,0.23571652173995972,0.35169283397352374,velocity_abuse,REVIEW
318.05,0.3709474205970764,0.407070196763259,velocity_abuse,REVIEW
394.4,0.2209363877773285,0.35821851463717463,velocity_abuse,REVIEW
442.35,0.2636105418205261,0.4397428944159928,unusual_amount,REVIEW
288.58,0.21283119916915894,0.3610350497682633,velocity_abuse,REVIEW
230.68,0.2348202019929886,0.3817116264364734,velocity_abuse,REVIEW
165.39,0.3122336268424988,0.44836942175570454,account_takeover,REVIEW
582.14,0.1798250377178192,0.38798089648081147,Clean,ALLOW
552.71,0.21789252758026123,0.36176373932999306,velocity_abuse,REVIEW
255.53,0.42481011152267456,0.4107209227738463,unusual_amount,REVIEW
213.52,0.1829301118850708,0.3679382273219173,Clean,ALLOW
605.58,0.2336059957742691,0.3774082060621666,velocity_abuse,REVIEW
281.93,0.20289140939712524,0.3750529338148534,suspicious_device,REVIEW
374.0,0.3024190664291382,0.3770659517400263,velocity_abuse,REVIEW
331.55,0.2176661491394043,0.34752537535237715,velocity_abuse,REVIEW
657.42,0.25132495164871216,0.35904079269242173,velocity_abuse,REVIEW
218.88,0.3002489507198334,0.37625888272933816,velocity_abuse,REVIEW
160.98,0.2493923157453537,0.3588156633589286,suspicious_device,REVIEW
113.01,0.2787381112575531,0.3655910108287438,suspicious_device,REVIEW
237.04,0.2053193598985672,0.357431378264576,suspicious_device,REVIEW
473.24,0.22546547651290894,0.35161067425609055,velocity_abuse,REVIEW
1369.93,0.2040235549211502,0.38006835335063655,suspicious_device,REVIEW
155.47,0.25169724225997925,0.43092624707530847,suspicious_device,REVIEW
1240.74,0.2656276822090149,0.3618161192665686,suspicious_device,REVIEW
362.15,0.1907665729522705,0.36919498100475173,Clean,ALLOW
56.79,0.3482517600059509,0.3596457290463518,velocity_abuse,REVIEW
474.92,0.16814017295837402,0.3970825883921666,Clean,ALLOW
1058.03,0.26750269532203674,0.355349690864562,velocity_abuse,REVIEW
1382.16,0.27383920550346375,0.35800626371677813,suspicious_device,REVIEW
1594.32,0.20960243046283722,0.4478864947288526,unusual_amount,REVIEW
467.37,0.2130756974220276,0.3410409730765193,velocity_abuse,REVIEW
597.83,0.23274002969264984,0.35102964509316137,velocity_abuse,REVIEW
124.98,0.3087763488292694,0.3728501430932447,velocity_abuse,REVIEW
1021.64,0.30544373393058777,0.3562268740120009,suspicious_device,REVIEW
489.49,0.17136959731578827,0.36372872582475924,Clean,ALLOW
257.73,0.24595776200294495,0.34984676219770866,velocity_abuse,REVIEW
60.35,0.3577396869659424,0.3672481071178353,velocity_abuse,REVIEW
196.02,0.3095676302909851,0.4031622313320605,suspicious_device,REVIEW
138.23,0.24748176336288452,0.356830602922344,velocity_abuse,REVIEW
219.2,0.2630906403064728,0.3523978823426717,suspicious_device,REVIEW
836.68,0.3002139627933502,0.3785809799893438,velocity_abuse,REVIEW
112.67,0.29506441950798035,0.3773898668985524,velocity_abuse,REVIEW
887.9,0.26894235610961914,0.4267457306832563,suspicious_device,REVIEW
133.89,0.1866019070148468,0.3567195644352978,Clean,ALLOW
333.39,0.30040720105171204,0.4254493903566638,velocity_abuse,REVIEW
275.13,0.23412834107875824,0.3745980549296066,velocity_abuse,REVIEW
801.3,0.19502097368240356,0.37700667019685447,Clean,ALLOW
78.27,0.3509252369403839,0.37751105027196613,suspicious_device,REVIEW
323.1,0.3557422161102295,0.40633678267641005,suspicious_device,REVIEW
1221.13,0.27976593375205994,0.36040977548820835,suspicious_device,REVIEW
301.24,0.21745498478412628,0.3668625269577771,velocity_abuse,REVIEW
151.89,0.19564759731292725,0.37549579522807164,Clean,ALLOW
87.36,0.32253891229629517,0.3907223169595086,velocity_abuse,REVIEW
187.36,0.21017339825630188,0.38379936158044553,suspicious_device,REVIEW
214.26,0.21629959344863892,0.35201883198001005,suspicious_device,REVIEW
172.49,0.22455111145973206,0.343289787806125,suspicious_device,REVIEW
360.36,0.4134947657585144,0.43834598348609544,unusual_amount,REVIEW
253.36,0.21785855293273926,0.3456303746278702,velocity_abuse,REVIEW
189.17,0.25537675619125366,0.3749854149726048,suspicious_device,REVIEW
98.85,0.25451627373695374,0.38248410014805345,velocity_abuse,REVIEW
2318.26,0.25092846155166626,0.37379076569214387,suspicious_device,REVIEW
2650.69,0.5695158839225769,0.4644238982652573,suspicious_device,REVIEW
807.79,0.1345171183347702,0.38035429968353773,Clean,ALLOW
2732.35,0.3371259570121765,0.39382658164810286,unusual_amount,REVIEW
90.04,0.6648355722427368,0.4425260697819396,velocity_abuse,REVIEW
385.38,0.22464367747306824,0.36117056753929955,velocity_abuse,REVIEW
91.94,0.26290881633758545,0.3573131411186778,velocity_abuse,REVIEW
434.04,0.27311739325523376,0.36012226878962605,velocity_abuse,REVIEW
1029.11,0.25267577171325684,0.36045848907597483,suspicious_device,REVIEW
843.19,0.26083076000213623,0.3564819655855629,suspicious_device,REVIEW
949.66,0.21562686562538147,0.37614110653140476,velocity_abuse,REVIEW
152.91,0.14540599286556244,0.35590371053755127,Clean,ALLOW
268.47,0.7671511173248291,0.45182683309855376,account_takeover,BLOCK
437.38,0.200444757938385,0.34424344441117705,velocity_abuse,REVIEW
174.72,0.19023875892162323,0.3651386871374317,Clean,ALLOW
1537.63,0.22108791768550873,0.3926923988587355,unusual_amount,REVIEW
404.59,0.595770537853241,0.4080477823206934,suspicious_device,REVIEW
266.08,0.2283257395029068,0.35574362276500376,velocity_abuse,REVIEW
454.78,0.19205571711063385,0.36536837081123325,Clean,ALLOW
333.39,0.18875613808631897,0.39526368809216283,Clean,ALLOW
1096.11,0.24708345532417297,0.3524821264620552,velocity_abuse,REVIEW
490.94,0.6826363205909729,0.47179870555578135,account_takeover,REVIEW
200.75,0.16171099245548248,0.3620022471719622,Clean,ALLOW
830.2,0.24451541900634766,0.36154576945819966,unusual_amount,REVIEW
115.02,0.6664801836013794,0.4589180297092324,account_takeover,REVIEW
127.36,0.2921546697616577,0.4155332447010246,velocity_abuse,REVIEW
268.91,0.22335456311702728,0.34582199035953465,velocity_abuse,REVIEW
204.36,0.173362597823143,0.3830828132453251,Clean,ALLOW
2387.08,0.38791537284851074,0.415020660943747,unusual_amount,REVIEW
714.18,0.7094542384147644,0.45091224993106493,account_takeover,REVIEW
2251.13,0.23209095001220703,0.37129768809669084,unusual_amount,REVIEW
70.11,0.4206432104110718,0.3832798847391463,velocity_abuse,REVIEW
1721.98,0.3928871154785156,0.3875033451611995,suspicious_device,REVIEW
161.31,0.20678521692752838,0.37426532689103814,suspicious_device,REVIEW
630.39,0.24023959040641785,0.3726955111476257,velocity_abuse,REVIEW
1829.27,0.5422707200050354,0.43040191365063163,account_takeover,REVIEW
329.28,0.20484623312950134,0.3406214310837778,velocity_abuse,REVIEW
135.47,0.22781407833099365,0.3503953026943989,suspicious_device,REVIEW
41.02,0.24665498733520508,0.42978940487068995,velocity_abuse,REVIEW
82.9,0.43659859895706177,0.3907010760358358,velocity_abuse,REVIEW
302.37,0.2816840410232544,0.4275369049922556,suspicious_device,REVIEW
1379.9,0.3672581613063812,0.41143909684899055,suspicious_device,REVIEW
237.44,0.19141808152198792,0.3472938740295511,Clean,ALLOW
535.74,0.20146644115447998,0.34084893394096843,velocity_abuse,REVIEW
172.75,0.23454304039478302,0.3462769014251644,suspicious_device,REVIEW
160.06,0.2180815041065216,0.3552902858613167,suspicious_device,REVIEW
66.9,0.3675341308116913,0.3847491938782104,velocity_abuse,REVIEW
144.81,0.1679852306842804,0.35693268109611537,Clean,ALLOW
996.99,0.17038628458976746,0.3818272500176672,Clean,ALLOW
604.35,0.27341482043266296,0.362708203337446,velocity_abuse,REVIEW
294.96,0.29545971751213074,0.3556393069709763,suspicious_device,REVIEW
134.63,0.21712136268615723,0.41051969521956766,unusual_amount,REVIEW
210.34,0.19930633902549744,0.36741383641097725,Clean,ALLOW
181.83,0.22827674448490143,0.36621020978606345,suspicious_device,REVIEW
190.02,0.3556537628173828,0.45108517617942995,account_takeover,REVIEW
2102.72,0.27092042565345764,0.3790021652572767,suspicious_device,REVIEW
110.82,0.24371913075447083,0.3472454752653549,velocity_abuse,REVIEW
1399.42,0.26240813732147217,0.36780643014313213,velocity_abuse,REVIEW
326.73,0.21421495079994202,0.3896394332869156,suspicious_device,REVIEW
385.69,0.18561993539333344,0.3573947931873654,Clean,ALLOW
1699.97,0.4358053505420685,0.4252204403480116,suspicious_device,REVIEW
468.03,0.390653520822525,0.3913602850969422,suspicious_device,REVIEW
707.01,0.19271810352802277,0.3866350608165156,Clean,ALLOW
98.77,0.25796055793762207,0.3919512686245104,velocity_abuse,REVIEW
2202.84,0.2993364930152893,0.37573340883055945,unusual_amount,REVIEW
434.86,0.21681302785873413,0.35525261978090655,velocity_abuse,REVIEW
373.08,0.5843769907951355,0.40986257393244313,suspicious_device,REVIEW
426.28,0.3650318384170532,0.40415176779994183,velocity_abuse,REVIEW
1417.5,0.2927948236465454,0.3662337718335231,unusual_amount,REVIEW
520.73,0.273407906293869,0.4184124373776756,suspicious_device,REVIEW
290.41,0.21257677674293518,0.35632516338024495,velocity_abuse,REVIEW
525.07,0.2122017741203308,0.35560306147414966,velocity_abuse,REVIEW
161.33,0.2502100467681885,0.39006044732455103,suspicious_device,REVIEW
164.04,0.4157700538635254,0.40339528026467886,suspicious_device,REVIEW
381.02,0.2175990343093872,0.3867702182843972,account_takeover,REVIEW
194.26,0.32626405358314514,0.4058948966124856,unusual_amount,REVIEW
935.29,0.20819474756717682,0.36317850916694466,suspicious_device,REVIEW
230.22,0.19882795214653015,0.38425408519834386,Clean,ALLOW
370.98,0.4666402041912079,0.42892843122834867,velocity_abuse,REVIEW
591.97,0.45966941118240356,0.42637903904399466,velocity_abuse,REVIEW
118.68,0.400890052318573,0.4604394802471931,suspicious_device,REVIEW
2231.64,0.3197864294052124,0.4231626583624684,suspicious_device,REVIEW
266.54,0.2439689040184021,0.41888353749291807,unusual_amount,REVIEW
325.02,0.2138357311487198,0.4168386000830297,velocity_abuse,REVIEW
198.02,0.41763681173324585,0.4643982323958154,account_takeover,REVIEW
197.9,0.19829480350017548,0.4105813198229966,Clean,ALLOW
325.75,0.6389632225036621,0.4892969727742425,account_takeover,REVIEW
712.01,0.15386728942394257,0.4708342510178687,Clean,ALLOW
681.46,0.3202812075614929,0.43332935069310746,suspicious_device,REVIEW
148.12,0.16062286496162415,0.39637903469573793,Clean,ALLOW
64.06,0.5557773113250732,0.46421336589185686,account_takeover,REVIEW
417.77,0.7565233111381531,0.48897445099901254,account_takeover,BLOCK
165.46,0.7455783486366272,0.5033611120514986,suspicious_device,REVIEW
245.12,0.23728609085083008,0.39229151302156784,suspicious_device,REVIEW
233.23,0.5580407977104187,0.4420036128693686,suspicious_device,REVIEW
606.41,0.4591279923915863,0.4407244436044289,velocity_abuse,REVIEW
100.66,0.22566993534564972,0.3918532056563456,suspicious_device,REVIEW
763.01,0.34430474042892456,0.43290646770583363,velocity_abuse,REVIEW
131.12,0.18810775876045227,0.39505475466027995,Clean,ALLOW
228.73,0.2781137526035309,0.3984245949707396,suspicious_device,REVIEW
1170.01,0.28868502378463745,0.39568652025663215,suspicious_device,REVIEW
546.03,0.21226488053798676,0.36661458558670296,velocity_abuse,REVIEW
82.99,0.32091617584228516,0.38706404249081344,velocity_abuse,REVIEW
3344.91,0.27189040184020996,0.4101341708926692,unusual_amount,REVIEW
224.5,0.17898759245872498,0.3822077134796019,Clean,ALLOW
275.28,0.21547740697860718,0.39006972511960925,velocity_abuse,REVIEW
193.44,0.2371966689825058,0.40683279689476587,velocity_abuse,REVIEW
98.04,0.7923929691314697,0.45153808049093963,velocity_abuse,BLOCK
478.09,0.2976468801498413,0.3881118939441769,velocity_abuse,REVIEW
301.45,0.20621640980243683,0.36766787074637647,suspicious_device,REVIEW
255.5,0.29164430499076843,0.4322530114792613,velocity_abuse,REVIEW
749.94,0.20067906379699707,0.37966952693184536,suspicious_device,REVIEW
781.57,0.22351084649562836,0.3861000823542423,suspicious_device,REVIEW
360.18,0.25515517592430115,0.4268070407453166,velocity_abuse,REVIEW
601.18,0.2229086458683014,0.37481500260431333,suspicious_device,REVIEW
534.13,0.17621314525604248,0.41147874191300754,Clean,ALLOW
107.98,0.23222588002681732,0.3781763397252157,suspicious_device,REVIEW
362.39,0.16330084204673767,0.37471666155160555,Clean,ALLOW
405.8,0.1806792914867401,0.3837794243811122,Clean,ALLOW
641.21,0.30450084805488586,0.4063377905737947,velocity_abuse,REVIEW
636.83,0.21037860214710236,0.37950213156577417,velocity_abuse,REVIEW
1876.42,0.213145911693573,0.40877148912332156,suspicious_device,REVIEW
501.73,0.15902483463287354,0.41984295902118524,Clean,ALLOW
315.76,0.19773873686790466,0.40644140601580625,Clean,ALLOW
86.64,0.3887964189052582,0.42138576207855954,velocity_abuse,REVIEW
447.27,0.15771140158176422,0.41560832817958776,Clean,ALLOW
141.45,0.14132843911647797,0.42269023244469756,Clean,ALLOW
207.74,0.173001229763031,0.42700640521320976,Clean,ALLOW
701.17,0.2297179400920868,0.38380570879717196,suspicious_device,REVIEW
169.58,0.15762640535831451,0.4598929854245057,Clean,ALLOW
1367.75,0.2313557267189026,0.41699670217982293,suspicious_device,REVIEW
101.0,0.24308982491493225,0.4089335665462155,suspicious_device,REVIEW
352.78,0.7116301655769348,0.4785830198392252,account_takeover,REVIEW
334.51,0.1609031856060028,0.42461825354570315,Clean,ALLOW
1921.8,0.28986960649490356,0.38860830238411714,unusual_amount,REVIEW
1043.64,0.26152336597442627,0.4032956543855151,suspicious_device,REVIEW
711.53,0.19143547117710114,0.3959123729790942,Clean,ALLOW
559.7,0.20178629457950592,0.3938030193733724,suspicious_device,REVIEW
257.52,0.4012831747531891,0.4347461438334048,suspicious_device,REVIEW
1149.04,0.28273406624794006,0.39718804697951376,suspicious_device,REVIEW
20883.2,0.6379067897796631,0.5082921986858243,unusual_amount,REVIEW
311.88,0.18962246179580688,0.3860327040035466,Clean,ALLOW
204.35,0.18040865659713745,0.4885559177749221,Clean,ALLOW
112.44,0.25481072068214417,0.4000825415801068,suspicious_device,REVIEW
479.98,0.1877753585577011,0.3728466504912946,Clean,ALLOW
440.63,0.17529074847698212,0.40789642533677967,Clean,ALLOW
1417.78,0.3287017047405243,0.4233937417797611,suspicious_device,REVIEW
546.36,0.19888092577457428,0.38727552749424016,Clean,ALLOW
161.83,0.16853013634681702,0.4267955218465943,Clean,ALLOW
114.16,0.23741494119167328,0.40136925700637865,suspicious_device,REVIEW
263.0,0.19596396386623383,0.37669710767707726,Clean,ALLOW
1095.34,0.23583613336086273,0.4046854584224126,suspicious_device,REVIEW
209.2,0.1856554001569748,0.4166694522570146,Clean,ALLOW
360.54,0.16655631363391876,0.3984627814561534,Clean,ALLOW
196.54,0.20632599294185638,0.4008687579524462,velocity_abuse,REVIEW
315.79,0.2285030633211136,0.381173629987464,velocity_abuse,REVIEW
70.43,0.2755800485610962,0.3838485647711091,velocity_abuse,REVIEW
784.79,0.22279280424118042,0.4035115352163921,velocity_abuse,REVIEW
84.41,0.23002861440181732,0.37830629541636096,velocity_abuse,REVIEW
221.07,0.6818329095840454,0.42416761860434565,account_takeover,REVIEW
413.62,0.19813412427902222,0.36658447547750095,Clean,ALLOW
645.04,0.19106127321720123,0.3819214784700913,Clean,ALLOW
476.69,0.17261084914207458,0.3684733847192806,Clean,ALLOW
754.09,0.2075989842414856,0.36667877034362795,velocity_abuse,REVIEW
1136.77,0.1966712325811386,0.3681959860725745,Clean,ALLOW
359.07,0.1670302003622055,0.46375431491479485,Clean,ALLOW
301.64,0.8135530352592468,0.46828960695640687,account_takeover,BLOCK
642.83,0.2611139416694641,0.36243189431739925,velocity_abuse,REVIEW
1846.54,0.22041544318199158,0.40358943219539645,velocity_abuse,REVIEW
105.99,0.27572816610336304,0.3624561526419715,velocity_abuse,REVIEW
366.05,0.2915901243686676,0.38139862415680414,velocity_abuse,REVIEW
211.61,0.24632425606250763,0.35132967497863243,velocity_abuse,REVIEW
866.46,0.17473366856575012,0.3573797780377353,Clean,ALLOW
69.91,0.4007021486759186,0.4045129841947363,velocity_abuse,REVIEW
994.52,0.24707810580730438,0.3523341037641844,velocity_abuse,REVIEW
868.48,0.23664267361164093,0.3506381568058066,velocity_abuse,REVIEW
366.02,0.23713581264019012,0.43870678884530173,velocity_abuse,REVIEW
477.78,0.2343463897705078,0.3824337587616686,velocity_abuse,REVIEW
589.54,0.5673602223396301,0.4066075175552131,suspicious_device,REVIEW
67.02,0.38237500190734863,0.3523249523119515,velocity_abuse,REVIEW
316.0,0.27510127425193787,0.3803046164605006,velocity_abuse,REVIEW
178.91,0.20181739330291748,0.35316735426384865,suspicious_device,REVIEW
886.23,0.23443108797073364,0.3549269786498226,velocity_abuse,REVIEW
238.57,0.26830172538757324,0.35989603192556574,velocity_abuse,REVIEW
1050.18,0.4382581412792206,0.4262329941927351,unusual_amount,REVIEW
306.46,0.1937750279903412,0.3691004493905097,Clean,ALLOW
339.52,0.22270400822162628,0.3581507337164059,velocity_abuse,REVIEW
148.0,0.16774067282676697,0.3528133551300078,Clean,ALLOW
596.82,0.4100317656993866,0.4032558418231069,suspicious_device,REVIEW
187.91,0.19641470909118652,0.3862176438623804,Clean,ALLOW
391.57,0.23027417063713074,0.3437474647450546,velocity_abuse,REVIEW
1014.38,0.26176825165748596,0.3514122738396722,velocity_abuse,REVIEW
135.35,0.2988179922103882,0.36595677600269316,suspicious_device,REVIEW
217.89,0.2167084962129593,0.38445555810245213,suspicious_device,REVIEW
596.27,0.3665741980075836,0.41506043531727616,suspicious_device,REVIEW
324.9,0.45608147978782654,0.4224747406263752,account_takeover,REVIEW
186.49,0.2662275433540344,0.37026376676690353,suspicious_device,REVIEW
709.94,0.2625749111175537,0.3546784476332261,unusual_amount,REVIEW
828.85,0.24430252611637115,0.3601290347544569,velocity_abuse,REVIEW
1049.32,0.26542532444000244,0.3709387418805133,velocity_abuse,REVIEW
193.05,0.27644777297973633,0.34357145731567224,suspicious_device,REVIEW
130.98,0.19301678240299225,0.3964039342075887,Clean,ALLOW
387.18,0.2741529643535614,0.379107631218253,velocity_abuse,REVIEW
895.69,0.3026910424232483,0.3953362276378367,velocity_abuse,REVIEW
1259.88,0.2661915123462677,0.35492796176987623,velocity_abuse,REVIEW
223.27,0.23200765252113342,0.3439630666864248,velocity_abuse,REVIEW
198.9,0.15228678286075592,0.35721167363235723,Clean,ALLOW
406.85,0.7352177500724792,0.47315401742260493,account_takeover,REVIEW
262.63,0.19981306791305542,0.344242225607611,Clean,ALLOW
2208.47,0.2714211940765381,0.3718999686124018,unusual_amount,REVIEW
1258.49,0.37574657797813416,0.4187288593922259,velocity_abuse,REVIEW
280.05,0.22491315007209778,0.369790286344503,suspicious_device,REVIEW
346.89,0.19164812564849854,0.3384653832056575,Clean,ALLOW
133.46,0.26334667205810547,0.3450565343779923,suspicious_device,REVIEW
360.49,0.2018861323595047,0.34981692170756234,velocity_abuse,REVIEW
220.17,0.28739696741104126,0.3462381327242871,velocity_abuse,REVIEW
591.76,0.5727480053901672,0.40229316177631647,suspicious_device,REVIEW
539.53,0.20328707993030548,0.36444456219093496,suspicious_device,REVIEW
8080.92,0.7903283834457397,0.4300287787684124,unusual_amount,BLOCK
137.93,0.2681242823600769,0.3437062072226276,velocity_abuse,REVIEW
130.61,0.21545949578285217,0.35646540224259254,velocity_abuse,REVIEW
82.86,0.3572423756122589,0.35392319051691523,velocity_abuse,REVIEW
132.92,0.2162894457578659,0.35751319353167427,velocity_abuse,REVIEW
314.8,0.17520764470100403,0.41391276491710544,Clean,ALLOW
363.58,0.1944587230682373,0.3375741666407251,Clean,ALLOW
121.83,0.21378766000270844,0.3766938813657564,suspicious_device,REVIEW
154.13,0.07459888607263565,0.4292047567387426,Clean,ALLOW
1902.45,0.24759240448474884,0.4038191361738336,unusual_amount,REVIEW
71.79,0.5467996597290039,0.366506390974473,account_takeover,REVIEW
533.68,0.21391837298870087,0.34872397008924205,velocity_abuse,REVIEW
536.36,0.40739181637763977,0.39792656214574834,suspicious_device,REVIEW
94.21,0.2357034683227539,0.42622053103370083,velocity_abuse,REVIEW
87.57,0.25078922510147095,0.34089551139544566,velocity_abuse,REVIEW
1258.67,0.25611692667007446,0.37967380067355605,velocity_abuse,REVIEW
224.23,0.2344031035900116,0.36447110678067174,velocity_abuse,REVIEW
144.34,0.17908674478530884,0.3655983096269917,Clean,ALLOW
667.33,0.3672930598258972,0.3996877648182488,unusual_amount,REVIEW
1886.29,0.3764875531196594,0.396839018446623,unusual_amount,REVIEW
332.06,0.19589340686798096,0.36538847629237126,Clean,ALLOW
90.86,0.2536872923374176,0.37602333761927353,velocity_abuse,REVIEW
235.63,0.2145891636610031,0.35101815706104467,velocity_abuse,REVIEW
335.83,0.19782932102680206,0.36030267099286634,Clean,ALLOW
229.85,0.1892452836036682,0.34409648075119437,Clean,ALLOW
1305.85,0.2525292634963989,0.35480955948113413,velocity_abuse,REVIEW
378.23,0.2217697650194168,0.34216192477930674,velocity_abuse,REVIEW
733.35,0.25023359060287476,0.34513156895745883,velocity_abuse,REVIEW
430.94,0.18955868482589722,0.33937989761924947,Clean,ALLOW
241.81,0.3853968381881714,0.38252027267952393,suspicious_device,REVIEW
1076.6,0.24071724712848663,0.3399376862670944,velocity_abuse,REVIEW
419.88,0.21669158339500427,0.34515351898268326,velocity_abuse,REVIEW
346.79,0.23226739466190338,0.38029649275593425,velocity_abuse,REVIEW
425.21,0.18234264850616455,0.348884470466735,Clean,ALLOW
712.09,0.21541190147399902,0.36356180431101526,suspicious_device,REVIEW
380.76,0.25298815965652466,0.4207666982595696,velocity_abuse,REVIEW
1196.36,0.21913141012191772,0.37477751360415945,suspicious_device,REVIEW
682.98,0.2182856649160385,0.3544679888155502,velocity_abuse,REVIEW
976.01,0.22883740067481995,0.341567543716004,velocity_abuse,REVIEW
1396.27,0.25622087717056274,0.35489150694807675,unusual_amount,REVIEW
126.81,0.20771536231040955,0.34305989130238485,suspicious_device,REVIEW
81.89,0.18033826351165771,0.42753857577951837,Clean,ALLOW
377.45,0.168520987033844,0.4201578688890929,Clean,ALLOW
555.33,0.19871436059474945,0.33841962967418193,Clean,ALLOW
353.17,0.17845571041107178,0.3710192050844265,Clean,ALLOW
223.27,0.24615870416164398,0.369890831376083,velocity_abuse,REVIEW
251.9,0.19501133263111115,0.3442025945391552,Clean,ALLOW
689.96,0.21126993000507355,0.3631982988034415,velocity_abuse,REVIEW
907.08,0.19529324769973755,0.40604034584254434,Clean,ALLOW
211.17,0.4646538496017456,0.4016946845891027,suspicious_device,REVIEW
131.11,0.5398057103157043,0.40679759400513954,suspicious_device,REVIEW
85.51,0.7190259695053101,0.40918974477250725,account_takeover,REVIEW
435.84,0.17892897129058838,0.350956690327222,Clean,ALLOW
1193.28,0.24038608372211456,0.3690257032801972,suspicious_device,REVIEW
426.26,0.20894615352153778,0.3552024588664575,velocity_abuse,REVIEW
374.73,0.20423650741577148,0.33928428607044125,suspicious_device,REVIEW
261.22,0.21016891300678253,0.3666279657863433,suspicious_device,REVIEW
182.95,0.19602207839488983,0.40531309430478624,Clean,ALLOW
208.22,0.21430641412734985,0.3352427647460704,suspicious_device,REVIEW
617.87,0.2646225094795227,0.39161267931963645,unusual_amount,REVIEW
459.42,0.2050422877073288,0.35065064529715745,suspicious_device,REVIEW
199.8,0.7731373310089111,0.44377821107780924,account_takeover,BLOCK
143.37,0.14065729081630707,0.34546057380273515,Clean,ALLOW
287.36,0.1954910308122635,0.3933503475704618,Clean,ALLOW
875.49,0.2124890387058258,0.34434494363794177,velocity_abuse,REVIEW
93.79,0.24809125065803528,0.373957802417928,velocity_abuse,REVIEW
106.23,0.24292515218257904,0.3638486254618789,suspicious_device,REVIEW
450.06,0.18181292712688446,0.37250944245298,Clean,ALLOW
560.98,0.2696036100387573,0.39786261231952236,unusual_amount,REVIEW
410.29,0.49895748496055603,0.4666160690838869,account_takeover,REVIEW
444.01,0.3208351135253906,0.4193083597715721,unusual_amount,REVIEW
546.93,0.2278866469860077,0.34421204960854046,suspicious_device,REVIEW
129.28,0.27195343375205994,0.3963608343759303,velocity_abuse,REVIEW
1984.13,0.27347472310066223,0.3714384470444111,suspicious_device,REVIEW
151.09,0.17022621631622314,0.34779619637829984,Clean,ALLOW
869.85,0.2028626948595047,0.3596968369389552,suspicious_device,REVIEW
481.49,0.22157935798168182,0.34608870053468493,velocity_abuse,REVIEW
92.26,0.2696135342121124,0.36855670940064245,velocity_abuse,REVIEW
261.37,0.23501619696617126,0.3661907246633114,velocity_abuse,REVIEW
321.42,0.23484602570533752,0.38564060669161876,velocity_abuse,REVIEW
472.28,0.20977556705474854,0.3822780936372108,velocity_abuse,REVIEW
150.77,0.15986588597297668,0.42494679269574825,Clean,ALLOW
257.62,0.8912202715873718,0.496523375680214,account_takeover,BLOCK
96.41,0.34660249948501587,0.46152872181617505,suspicious_device,REVIEW
625.11,0.21585673093795776,0.37545043378723536,velocity_abuse,REVIEW
205.09,0.23701560497283936,0.3816790274412346,velocity_abuse,REVIEW
382.58,0.1731354147195816,0.378237601571103,Clean,ALLOW
203.51,0.21377572417259216,0.37801373921993253,suspicious_device,REVIEW
191.61,0.16846492886543274,0.474514965628739,Clean,ALLOW
119.79,0.18249286711215973,0.38583443930350003,Clean,ALLOW
731.46,0.21883700788021088,0.37406340484156564,velocity_abuse,REVIEW
308.16,0.2009759545326233,0.40145998201399113,velocity_abuse,REVIEW
86.81,0.29517972469329834,0.46306003062136747,unusual_amount,REVIEW
361.9,0.19184699654579163,0.3723058022085594,Clean,ALLOW
258.29,0.8065452575683594,0.4754574716943301,account_takeover,BLOCK
351.18,0.19752655923366547,0.3898660728581897,Clean,ALLOW
254.19,0.21053515374660492,0.3671485316584614,velocity_abuse,REVIEW
2707.63,0.48350608348846436,0.4457196277169004,unusual_amount,REVIEW
87.17,0.20401839911937714,0.3950024874595296,velocity_abuse,REVIEW
1002.24,0.2730640172958374,0.37748844629813055,velocity_abuse,REVIEW
151.59,0.1640159636735916,0.3625682468343613,Clean,ALLOW
246.97,0.23129543662071228,0.3663661481916513,suspicious_device,REVIEW
333.84,0.2283036857843399,0.36848591023614286,velocity_abuse,REVIEW
208.91,0.23617660999298096,0.3899663927393384,velocity_abuse,REVIEW
164.83,0.16368220746517181,0.39681385172886713,Clean,ALLOW
545.68,0.38088423013687134,0.41339663348193817,velocity_abuse,REVIEW
372.57,0.21852055191993713,0.36586354608944494,suspicious_device,REVIEW
105.24,0.30127236247062683,0.3811667138477691,suspicious_device,REVIEW
408.87,0.20808163285255432,0.39799877183187427,velocity_abuse,REVIEW
813.73,0.24601341784000397,0.3881692511779161,velocity_abuse,REVIEW
275.56,0.20200160145759583,0.3594491828139642,suspicious_device,REVIEW
184.52,0.2380252629518509,0.3761761071899126,suspicious_device,REVIEW
510.44,0.2053656429052353,0.3638491612180638,suspicious_device,REVIEW
402.96,0.1442200094461441,0.41720085996291156,Clean,ALLOW
145.01,0.14794115722179413,0.3953209606167395,Clean,ALLOW
445.93,0.17467114329338074,0.38494229787573925,Clean,ALLOW
177.61,0.12351403385400772,0.3944287658039254,Clean,ALLOW
193.93,0.2056911140680313,0.3724903669588165,suspicious_device,REVIEW
163.96,0.21904356777668,0.36923315561538506,suspicious_device,REVIEW
73.19,0.2149229496717453,0.3765782313022917,velocity_abuse,REVIEW
451.0,0.7710430026054382,0.45171394259770625,account_takeover,BLOCK
139.55,0.17819520831108093,0.3747665289290492,Clean,ALLOW
311.92,0.31488722562789917,0.39285363756476177,velocity_abuse,REVIEW
247.36,0.36920493841171265,0.4102912558274586,suspicious_device,REVIEW
145.87,0.34613606333732605,0.4166369680041554,suspicious_device,REVIEW
469.01,0.2012808471918106,0.36851681872767006,velocity_abuse,REVIEW
226.76,0.1817903071641922,0.42370134205072174,Clean,ALLOW
798.41,0.230354905128479,0.3741096324739699,velocity_abuse,REVIEW
831.12,0.21275174617767334,0.42663616603021837,velocity_abuse,REVIEW
503.47,0.1927151083946228,0.4023350653656776,Clean,ALLOW
486.1,0.19229169189929962,0.3810129597995978,Clean,ALLOW
762.32,0.14832951128482819,0.4626101551328343,Clean,ALLOW
398.35,0.19680899381637573,0.39041450633264513,Clean,ALLOW
577.12,0.5665945410728455,0.4495004894054527,account_takeover,REVIEW
403.6,0.2201041579246521,0.38347844325269337,velocity_abuse,REVIEW
802.59,0.17714548110961914,0.41128760427409383,Clean,ALLOW
662.32,0.1860402524471283,0.3653751542664725,Clean,ALLOW
831.26,0.23839876055717468,0.37946222310002553,velocity_abuse,REVIEW
54.47,0.4610516428947449,0.42876503703440466,account_takeover,REVIEW
1221.07,0.22715669870376587,0.3730422227670419,velocity_abuse,REVIEW
383.15,0.3939340114593506,0.38429721795423105,suspicious_device,REVIEW
2830.6,0.23382827639579773,0.37450088534371223,unusual_amount,REVIEW
1240.87,0.28077444434165955,0.39272399877028874,velocity_abuse,REVIEW
394.83,0.20169998705387115,0.36144605687026526,velocity_abuse,REVIEW
294.63,0.24727872014045715,0.337799949027334,velocity_abuse,REVIEW
640.63,0.2610505223274231,0.3567739289854499,velocity_abuse,REVIEW
183.68,0.26224660873413086,0.3484290121908323,velocity_abuse,REVIEW
210.42,0.26331040263175964,0.34904272490854993,velocity_abuse,REVIEW
506.04,0.8823016285896301,0.5433369552071904,account_takeover,BLOCK
348.83,0.1720982789993286,0.3565461596722418,Clean,ALLOW
145.47,0.18723484873771667,0.3678220179459073,Clean,ALLOW
79.98,0.3536842465400696,0.3927584566110109,velocity_abuse,REVIEW
118.57,0.3395233154296875,0.3932233258623587,velocity_abuse,REVIEW
182.78,0.29534777998924255,0.36995014091115985,unusual_amount,REVIEW
1917.14,0.20925672352313995,0.36458293579555834,unusual_amount,REVIEW
1295.77,0.47658300399780273,0.4199239951362589,unusual_amount,REVIEW
225.26,0.23562462627887726,0.34573167284909156,velocity_abuse,REVIEW
931.82,0.27221137285232544,0.3539839518245438,velocity_abuse,REVIEW
540.56,0.223226398229599,0.33287643531130096,velocity_abuse,REVIEW
518.32,0.21355529129505157,0.33164387269673523,velocity_abuse,REVIEW
195.11,0.3870823085308075,0.4632868096688493,account_takeover,REVIEW
1102.76,0.2537156939506531,0.3467363984556936,suspicious_device,REVIEW
424.22,0.18906362354755402,0.379485830156472,Clean,ALLOW
438.2,0.20632369816303253,0.3402054354162933,velocity_abuse,REVIEW
1390.63,0.22152981162071228,0.3844348805786443,suspicious_device,REVIEW
165.67,0.22213785350322723,0.3613590034429088,suspicious_device,REVIEW
328.76,0.21419134736061096,0.34659860518469365,velocity_abuse,REVIEW
246.67,0.2110743671655655,0.33362464951756726,suspicious_device,REVIEW
106.65,0.24890434741973877,0.3766569518814241,suspicious_device,REVIEW
226.87,0.23793786764144897,0.3798556235353065,unusual_amount,REVIEW
372.24,0.22195297479629517,0.35717531435217575,velocity_abuse,REVIEW
154.48,0.10397207736968994,0.4227709308204839,Clean,ALLOW
233.97,0.2584936320781708,0.34461628264091354,velocity_abuse,REVIEW
383.1,0.3370489180088043,0.36199607192150524,velocity_abuse,REVIEW
131.94,0.22525595128536224,0.3634667021240947,suspicious_device,REVIEW
854.86,0.20460063219070435,0.35799526218485433,velocity_abuse,REVIEW
269.45,0.21959537267684937,0.35067462251017745,velocity_abuse,REVIEW
94.11,0.2501924932003021,0.3562316794642641,velocity_abuse,REVIEW
704.94,0.2251233160495758,0.3575020023693568,velocity_abuse,REVIEW
123.63,0.2383393794298172,0.42124297886312184,velocity_abuse,REVIEW
155.78,0.19130803644657135,0.3573485821153877,Clean,ALLOW
151.44,0.1897791475057602,0.37465537023980783,Clean,ALLOW
140.71,0.3010629117488861,0.4010603905249411,unusual_amount,REVIEW
130.48,0.3463082015514374,0.3621316962328037,velocity_abuse,REVIEW
298.99,0.22883281111717224,0.33554497497710434,velocity_abuse,REVIEW
46.35,0.23364752531051636,0.4007473304554691,velocity_abuse,REVIEW
431.76,0.1778622418642044,0.3442346590915875,Clean,ALLOW
349.97,0.26255038380622864,0.34822160096530025,velocity_abuse,REVIEW
1568.46,0.2937976121902466,0.3507241331310861,velocity_abuse,REVIEW
192.65,0.18119823932647705,0.37365003176302475,Clean,ALLOW
559.49,0.21792595088481903,0.35373445989383545,suspicious_device,REVIEW
456.25,0.29860034584999084,0.3685082796805668,velocity_abuse,REVIEW
369.89,0.2489110231399536,0.33245418641209823,suspicious_device,REVIEW
1073.56,0.47819361090660095,0.412285622485841,velocity_abuse,REVIEW
430.37,0.25961926579475403,0.3926989240571967,unusual_amount,REVIEW
162.57,0.37723198533058167,0.38438636062504233,suspicious_device,REVIEW
328.83,0.1326942890882492,0.358894328557621,Clean,ALLOW
576.62,0.2384522557258606,0.3459277762669597,suspicious_device,REVIEW
359.2,0.17343920469284058,0.35735893307061456,Clean,ALLOW
42.65,0.27050209045410156,0.4147016209864222,velocity_abuse,REVIEW
91.05,0.2941281497478485,0.3565311874759174,velocity_abuse,REVIEW
1916.19,0.26400667428970337,0.34842035178970565,unusual_amount,REVIEW
125.68,0.31701114773750305,0.38360985639435285,suspicious_device,REVIEW
1250.4,0.5055594444274902,0.39457753037784044,suspicious_device,REVIEW
713.35,0.2236086130142212,0.35369417220390537,suspicious_device,REVIEW
275.68,0.2135816216468811,0.33329439781376613,velocity_abuse,REVIEW
145.37,0.1239800900220871,0.34885075503603696,Clean,ALLOW
301.69,0.21683341264724731,0.36202592867261996,velocity_abuse,REVIEW
931.92,0.23229080438613892,0.3377861802623425,velocity_abuse,REVIEW
949.87,0.20502813160419464,0.3429683236411504,velocity_abuse,REVIEW
112.26,0.25024697184562683,0.3547805106742331,suspicious_device,REVIEW
446.94,0.34013059735298157,0.3992628922869467,velocity_abuse,REVIEW
49.99,0.5815083980560303,0.4304843289046823,account_takeover,REVIEW
175.24,0.23913006484508514,0.3329168365077389,suspicious_device,REVIEW
571.23,0.3070022761821747,0.3692123416490124,velocity_abuse,REVIEW
1284.32,0.2517142593860626,0.35358725877646907,velocity_abuse,REVIEW
694.49,0.6454642415046692,0.4249686061093719,account_takeover,REVIEW
198.33,0.2142118662595749,0.35946233772891295,suspicious_device,REVIEW
142.43,0.41155779361724854,0.41428826858566214,account_takeover,REVIEW
1464.08,0.27802449464797974,0.3528087119267872,unusual_amount,REVIEW
138.23,0.19817966222763062,0.3761121393749876,Clean,ALLOW
229.57,0.29460105299949646,0.4520900179101377,velocity_abuse,REVIEW
173.64,0.2062443196773529,0.3470364846218002,suspicious_device,REVIEW
411.8,0.19813135266304016,0.33680109127161856,Clean,ALLOW
593.53,0.5032474994659424,0.4707290009549058,velocity_abuse,REVIEW
261.73,0.19806036353111267,0.33204433709183606,Clean,ALLOW
497.68,0.1997750699520111,0.332063616976457,Clean,ALLOW
207.29,0.20116551220417023,0.3283008097999931,suspicious_device,REVIEW
258.56,0.21568046510219574,0.33309559430826796,suspicious_device,REVIEW
85.97,0.32180824875831604,0.3431015219372728,velocity_abuse,REVIEW
254.11,0.2124256044626236,0.33222819848276347,suspicious_device,REVIEW
1105.57,0.3245414197444916,0.3951832335072159,velocity_abuse,REVIEW
1934.51,0.24443431198596954,0.3557059789210745,suspicious_device,REVIEW
327.39,0.17000456154346466,0.3467177830774804,Clean,ALLOW
431.12,0.22387665510177612,0.3427545008765199,velocity_abuse,REVIEW
480.93,0.2654769718647003,0.36785175141324017,velocity_abuse,REVIEW
894.03,0.35055971145629883,0.4147108376916836,suspicious_device,REVIEW
214.3,0.20687659084796906,0.3595211178091408,suspicious_device,REVIEW
361.63,0.17820842564105988,0.34203747230673814,Clean,ALLOW
399.28,0.22348301112651825,0.34742221004009655,velocity_abuse,REVIEW
1069.46,0.2601771652698517,0.38112989532098107,velocity_abuse,REVIEW
427.59,0.27091121673583984,0.3586563098157549,velocity_abuse,REVIEW
242.52,0.21460621058940887,0.3355284018544333,suspicious_device,REVIEW
597.14,0.28277483582496643,0.38422693100370925,suspicious_device,REVIEW
502.08,0.19540373980998993,0.33686241423779867,Clean,ALLOW
102.53,0.5157541632652283,0.42716063507387214,account_takeover,REVIEW
447.84,0.3613690137863159,0.3690471081182591,suspicious_device,REVIEW
771.49,0.21794302761554718,0.3374437383531798,velocity_abuse,REVIEW
183.83,0.22237326204776764,0.35141427957523275,suspicious_device,REVIEW
726.96,0.3400176465511322,0.3764657344343794,account_takeover,REVIEW
232.84,0.4639207124710083,0.4222635001340275,velocity_abuse,REVIEW
154.06,0.31917476654052734,0.40192304262561834,suspicious_device,REVIEW
843.26,0.211556538939476,0.3379782819334284,suspicious_device,REVIEW
703.06,0.2939941883087158,0.3804740927143782,velocity_abuse,REVIEW
96.03,0.352087140083313,0.3603598646583651,velocity_abuse,REVIEW
1461.5,0.24587616324424744,0.38161619293164967,unusual_amount,REVIEW
99.19,0.30200979113578796,0.3905719923259905,unusual_amount,REVIEW
320.77,0.12558621168136597,0.36509590092722766,Clean,ALLOW
769.25,0.20860812067985535,0.34604984799358846,suspicious_device,REVIEW
452.32,0.19052721560001373,0.34376133130010855,Clean,ALLOW
1731.93,0.2733081579208374,0.3651288611156891,suspicious_device,REVIEW
208.85,0.228093221783638,0.3549331965436391,velocity_abuse,REVIEW
1706.52,0.44698667526245117,0.41284751038756423,unusual_amount,REVIEW
365.0,0.2607836425304413,0.39256424279307495,velocity_abuse,REVIEW
659.5,0.29259175062179565,0.3893407696310736,velocity_abuse,REVIEW
326.16,0.18647967278957367,0.3725737699236773,Clean,ALLOW
177.43,0.20237493515014648,0.3556545790750008,suspicious_device,REVIEW
1279.03,0.5468793511390686,0.42485712818522575,account_takeover,REVIEW
210.62,0.32143133878707886,0.3910168849193319,account_takeover,REVIEW
318.34,0.11051640659570694,0.3566119293566409,Clean,ALLOW
206.03,0.21471308171749115,0.35941796401866294,velocity_abuse,REVIEW
849.59,0.2574460208415985,0.35736117211679425,velocity_abuse,REVIEW
392.6,0.1380232721567154,0.3581140898583131,Clean,ALLOW
312.96,0.21000723540782928,0.33951402411008236,suspicious_device,REVIEW
273.98,0.18556196987628937,0.36752925973790496,Clean,ALLOW
1384.52,0.21463890373706818,0.36139315556551793,suspicious_device,REVIEW
107.25,0.26799115538597107,0.38148219032438424,velocity_abuse,REVIEW
61.86,0.3790183365345001,0.3407509074227424,velocity_abuse,REVIEW
105.83,0.6647287011146545,0.41691475550342233,suspicious_device,REVIEW
327.07,0.2553544044494629,0.3565604413336338,velocity_abuse,REVIEW
205.83,0.1880875676870346,0.4370463848502771,Clean,ALLOW
85.2,0.40209418535232544,0.4440423218663896,suspicious_device,REVIEW
1155.77,0.2526167631149292,0.397395434721317,velocity_abuse,REVIEW
257.99,0.2625742256641388,0.3672849836263294,velocity_abuse,REVIEW
770.73,0.2629318833351135,0.37650140582474295,velocity_abuse,REVIEW
174.95,0.3128514885902405,0.4353046010417755,velocity_abuse,REVIEW
174.53,0.30745163559913635,0.40037434710036834,suspicious_device,REVIEW
519.77,0.3906637132167816,0.43714103107592733,velocity_abuse,REVIEW
1229.41,0.395248681306839,0.42690802467521416,suspicious_device,REVIEW
178.03,0.19262471795082092,0.40124903793175803,Clean,ALLOW
386.6,0.2907441556453705,0.39195023094466064,velocity_abuse,REVIEW
151.63,0.14610376954078674,0.4253166673101125,Clean,ALLOW
332.92,0.1976669579744339,0.362352393053354,Clean,ALLOW
86.91,0.3583902418613434,0.3737799697387673,velocity_abuse,REVIEW
804.05,0.21577253937721252,0.3840515374536134,velocity_abuse,REVIEW
204.76,0.17707675695419312,0.4103021632364154,Clean,ALLOW
288.56,0.21770940721035004,0.36480846211985357,suspicious_device,REVIEW
400.04,0.5898064374923706,0.4239101585862888,suspicious_device,REVIEW
890.68,0.18329046666622162,0.39697346357837787,Clean,ALLOW
795.04,0.19485799968242645,0.402222593044127,Clean,ALLOW
531.0,0.17642712593078613,0.36711604960643457,Clean,ALLOW
422.39,0.18383261561393738,0.37187887906555944,Clean,ALLOW
267.13,0.24549242854118347,0.37331740168759137,velocity_abuse,REVIEW
495.29,0.22334206104278564,0.3745649766837481,velocity_abuse,REVIEW
252.2,0.32555538415908813,0.4360471682824282,velocity_abuse,REVIEW
315.45,0.20621298253536224,0.3820140691074306,velocity_abuse,REVIEW
205.92,0.2160913646221161,0.3673449823553094,suspicious_device,REVIEW
539.4,0.28096795082092285,0.3895322111618887,suspicious_device,REVIEW
292.18,0.4436219036579132,0.43024765325892195,velocity_abuse,REVIEW
406.06,0.36955738067626953,0.392247450798094,velocity_abuse,REVIEW
1262.81,0.3206814229488373,0.41160177623033406,account_takeover,REVIEW
661.28,0.22379657626152039,0.36323819953155845,velocity_abuse,REVIEW
282.44,0.2507185935974121,0.40340755655928695,account_takeover,REVIEW
350.05,0.20653139054775238,0.3615019120749379,suspicious_device,REVIEW
606.71,0.23344486951828003,0.38332074312844444,velocity_abuse,REVIEW
267.43,0.22055856883525848,0.35884922106211053,velocity_abuse,REVIEW
842.62,0.22792558372020721,0.35975974883903256,velocity_abuse,REVIEW
205.12,0.3010181486606598,0.37711737234124804,velocity_abuse,REVIEW
806.18,0.24673409759998322,0.3818116456254599,velocity_abuse,REVIEW
150.04,0.14344483613967896,0.36688844502597506,Clean,ALLOW
282.67,0.14870211482048035,0.4033217541963323,Clean,ALLOW
288.41,0.20821480453014374,0.4038605166435114,velocity_abuse,REVIEW
50.9,0.16282103955745697,0.3652808929977662,Clean,ALLOW
1066.93,0.26279133558273315,0.3766934665620927,suspicious_device,REVIEW
1694.95,0.26427245140075684,0.3707462237032405,suspicious_device,REVIEW
253.28,0.19907498359680176,0.39108354978345483,Clean,ALLOW
226.4,0.20209695398807526,0.3843292024743823,suspicious_device,REVIEW
572.04,0.14302147924900055,0.3743165049913534,Clean,ALLOW
183.57,0.21023701131343842,0.36902245201097467,suspicious_device,REVIEW
193.53,0.47261354327201843,0.4474685859770247,account_takeover,REVIEW
82.29,0.379565954208374,0.4269619113688709,velocity_abuse,REVIEW
66.87,0.35448920726776123,0.3715451951442989,velocity_abuse,REVIEW
550.25,0.22554843127727509,0.37287761969276034,velocity_abuse,REVIEW
562.66,0.6253371834754944,0.4275369265490268,suspicious_device,REVIEW
581.41,0.19283445179462433,0.39275226518285866,Clean,ALLOW
327.79,0.21654686331748962,0.37839934916086465,suspicious_device,REVIEW
401.73,0.3309856355190277,0.4154390746060264,suspicious_device,REVIEW
889.22,0.20643047988414764,0.36596385941882487,suspicious_device,REVIEW
201.63,0.15580688416957855,0.43971588594023353,Clean,ALLOW
122.16,0.16604232788085938,0.40113668694131577,Clean,ALLOW
79.44,0.3747779428958893,0.4002245840383719,suspicious_device,REVIEW
123.02,0.15814253687858582,0.4056789344347258,Clean,ALLOW
2390.97,0.22094754874706268,0.4292873883230456,unusual_amount,REVIEW
53.78,0.32203197479248047,0.44759375412251295,velocity_abuse,REVIEW
500.75,0.20460578799247742,0.3744930633094977,velocity_abuse,REVIEW
282.99,0.15327782928943634,0.40667213741419506,Clean,ALLOW
2124.25,0.2499074637889862,0.37299725827161284,unusual_amount,REVIEW
377.29,0.2178429365158081,0.34223730177279854,velocity_abuse,REVIEW
172.53,0.2305147498846054,0.3526052832155324,suspicious_device,REVIEW
378.29,0.2410869300365448,0.36632356985607917,velocity_abuse,REVIEW
3638.76,0.33717527985572815,0.4362167860443681,unusual_amount,REVIEW
278.22,0.25184932351112366,0.3397671125459011,suspicious_device,REVIEW
565.49,0.21699786186218262,0.3645927295142441,velocity_abuse,REVIEW
1674.56,0.31339022517204285,0.3515161007837547,unusual_amount,REVIEW
137.97,0.25451773405075073,0.34939332387218636,velocity_abuse,REVIEW
184.25,0.2178182750940323,0.4078347684654454,unusual_amount,REVIEW
788.17,0.2577590048313141,0.3554687825439114,velocity_abuse,REVIEW
190.2,0.2890588939189911,0.373239463455186,velocity_abuse,REVIEW
133.46,0.27923712134361267,0.36220986167287,suspicious_device,REVIEW
181.92,0.2849304676055908,0.3659576357842227,velocity_abuse,REVIEW
649.2,0.27751654386520386,0.4191987900622995,suspicious_device,REVIEW
197.44,0.16806626319885254,0.3659308696036815,Clean,ALLOW
166.19,0.23765695095062256,0.35309976360836004,suspicious_device,REVIEW
331.47,0.22543495893478394,0.4363900754237384,unusual_amount,REVIEW
193.0,0.18372750282287598,0.38973852936645725,Clean,ALLOW
232.09,0.21125894784927368,0.37155018754071795,velocity_abuse,REVIEW
248.02,0.16909071803092957,0.3522206144921306,Clean,ALLOW
425.8,0.20298129320144653,0.3426981027733006,velocity_abuse,REVIEW
149.74,0.17196215689182281,0.33501042672679193,Clean,ALLOW
170.91,0.23429009318351746,0.3403353371703684,suspicious_device,REVIEW
155.35,0.16064782440662384,0.4281139226277161,Clean,ALLOW
774.65,0.47940218448638916,0.4054550147376988,velocity_abuse,REVIEW
680.84,0.4242701232433319,0.4212423718883405,account_takeover,REVIEW
283.63,0.23647384345531464,0.3585587709039614,velocity_abuse,REVIEW
1030.56,0.2577888071537018,0.3436637074864533,suspicious_device,REVIEW
308.92,0.24224239587783813,0.3691978489401038,suspicious_device,REVIEW
899.57,0.21329568326473236,0.34127551323562955,suspicious_device,REVIEW
47.63,0.17481692135334015,0.34329264222966344,Clean,ALLOW
436.71,0.15785451233386993,0.35882264421014465,Clean,ALLOW
128.22,0.28172484040260315,0.3344471843095076,suspicious_device,REVIEW
342.94,0.19828259944915771,0.3343937969718162,Clean,ALLOW
90.24,0.33217623829841614,0.341805714101156,velocity_abuse,REVIEW
307.51,0.37108808755874634,0.40295125573971824,velocity_abuse,REVIEW
1194.04,0.23506556451320648,0.36209820572205764,suspicious_device,REVIEW
362.54,0.5650948286056519,0.41996498333838095,account_takeover,REVIEW
304.17,0.2389090210199356,0.3400067059706468,velocity_abuse,REVIEW
1277.58,0.28821784257888794,0.35417029938184563,velocity_abuse,REVIEW
104.19,0.24739417433738708,0.3369016459926437,suspicious_device,REVIEW
554.72,0.20325349271297455,0.3342935302286185,velocity_abuse,REVIEW
161.75,0.2137647569179535,0.36258135992483204,velocity_abuse,REVIEW
688.35,0.7527116537094116,0.4153415567969497,account_takeover,BLOCK
1943.32,0.32377246022224426,0.36140558464048805,unusual_amount,REVIEW
609.85,0.2812863886356354,0.35938695285596955,velocity_abuse,REVIEW
435.87,0.1971910148859024,0.4067658069904542,Clean,ALLOW
119.51,0.32044023275375366,0.3488645119563008,suspicious_device,REVIEW
805.1,0.2635071277618408,0.3980776652769534,velocity_abuse,REVIEW
1364.47,0.4124910533428192,0.39864967385602795,suspicious_device,REVIEW
613.35,0.21942389011383057,0.3388338847259322,velocity_abuse,REVIEW
186.23,0.23089547455310822,0.342115506029113,suspicious_device,REVIEW
128.52,0.2599714696407318,0.4036940546765199,velocity_abuse,REVIEW
179.39,0.3244551718235016,0.33851019113097575,suspicious_device,REVIEW
442.6,0.24345126748085022,0.35927061272068506,velocity_abuse,REVIEW
307.11,0.2313532531261444,0.33576852671906965,suspicious_device,REVIEW
3256.48,0.5195041298866272,0.42795184942982756,unusual_amount,REVIEW
178.68,0.25968480110168457,0.3622581582729229,suspicious_device,REVIEW
183.21,0.26809456944465637,0.36657771782626314,suspicious_device,REVIEW
244.25,0.2916368544101715,0.3455115989738351,suspicious_device,REVIEW
736.07,0.18962348997592926,0.38006552918841924,Clean,ALLOW
547.43,0.24242334067821503,0.34738061639900325,suspicious_device,REVIEW
1616.97,0.2789307236671448,0.35876349625402,unusual_amount,REVIEW
1703.34,0.5239257216453552,0.4030804426341238,suspicious_device,REVIEW
1839.25,0.28601881861686707,0.389161161264629,unusual_amount,REVIEW
1012.28,0.3897160291671753,0.3650176242208707,velocity_abuse,REVIEW
283.21,0.20487338304519653,0.3608295732215436,suspicious_device,REVIEW
611.12,0.2877090275287628,0.34889809582829684,suspicious_device,REVIEW
556.33,0.22104191780090332,0.36929761651710713,velocity_abuse,REVIEW
393.67,0.21939240396022797,0.3379086770212572,velocity_abuse,REVIEW
326.89,0.13892938196659088,0.3430866026578735,Clean,ALLOW
541.98,0.32166630029678345,0.3756507938328009,suspicious_device,REVIEW
373.16,0.2058253139257431,0.34780038113114825,velocity_abuse,REVIEW
200.5,0.22660812735557556,0.34058977432123394,velocity_abuse,REVIEW
502.32,0.27508679032325745,0.39223170114544215,velocity_abuse,REVIEW
505.03,0.19536128640174866,0.326865481933352,Clean,ALLOW
127.73,0.3791564702987671,0.38051056357292556,velocity_abuse,REVIEW
435.68,0.1627478003501892,0.40676399678888403,Clean,ALLOW
236.44,0.21220766007900238,0.35870189557196236,unusual_amount,REVIEW
358.33,0.17542198300361633,0.344432742790111,Clean,ALLOW
314.96,0.20218829810619354,0.33226924059635765,velocity_abuse,REVIEW
141.63,0.29826921224594116,0.40310608534266484,suspicious_device,REVIEW
262.06,0.21330560743808746,0.3730641805767026,velocity_abuse,REVIEW
158.26,0.4138868749141693,0.4498884391698419,suspicious_device,REVIEW
120.2,0.22425337135791779,0.37924798786424246,suspicious_device,REVIEW
407.17,0.17074467241764069,0.4168390660736112,Clean,ALLOW
218.15,0.2709607183933258,0.3793983502365322,velocity_abuse,REVIEW
104.91,0.23365263640880585,0.36181803791580264,velocity_abuse,REVIEW
951.83,0.23142769932746887,0.38305045702736135,velocity_abuse,REVIEW
197.23,0.23656685650348663,0.35863472050016637,velocity_abuse,REVIEW
496.87,0.12701499462127686,0.3625970635019316,Clean,ALLOW
652.99,0.1772656887769699,0.3656756632830355,Clean,ALLOW
135.45,0.19944679737091064,0.3652283958522844,Clean,ALLOW
204.13,0.21442285180091858,0.34489635568188587,velocity_abuse,REVIEW
407.28,0.26106423139572144,0.36073355369853877,velocity_abuse,REVIEW
2407.34,0.21551275253295898,0.3869274610585355,unusual_amount,REVIEW
263.25,0.17700697481632233,0.37668775802027804,Clean,ALLOW
175.95,0.19982343912124634,0.36470631600199915,Clean,ALLOW
259.22,0.22978675365447998,0.3319413329423971,velocity_abuse,REVIEW
340.26,0.2155086249113083,0.3435568104595747,suspicious_device,REVIEW
237.4,0.6734569668769836,0.3956111979304285,suspicious_device,REVIEW
178.22,0.782937228679657,0.4450579468880152,suspicious_device,BLOCK
1433.22,0.4640941619873047,0.3986580134257981,suspicious_device,REVIEW
412.67,0.2033645063638687,0.330656053993208,velocity_abuse,REVIEW
426.82,0.20325742661952972,0.3330328803080646,velocity_abuse,REVIEW
816.61,0.41548603773117065,0.375395057516214,velocity_abuse,REVIEW
509.18,0.20549966394901276,0.3553625263440285,suspicious_device,REVIEW
307.23,0.1898115575313568,0.3459435250192899,Clean,ALLOW
293.92,0.19009901583194733,0.3411846103351961,Clean,ALLOW
1051.14,0.26337775588035583,0.37621428437999216,suspicious_device,REVIEW
334.16,0.21849477291107178,0.37291558463779245,velocity_abuse,REVIEW
138.69,0.29200342297554016,0.4083100429925994,suspicious_device,REVIEW
57.18,0.4531947672367096,0.37240486782009585,velocity_abuse,REVIEW
427.1,0.19770574569702148,0.33950507139574176,Clean,ALLOW
305.59,0.13866373896598816,0.3547056205954413,Clean,ALLOW
581.28,0.19891206920146942,0.3491728283131687,Clean,ALLOW
326.54,0.20655076205730438,0.34970476731512057,suspicious_device,REVIEW
999.4,0.1945076882839203,0.36375950890642994,Clean,ALLOW
106.48,0.25571390986442566,0.3619482383104905,suspicious_device,REVIEW
267.32,0.1878989338874817,0.36278575811668595,Clean,ALLOW
609.42,0.20471803843975067,0.3583304386914735,suspicious_device,REVIEW
1065.09,0.1926145851612091,0.3571147498598436,Clean,ALLOW
197.71,0.2232111543416977,0.3868044390740328,suspicious_device,REVIEW
504.42,0.1688225269317627,0.343387094553438,Clean,ALLOW
375.85,0.203011155128479,0.4241916416737273,suspicious_device,REVIEW
901.56,0.17582613229751587,0.3625075699318428,Clean,ALLOW
70.92,0.47099047899246216,0.4037417202990701,velocity_abuse,REVIEW
67.36,0.35461491346359253,0.3402191225449503,velocity_abuse,REVIEW
1259.33,0.2584260404109955,0.35689979396906735,suspicious_device,REVIEW
119.94,0.24747145175933838,0.35267234811881953,suspicious_device,REVIEW
216.34,0.39424484968185425,0.42839058468169217,velocity_abuse,REVIEW
449.69,0.18690355122089386,0.348334042433949,Clean,ALLOW
272.58,0.24138176441192627,0.35733651233746333,suspicious_device,REVIEW
802.97,0.26288506388664246,0.35715496458248874,suspicious_device,REVIEW
114.91,0.5407565236091614,0.44438734989399764,account_takeover,REVIEW
1305.25,0.3583986163139343,0.40503973502359225,velocity_abuse,REVIEW
357.97,0.6166850924491882,0.4256081857513628,suspicious_device,REVIEW
157.91,0.15005972981452942,0.3477212640572045,Clean,ALLOW
62.13,0.5363419651985168,0.42004360146076525,velocity_abuse,REVIEW
391.58,0.18565842509269714,0.38240057374580905,Clean,ALLOW
201.0,0.19242198765277863,0.4399431071156289,Clean,ALLOW
983.83,0.5789857506752014,0.4361041799959843,suspicious_device,REVIEW
190.16,0.2482241541147232,0.3912426634460231,suspicious_device,REVIEW
192.87,0.631847083568573,0.4212882931850456,suspicious_device,REVIEW
1269.1,0.2716771066188812,0.37716272876354795,suspicious_device,REVIEW
533.92,0.19870832562446594,0.35821558057110486,Clean,ALLOW
343.02,0.2051524519920349,0.3628061973185816,suspicious_device,REVIEW
124.94,0.18589605391025543,0.4350062799072697,Clean,ALLOW
95.76,0.24460959434509277,0.3669175476209373,suspicious_device,REVIEW
631.06,0.2140771895647049,0.3729888292793756,suspicious_device,REVIEW
216.03,0.20109997689723969,0.353812197875829,suspicious_device,REVIEW
1095.51,0.2567511200904846,0.40933377099763923,velocity_abuse,REVIEW
451.25,0.1529117077589035,0.38292336085448236,Clean,ALLOW
384.31,0.2057468742132187,0.35530949769975273,suspicious_device,REVIEW
337.92,0.18762797117233276,0.35318212796376663,Clean,ALLOW
299.87,0.33117496967315674,0.40636250376503613,suspicious_device,REVIEW
382.48,0.7489508986473083,0.4765055972338953,suspicious_device,REVIEW
180.88,0.20397479832172394,0.45227559335472306,suspicious_device,REVIEW
442.58,0.4753812551498413,0.4529913800848187,suspicious_device,REVIEW
879.85,0.40269526839256287,0.4309689272926147,suspicious_device,REVIEW
337.22,0.14396870136260986,0.4556093566408922,Clean,ALLOW
1418.6,0.294833779335022,0.39045904269704323,velocity_abuse,REVIEW
138.34,0.2275703251361847,0.37998911586315387,velocity_abuse,REVIEW
271.27,0.25161516666412354,0.4290839370706517,suspicious_device,REVIEW
245.51,0.172349750995636,0.3869427558608975,Clean,ALLOW
196.5,0.31319302320480347,0.363710741543665,suspicious_device,REVIEW
864.0,0.21893341839313507,0.35987763270447776,velocity_abuse,REVIEW
1290.47,0.34345871210098267,0.39318933307270937,suspicious_device,REVIEW
201.49,0.18850965797901154,0.37897797089412155,Clean,ALLOW
2533.24,0.3595268130302429,0.44221676184523784,suspicious_device,REVIEW
317.53,0.2195763736963272,0.4083198330513231,suspicious_device,REVIEW
230.88,0.33158737421035767,0.44543844964579954,suspicious_device,REVIEW
451.19,0.2040831595659256,0.3711947166772553,velocity_abuse,REVIEW
171.27,0.2760595381259918,0.39840388948937244,suspicious_device,REVIEW
479.68,0.3498871624469757,0.40359309683854805,suspicious_device,REVIEW
595.94,0.17945927381515503,0.39295516629282723,Clean,ALLOW
338.94,0.2834511697292328,0.4037689936456832,velocity_abuse,REVIEW
434.62,0.49935340881347656,0.4377330648087632,suspicious_device,REVIEW
150.67,0.1465013176202774,0.3836447794344035,Clean,ALLOW
156.17,0.1435062140226364,0.3604716213637407,Clean,ALLOW
746.71,0.2663223445415497,0.3827422771478738,velocity_abuse,REVIEW
774.5,0.25278013944625854,0.38084119214181816,suspicious_device,REVIEW
133.44,0.13922899961471558,0.3567588172343557,Clean,ALLOW
639.51,0.21613942086696625,0.3804805763496123,velocity_abuse,REVIEW
297.96,0.21769344806671143,0.3684923353114521,velocity_abuse,REVIEW
265.68,0.19901813566684723,0.38483966276210274,Clean,ALLOW
298.65,0.1844489723443985,0.411809277523092,Clean,ALLOW
237.74,0.2194184958934784,0.35817138117475555,suspicious_device,REVIEW
1554.36,0.2759403586387634,0.39804631991806116,suspicious_device,REVIEW
398.74,0.144936665892601,0.38469067913800375,Clean,ALLOW
335.24,0.15046223998069763,0.39864207243010363,Clean,ALLOW
504.77,0.21993224322795868,0.3857652715858447,velocity_abuse,REVIEW
312.95,0.2250136286020279,0.37938131308903333,suspicious_device,REVIEW
1326.86,0.2870427668094635,0.40593534552495897,suspicious_device,REVIEW
1072.27,0.2567009925842285,0.37215578829325724,suspicious_device,REVIEW
186.81,0.216562420129776,0.37223664813379653,suspicious_device,REVIEW
1348.46,0.255404531955719,0.38383836397837034,suspicious_device,REVIEW
136.46,0.16817709803581238,0.3733456252203519,Clean,ALLOW
173.04,0.23390263319015503,0.37675397156541657,suspicious_device,REVIEW
134.86,0.556804358959198,0.4775193519201109,suspicious_device,REVIEW
151.61,0.15934421122074127,0.4274383759647424,Clean,ALLOW
377.98,0.21477153897285461,0.37975656281738923,suspicious_device,REVIEW
2468.51,0.21849507093429565,0.46163059841295195,unusual_amount,REVIEW
112.16,0.24059507250785828,0.3826044249436489,suspicious_device,REVIEW
620.99,0.2069055438041687,0.39446035634400695,suspicious_device,REVIEW
1231.19,0.32874050736427307,0.4583822999735018,suspicious_device,REVIEW
148.02,0.4884144365787506,0.5013884194349816,account_takeover,REVIEW
106.23,0.6590009331703186,0.4374209425323603,suspicious_device,REVIEW
109.74,0.23956242203712463,0.43895422325894295,suspicious_device,REVIEW
58.58,0.31869038939476013,0.48054547250209456,velocity_abuse,REVIEW
493.04,0.1683121621608734,0.41096966833454507,Clean,ALLOW
274.02,0.2064521163702011,0.39816320291475005,velocity_abuse,REVIEW
527.64,0.1831454187631607,0.4214628661597338,Clean,ALLOW
468.97,0.2077040672302246,0.4481462589340754,velocity_abuse,REVIEW
312.21,0.16795261204242706,0.41116606223035507,Clean,ALLOW
351.95,0.18361720442771912,0.3561128095054003,Clean,ALLOW
321.36,0.18397827446460724,0.36535607042839413,Clean,ALLOW
846.19,0.2228296399116516,0.46193971651523363,velocity_abuse,REVIEW
3041.86,0.20912691950798035,0.3916402459305298,unusual_amount,REVIEW
180.37,0.4736628532409668,0.4260989612513055,suspicious_device,REVIEW
489.33,0.30000633001327515,0.3994175079833389,velocity_abuse,REVIEW
929.98,0.2283795177936554,0.3759501947148105,velocity_abuse,REVIEW
300.87,0.2217179238796234,0.3668652118171851,velocity_abuse,REVIEW
845.95,0.2532135546207428,0.347788276944528,suspicious_device,REVIEW
928.03,0.32829415798187256,0.3840009020200161,velocity_abuse,REVIEW
317.69,0.24536651372909546,0.34812176957566543,velocity_abuse,REVIEW
240.82,0.23763202130794525,0.34235680869972407,suspicious_device,REVIEW
159.97,0.23409363627433777,0.3759838048186823,suspicious_device,REVIEW
396.9,0.2413790076971054,0.35064145818486303,velocity_abuse,REVIEW
316.13,0.5413026213645935,0.4296216274828848,velocity_abuse,REVIEW
691.76,0.45555904507637024,0.3907088563921905,velocity_abuse,REVIEW
263.64,0.2761366665363312,0.35653502688552907,velocity_abuse,REVIEW
644.01,0.33345046639442444,0.4197960042371318,unusual_amount,REVIEW
776.15,0.321760892868042,0.36416119694171295,velocity_abuse,REVIEW
799.59,0.24872595071792603,0.38504712749589587,velocity_abuse,REVIEW
279.16,0.3891304135322571,0.412182369222672,velocity_abuse,REVIEW
428.84,0.2119240015745163,0.3759601440098251,velocity_abuse,REVIEW
999.12,0.2350853979587555,0.380631105862622,suspicious_device,REVIEW
140.59,0.2763826549053192,0.3418499938398522,suspicious_device,REVIEW
640.99,0.1899273842573166,0.363972158575835,Clean,ALLOW
323.87,0.43323057889938354,0.4216646759718176,velocity_abuse,REVIEW
1180.05,0.3021974265575409,0.3584156503295458,velocity_abuse,REVIEW
409.35,0.22456957399845123,0.3652938754552485,velocity_abuse,REVIEW
390.6,0.20486408472061157,0.3643681656170103,suspicious_device,REVIEW
222.23,0.2288101315498352,0.345241045324869,velocity_abuse,REVIEW
124.59,0.2522222399711609,0.35185402541580346,suspicious_device,REVIEW
128.34,0.2916105091571808,0.367954293748233,suspicious_device,REVIEW
151.94,0.35891953110694885,0.4156923603440788,suspicious_device,REVIEW
63.76,0.5689438581466675,0.3939795442453931,velocity_abuse,REVIEW
518.43,0.43123000860214233,0.4181359438671083,velocity_abuse,REVIEW
220.86,0.24895137548446655,0.34183754265150923,velocity_abuse,REVIEW
600.64,0.40647655725479126,0.39371116299498315,velocity_abuse,REVIEW
1615.32,0.4932529032230377,0.40778868986967914,suspicious_device,REVIEW
466.8,0.2528000473976135,0.38388148068653727,velocity_abuse,REVIEW
336.93,0.5822146534919739,0.4251486311928213,suspicious_device,REVIEW
732.29,0.26044994592666626,0.37901976536483617,velocity_abuse,REVIEW
364.01,0.19088079035282135,0.3521773970000173,Clean,ALLOW
169.01,0.22307083010673523,0.36335078918803143,suspicious_device,REVIEW
387.34,0.22514763474464417,0.3338600557848898,suspicious_device,REVIEW
185.16,0.28186920285224915,0.4135299926062439,velocity_abuse,REVIEW
331.9,0.24982506036758423,0.3588401806221168,velocity_abuse,REVIEW
987.71,0.4411289095878601,0.3948932592515847,suspicious_device,REVIEW
763.87,0.27404364943504333,0.36902646142231016,velocity_abuse,REVIEW
259.38,0.24965614080429077,0.3382236248949279,velocity_abuse,REVIEW
487.52,0.2098071426153183,0.3413288316856537,velocity_abuse,REVIEW
172.2,0.263817697763443,0.3658648239640516,velocity_abuse,REVIEW
879.48,0.3348372280597687,0.40865734682855664,velocity_abuse,REVIEW
864.16,0.39227160811424255,0.41704275522665535,velocity_abuse,REVIEW
200.89,0.24508924782276154,0.3395945417228687,velocity_abuse,REVIEW
314.5,0.2280884087085724,0.36407363315865343,velocity_abuse,REVIEW
1574.81,0.8624250888824463,0.4973665240231599,account_takeover,BLOCK
118.27,0.28242748975753784,0.35427577384448794,suspicious_device,REVIEW
1154.32,0.39109674096107483,0.3756881030759908,velocity_abuse,REVIEW
534.43,0.32650646567344666,0.37623342853434494,velocity_abuse,REVIEW
139.13,0.268695592880249,0.37146490001731597,suspicious_device,REVIEW
185.61,0.27107787132263184,0.35859508148918934,suspicious_device,REVIEW
461.44,0.2488735020160675,0.3530206242949923,velocity_abuse,REVIEW
1483.87,0.2821742594242096,0.34823765789908717,suspicious_device,REVIEW
49.39,0.20725274085998535,0.3520931287290701,velocity_abuse,REVIEW
372.93,0.24173609912395477,0.34717366867011484,velocity_abuse,REVIEW
556.32,0.20726318657398224,0.34240067582114,suspicious_device,REVIEW
284.5,0.29546356201171875,0.3976770773883635,velocity_abuse,REVIEW
173.39,0.32419759035110474,0.4071886923977315,suspicious_device,REVIEW
42.86,0.17732474207878113,0.3397796819376133,Clean,ALLOW
317.01,0.2079772651195526,0.35908624068443323,velocity_abuse,REVIEW
188.51,0.1587274819612503,0.36665560164575783,Clean,ALLOW
652.22,0.3239859938621521,0.3976113346522934,suspicious_device,REVIEW
679.66,0.3046337068080902,0.37861724566378324,velocity_abuse,REVIEW
79.96,0.3640485405921936,0.3494367186215782,velocity_abuse,REVIEW
143.05,0.5965234041213989,0.3894575746229131,suspicious_device,REVIEW
839.78,0.21181635558605194,0.3484599219043457,velocity_abuse,REVIEW
824.15,0.6014273762702942,0.4426828621099389,velocity_abuse,REVIEW
429.56,0.24335430562496185,0.3484347541091241,suspicious_device,REVIEW
504.99,0.20995786786079407,0.3522676239824144,velocity_abuse,REVIEW
369.28,0.21473543345928192,0.34108762294036504,suspicious_device,REVIEW
730.82,0.31536370515823364,0.36485596503028334,velocity_abuse,REVIEW
341.28,0.1663399189710617,0.3574308391404574,Clean,ALLOW
1184.65,0.2754371464252472,0.3595834896789028,suspicious_device,REVIEW
2242.03,0.4885040521621704,0.4337844200849614,unusual_amount,REVIEW
1117.34,0.3170517385005951,0.3555570957110221,velocity_abuse,REVIEW
254.16,0.2753528952598572,0.3406539487863808,velocity_abuse,REVIEW
159.23,0.22894315421581268,0.3366545353182601,velocity_abuse,REVIEW
830.62,0.27686482667922974,0.45118127295397853,velocity_abuse,REVIEW
556.72,0.3893798589706421,0.38881773958011606,velocity_abuse,REVIEW
580.33,0.21562758088111877,0.42803787328469217,velocity_abuse,REVIEW
371.94,0.15585793554782867,0.3840833758335617,Clean,ALLOW
461.56,0.18875108659267426,0.36324823811456664,Clean,ALLOW
1104.7,0.2600972056388855,0.38266293989355255,velocity_abuse,REVIEW
643.83,0.23065611720085144,0.3586142271644476,velocity_abuse,REVIEW
231.73,0.2954028844833374,0.3604553918614117,suspicious_device,REVIEW
408.96,0.2024991363286972,0.34305608975781393,suspicious_device,REVIEW
1303.66,0.24905522167682648,0.354400902151638,unusual_amount,REVIEW
301.06,0.28618404269218445,0.36373109958369,unusual_amount,REVIEW
174.07,0.3747740387916565,0.41582655538094465,velocity_abuse,REVIEW
75.18,0.3935307264328003,0.40443766219926663,velocity_abuse,REVIEW
341.29,0.1612699180841446,0.354723530964403,Clean,ALLOW
556.85,0.18330146372318268,0.36774361204576284,Clean,ALLOW
487.94,0.14754727482795715,0.36579184460868497,Clean,ALLOW
260.42,0.5305953621864319,0.4196792830869805,account_takeover,REVIEW
1850.56,0.1551244854927063,0.4059465177018174,Clean,ALLOW
72.5,0.458426833152771,0.4113506385567625,velocity_abuse,REVIEW
186.06,0.25350403785705566,0.3936350591675346,suspicious_device,REVIEW
338.15,0.18665668368339539,0.3554216280527083,Clean,ALLOW
894.67,0.2620130181312561,0.35205508153129106,suspicious_device,REVIEW
1809.28,0.2938080132007599,0.3874130211758144,velocity_abuse,REVIEW
2339.89,0.23661991953849792,0.36144755764382136,unusual_amount,REVIEW
311.2,0.15608492493629456,0.35398293749496235,Clean,ALLOW
121.52,0.20425796508789062,0.36224637560146306,suspicious_device,REVIEW
865.55,0.2148541659116745,0.3427526638380033,suspicious_device,REVIEW
158.49,0.23110289871692657,0.3683091032327006,suspicious_device,REVIEW
1163.55,0.22081531584262848,0.36054719064586227,suspicious_device,REVIEW
174.49,0.23442642390727997,0.3619654064256324,suspicious_device,REVIEW
1229.39,0.24477612972259521,0.34588119470025896,suspicious_device,REVIEW
356.48,0.18356843292713165,0.3369991367662578,Clean,ALLOW
1308.01,0.43033483624458313,0.3919767956894708,velocity_abuse,REVIEW
707.46,0.2252441644668579,0.33735950381706437,velocity_abuse,REVIEW
203.84,0.24031683802604675,0.3435567955501422,unusual_amount,REVIEW
70.5,0.5236535668373108,0.42840716007377494,account_takeover,REVIEW
411.72,0.2085670530796051,0.3435261210469783,suspicious_device,REVIEW
346.98,0.16388912498950958,0.3405991660245349,Clean,ALLOW
85.07,0.28972578048706055,0.34952385936324537,velocity_abuse,REVIEW
310.55,0.16449497640132904,0.44792493457535143,Clean,ALLOW
231.97,0.2724716365337372,0.36413571627382985,suspicious_device,REVIEW
936.65,0.23258721828460693,0.361501687482367,suspicious_device,REVIEW
354.34,0.1830943375825882,0.3845143826894032,Clean,ALLOW
264.05,0.25423651933670044,0.3661168755218208,suspicious_device,REVIEW
308.37,0.20140023529529572,0.385796673272772,velocity_abuse,REVIEW
839.63,0.21493227779865265,0.35214211358229053,unusual_amount,REVIEW
100.44,0.21681074798107147,0.40950092080177963,unusual_amount,REVIEW
156.72,0.7020522356033325,0.4760072627077441,account_takeover,REVIEW
188.17,0.22844743728637695,0.35090306180817044,suspicious_device,REVIEW
284.93,0.2894468903541565,0.38091453122424346,velocity_abuse,REVIEW
350.67,0.19248460233211517,0.37950928848661397,Clean,ALLOW
94.93,0.7831748723983765,0.46502996115889766,account_takeover,BLOCK
658.97,0.3203429579734802,0.41289377680807393,unusual_amount,REVIEW
117.87,0.2440362125635147,0.3772200253268196,suspicious_device,REVIEW
931.1,0.1685272455215454,0.3959371007679879,Clean,ALLOW
333.7,0.3680807650089264,0.428741518220226,velocity_abuse,REVIEW
301.33,0.6253538131713867,0.4218116974650619,account_takeover,REVIEW
404.5,0.22913718223571777,0.34639046297054765,velocity_abuse,REVIEW
910.69,0.5396906137466431,0.47966134254601794,account_takeover,REVIEW
1000.38,0.3483918607234955,0.3724499813361346,velocity_abuse,REVIEW
214.59,0.20578043162822723,0.348078561791989,suspicious_device,REVIEW
408.94,0.1519019603729248,0.35761805755610987,Clean,ALLOW
89.43,0.2188035100698471,0.3761289140935847,suspicious_device,REVIEW
164.85,0.33773472905158997,0.40914323825640936,suspicious_device,REVIEW
134.16,0.21339628100395203,0.3554190703664017,velocity_abuse,REVIEW
320.85,0.3842689096927643,0.40162222381291235,suspicious_device,REVIEW
731.07,0.19649189710617065,0.35430784366183865,Clean,ALLOW
561.68,0.5806991457939148,0.4319427003521597,account_takeover,REVIEW
86.48,0.3475049138069153,0.3750373504938271,velocity_abuse,REVIEW
248.26,0.5421636700630188,0.42427810898721074,suspicious_device,REVIEW
661.63,0.515113890171051,0.422504750355471,account_takeover,REVIEW
512.14,0.18794235587120056,0.3504260902548487,Clean,ALLOW
191.24,0.32609331607818604,0.391066390167591,velocity_abuse,REVIEW
428.71,0.20513969659805298,0.3992343546751807,suspicious_device,REVIEW
369.88,0.17340601980686188,0.3904370320367005,Clean,ALLOW
317.45,0.2867814004421234,0.38012988206723936,velocity_abuse,REVIEW
568.59,0.20677591860294342,0.3819279333962595,suspicious_device,REVIEW
198.67,0.23431727290153503,0.37420522325365213,velocity_abuse,REVIEW
198.37,0.21192169189453125,0.3777062019703777,suspicious_device,REVIEW
100.3,0.3901902437210083,0.3822370169382658,velocity_abuse,REVIEW
282.38,0.2061518281698227,0.3813625880791928,suspicious_device,REVIEW
335.64,0.2862827181816101,0.4019117641152813,suspicious_device,REVIEW
500.23,0.28875601291656494,0.4485871961069494,suspicious_device,REVIEW
96.77,0.2954684793949127,0.3904257283458839,velocity_abuse,REVIEW
364.7,0.21276462078094482,0.37048111189278693,velocity_abuse,REVIEW
402.7,0.23679609596729279,0.4051574269801039,velocity_abuse,REVIEW
365.92,0.3477569818496704,0.4199906265698673,suspicious_device,REVIEW
238.0,0.22497956454753876,0.37981622494616635,suspicious_device,REVIEW
126.68,0.13919520378112793,0.45435082074461874,Clean,ALLOW
353.36,0.48451757431030273,0.4822198155371473,account_takeover,REVIEW
449.23,0.19801709055900574,0.3827876446652001,Clean,ALLOW
98.67,0.3132410943508148,0.3978375833170557,velocity_abuse,REVIEW
73.46,0.34682604670524597,0.3794564623282415,suspicious_device,REVIEW
307.22,0.13146698474884033,0.39174104486141026,Clean,ALLOW
556.53,0.18835902214050293,0.3803880120045456,Clean,ALLOW
565.4,0.5315852165222168,0.42926839283372725,suspicious_device,REVIEW
2216.71,0.2436234951019287,0.40570224028861346,suspicious_device,REVIEW
139.32,0.169826477766037,0.3745559904252063,Clean,ALLOW
138.69,0.44398823380470276,0.43199633845240276,suspicious_device,REVIEW
1285.55,0.49085456132888794,0.481788624329186,suspicious_device,REVIEW
612.52,0.22154611349105835,0.36906890884002835,velocity_abuse,REVIEW
127.3,0.21227115392684937,0.3773361405197131,suspicious_device,REVIEW
491.77,0.2117820680141449,0.38832772531036025,suspicious_device,REVIEW
162.47,0.22933253645896912,0.3868420405346039,suspicious_device,REVIEW
327.34,0.21785125136375427,0.36387645419161135,suspicious_device,REVIEW
408.78,0.34188807010650635,0.43075361342903706,suspicious_device,REVIEW
482.42,0.20554888248443604,0.37560171889642835,velocity_abuse,REVIEW
467.12,0.22813613712787628,0.37887936622585544,velocity_abuse,REVIEW
708.24,0.2546965777873993,0.36783729390051745,velocity_abuse,REVIEW
757.57,0.23084446787834167,0.37414059141137784,suspicious_device,REVIEW
178.26,0.21740016341209412,0.39578776074712,suspicious_device,REVIEW
744.69,0.5229261517524719,0.40061916446899953,suspicious_device,REVIEW
1974.46,0.5980063080787659,0.46942720325316273,suspicious_device,REVIEW
491.82,0.27828556299209595,0.44918734573303215,suspicious_device,REVIEW
480.41,0.1698744297027588,0.40894501312353293,Clean,ALLOW
765.63,0.2319166213274002,0.3990392026580616,suspicious_device,REVIEW
109.01,0.2474549263715744,0.3841165790804614,suspicious_device,REVIEW
432.77,0.1842246949672699,0.3881016004946365,Clean,ALLOW
390.08,0.4742295742034912,0.4650728469038713,account_takeover,REVIEW
84.91,0.3366910517215729,0.3711226429553854,suspicious_device,REVIEW
228.39,0.23054158687591553,0.3795216682478791,suspicious_device,REVIEW
617.4,0.20510992407798767,0.3801464843888409,suspicious_device,REVIEW
1138.21,0.2735186815261841,0.3954551419606588,velocity_abuse,REVIEW
391.81,0.3656263053417206,0.4334358995357531,suspicious_device,REVIEW
554.47,0.21648360788822174,0.39568912732690387,suspicious_device,REVIEW
76.08,0.4368193447589874,0.4478461214074613,unusual_amount,REVIEW
454.06,0.3739203214645386,0.4568859238280421,account_takeover,REVIEW
785.4,0.2639515697956085,0.3989347291323971,suspicious_device,REVIEW
259.91,0.17081354558467865,0.38814352465213314,Clean,ALLOW
673.97,0.18606847524642944,0.3791042612675493,Clean,ALLOW
800.35,0.24924305081367493,0.3799593350149894,suspicious_device,REVIEW
160.64,0.2401190847158432,0.4478978873096306,suspicious_device,REVIEW
458.12,0.29229727387428284,0.4846922283735862,velocity_abuse,REVIEW
1131.29,0.2091190367937088,0.5039050245015994,velocity_abuse,REVIEW
918.6,0.26936012506484985,0.40451389028768336,velocity_abuse,REVIEW
147.33,0.20377974212169647,0.3813140214772646,suspicious_device,REVIEW
1571.2,0.2305087298154831,0.38797755031398995,unusual_amount,REVIEW
204.91,0.2699868083000183,0.36524530395835964,velocity_abuse,REVIEW
227.23,0.2244749218225479,0.37047766199841403,velocity_abuse,REVIEW
313.93,0.5385386943817139,0.4071581142310952,suspicious_device,REVIEW
303.71,0.31888923048973083,0.38171839379297134,velocity_abuse,REVIEW
102.93,0.41453486680984497,0.369054738317457,velocity_abuse,REVIEW
93.17,0.4162183701992035,0.39903991230239777,velocity_abuse,REVIEW
576.77,0.3401418626308441,0.41338046324203737,velocity_abuse,REVIEW
276.22,0.29320478439331055,0.3620615669885376,velocity_abuse,REVIEW
466.96,0.24896036088466644,0.3836175869923027,velocity_abuse,REVIEW
99.75,0.3708183467388153,0.3633741342579152,velocity_abuse,REVIEW
111.25,0.3179842233657837,0.37955381418642026,suspicious_device,REVIEW
256.1,0.29748111963272095,0.3601897383629776,velocity_abuse,REVIEW
309.16,0.19219887256622314,0.39744897060125567,Clean,ALLOW
379.89,0.3280811905860901,0.44867192270705364,suspicious_device,REVIEW
369.67,0.3536737561225891,0.37601223350195917,velocity_abuse,REVIEW
1373.31,0.3346601128578186,0.37669983631568826,unusual_amount,REVIEW
518.01,0.20716151595115662,0.36032521038178883,velocity_abuse,REVIEW
361.48,0.2698420286178589,0.36842929356752013,velocity_abuse,REVIEW
639.51,0.2188442200422287,0.3667363267277697,velocity_abuse,REVIEW
243.86,0.23249857127666473,0.3732690493177541,velocity_abuse,REVIEW
200.99,0.640252947807312,0.5024184322100144,velocity_abuse,REVIEW
71.08,0.18511289358139038,0.36523793203661276,Clean,ALLOW
401.36,0.23019789159297943,0.36174845568826186,velocity_abuse,REVIEW
295.51,0.6552746891975403,0.4170508558551061,suspicious_device,REVIEW
513.21,0.17959801852703094,0.39927680171277946,Clean,ALLOW
228.45,0.1870974451303482,0.4406410317601969,Clean,ALLOW
331.76,0.22334229946136475,0.3669537354185489,velocity_abuse,REVIEW
361.06,0.16402538120746613,0.4029370695405933,Clean,ALLOW
143.37,0.7043258547782898,0.4149485374257527,suspicious_device,REVIEW
98.02,0.3482699990272522,0.3791798525067175,velocity_abuse,REVIEW
713.34,0.2860442101955414,0.35687186858713504,suspicious_device,REVIEW
888.8,0.30537575483322144,0.37472388432796966,unusual_amount,REVIEW
1588.78,0.3325982987880707,0.3755054109072626,unusual_amount,REVIEW
163.02,0.3155277967453003,0.4090550908248579,suspicious_device,REVIEW
68.98,0.3694520890712738,0.3763261386343761,velocity_abuse,REVIEW
161.45,0.2317744791507721,0.41437335257054136,velocity_abuse,REVIEW
517.95,0.2521054744720459,0.44252551220782815,unusual_amount,REVIEW
275.94,0.32405775785446167,0.36994550466664006,velocity_abuse,REVIEW
333.31,0.2173055112361908,0.3640700661983732,velocity_abuse,REVIEW
530.6,0.4479518532752991,0.3992666955308103,velocity_abuse,REVIEW
955.42,0.33093366026878357,0.3765285952028777,suspicious_device,REVIEW
356.32,0.2636536955833435,0.37529934974022533,velocity_abuse,REVIEW
340.17,0.24118413031101227,0.38914234425686384,velocity_abuse,REVIEW
1178.88,0.30648699402809143,0.3641546418106856,suspicious_device,REVIEW
150.32,0.24626880884170532,0.39978002780515876,suspicious_device,REVIEW
304.14,0.44950228929519653,0.38017952732548604,velocity_abuse,REVIEW
590.76,0.20014609396457672,0.4338091647568453,unusual_amount,REVIEW
646.26,0.28962066769599915,0.3698631274184041,velocity_abuse,REVIEW
99.2,0.296596884727478,0.3689493986735264,suspicious_device,REVIEW
290.12,0.8341413140296936,0.4592079349423993,account_takeover,BLOCK
326.4,0.17877791821956635,0.44951742213872814,Clean,ALLOW
265.74,0.21991127729415894,0.36047484652522266,velocity_abuse,REVIEW
1803.36,0.3281135857105255,0.38006482044940415,velocity_abuse,REVIEW
311.93,0.31485602259635925,0.35880321512825886,suspicious_device,REVIEW
3088.16,0.23091088235378265,0.42001724328216306,unusual_amount,REVIEW
887.48,0.22789014875888824,0.3785651123073079,suspicious_device,REVIEW
153.49,0.20566733181476593,0.38964282772703995,suspicious_device,REVIEW
206.74,0.23204199969768524,0.37117728678306283,suspicious_device,REVIEW
433.14,0.26577872037887573,0.35450382119485135,velocity_abuse,REVIEW
153.7,0.19668419659137726,0.3682452573489647,Clean,ALLOW
710.45,0.30095377564430237,0.3723334221217093,velocity_abuse,REVIEW
374.33,0.2318798005580902,0.355710069452806,suspicious_device,REVIEW
314.72,0.21935109794139862,0.37427300565635924,suspicious_device,REVIEW
147.11,0.12909074127674103,0.41610521612715123,Clean,ALLOW
810.04,0.23287425935268402,0.41726035358243524,unusual_amount,REVIEW
398.45,0.48732659220695496,0.4340033384809241,velocity_abuse,REVIEW
1231.07,0.5227842926979065,0.4425028240022687,velocity_abuse,REVIEW
464.79,0.23249022662639618,0.35483477315321044,velocity_abuse,REVIEW
311.66,0.23248916864395142,0.3502585675690597,suspicious_device,REVIEW
167.67,0.2860705554485321,0.381817701001011,suspicious_device,REVIEW
182.39,0.2547377049922943,0.4133158830791169,velocity_abuse,REVIEW
606.17,0.23036310076713562,0.36536532267911165,velocity_abuse,REVIEW
1171.98,0.7337415814399719,0.44508968402526555,account_takeover,REVIEW
123.83,0.3084279000759125,0.3492583628136104,suspicious_device,REVIEW
204.29,0.274027019739151,0.3487449569151748,velocity_abuse,REVIEW
104.15,0.3559153079986572,0.38723459102645424,velocity_abuse,REVIEW
221.45,0.24830426275730133,0.37833707712940234,suspicious_device,REVIEW
264.18,0.23161256313323975,0.34490882547681684,suspicious_device,REVIEW
1042.38,0.506428599357605,0.40126624480788897,velocity_abuse,REVIEW
1132.83,0.27466946840286255,0.3563822606807178,velocity_abuse,REVIEW
1001.35,0.466594934463501,0.4320922377164937,suspicious_device,REVIEW
539.0,0.22478213906288147,0.3563469690103265,velocity_abuse,REVIEW
292.41,0.40874531865119934,0.3968786812462601,velocity_abuse,REVIEW
250.48,0.5417796969413757,0.46100109690674906,unusual_amount,REVIEW
181.6,0.5145256519317627,0.42084600584268006,account_takeover,REVIEW
155.14,0.3166925609111786,0.37060821300578206,suspicious_device,REVIEW
1111.11,0.2993965446949005,0.3690997889010482,velocity_abuse,REVIEW
183.64,0.43690094351768494,0.458757169417293,velocity_abuse,REVIEW
281.25,0.23240357637405396,0.34078775069374967,suspicious_device,REVIEW
269.16,0.2402363419532776,0.3986408859634526,velocity_abuse,REVIEW
169.2,0.25823017954826355,0.3781225628311525,velocity_abuse,REVIEW
332.39,0.20336255431175232,0.3457800820802553,suspicious_device,REVIEW
219.51,0.22586356103420258,0.3406688886753408,suspicious_device,REVIEW
989.83,0.2528766691684723,0.36519264126107986,velocity_abuse,REVIEW
832.08,0.23455095291137695,0.3583147775956539,suspicious_device,REVIEW
184.1,0.2691766023635864,0.37271796061122975,suspicious_device,REVIEW
236.52,0.2869870364665985,0.3771622895050199,unusual_amount,REVIEW
2218.2,0.31322595477104187,0.36342369574710176,unusual_amount,REVIEW
648.49,0.23605720698833466,0.3769416351045842,velocity_abuse,REVIEW
604.02,0.40653809905052185,0.38774831806806026,account_takeover,REVIEW
530.37,0.26020315289497375,0.4365706209659064,unusual_amount,REVIEW
765.49,0.4538419544696808,0.43515720567762844,suspicious_device,REVIEW
1476.53,0.26939502358436584,0.36060790691132216,suspicious_device,REVIEW
284.25,0.3024679720401764,0.3617589192207818,suspicious_device,REVIEW
764.0,0.2811093330383301,0.3575718027384634,unusual_amount,REVIEW
678.2,0.23058998584747314,0.3434443407648808,velocity_abuse,REVIEW
213.65,0.19612231850624084,0.3793666774505788,Clean,ALLOW
75.97,0.35986754298210144,0.3588024178579143,velocity_abuse,REVIEW
317.4,0.24266952276229858,0.39297751052126695,velocity_abuse,REVIEW
440.87,0.20369713008403778,0.3423744251687206,velocity_abuse,REVIEW
435.53,0.23953735828399658,0.36434814108941216,velocity_abuse,REVIEW
297.37,0.25407445430755615,0.3592779122056338,velocity_abuse,REVIEW
224.34,0.4001002609729767,0.43304140309176253,suspicious_device,REVIEW
646.37,0.23259805142879486,0.4316693152750053,unusual_amount,REVIEW
529.93,0.22923532128334045,0.34030019142712414,velocity_abuse,REVIEW
187.95,0.23989719152450562,0.34437475224376535,suspicious_device,REVIEW
445.27,0.20636066794395447,0.34271563574936215,velocity_abuse,REVIEW
262.17,0.2594606578350067,0.3451186814334288,suspicious_device,REVIEW
365.49,0.39786627888679504,0.4178870917397109,suspicious_device,REVIEW
146.25,0.19296684861183167,0.36150549103466645,Clean,ALLOW
911.44,0.42261889576911926,0.4064970143673413,unusual_amount,REVIEW
351.34,0.2367423176765442,0.37429823395157363,velocity_abuse,REVIEW
548.05,0.2466002255678177,0.34912973611856396,velocity_abuse,REVIEW
132.63,0.21153415739536285,0.44254945313102345,suspicious_device,REVIEW
209.71,0.20481407642364502,0.4512033978898364,velocity_abuse,REVIEW
1199.02,0.31286701560020447,0.39766137544710617,velocity_abuse,REVIEW
1029.19,0.27246108651161194,0.3903746263976595,velocity_abuse,REVIEW
1226.15,0.29522958397865295,0.36581357883843557,velocity_abuse,REVIEW
348.35,0.22489221394062042,0.39010810752540653,unusual_amount,REVIEW
198.53,0.23706629872322083,0.34772312025292174,suspicious_device,REVIEW
147.63,0.1616523414850235,0.3626554551558968,Clean,ALLOW
169.88,0.45528075098991394,0.4059774628859762,suspicious_device,REVIEW
1649.16,0.27806946635246277,0.40758254481827527,suspicious_device,REVIEW
1050.39,0.2872985005378723,0.38255726680372726,unusual_amount,REVIEW
489.48,0.15743087232112885,0.4591112565723748,Clean,ALLOW
358.37,0.22670458257198334,0.3786127663035776,suspicious_device,REVIEW
451.01,0.22333025932312012,0.3821634355600142,suspicious_device,REVIEW
76.67,0.28495824337005615,0.3723797400216569,suspicious_device,REVIEW
114.43,0.4669289290904999,0.41687497389056555,suspicious_device,REVIEW
409.88,0.29281488060951233,0.37650706996988453,velocity_abuse,REVIEW
432.38,0.1387844979763031,0.36215647824395975,Clean,ALLOW
99.19,0.3458477854728699,0.4139697168763013,velocity_abuse,REVIEW
349.01,0.34014636278152466,0.3735206510511954,velocity_abuse,REVIEW
1081.16,0.6230286359786987,0.432822920566933,suspicious_device,REVIEW
207.77,0.2548806965351105,0.3538320635664877,velocity_abuse,REVIEW
230.97,0.2285444289445877,0.3443195936640461,suspicious_device,REVIEW
309.67,0.5155554413795471,0.44563447331416317,account_takeover,REVIEW
479.21,0.27348101139068604,0.3994392805180248,velocity_abuse,REVIEW
219.38,0.20252342522144318,0.366923694910164,suspicious_device,REVIEW
206.82,0.2401450276374817,0.35097639299893163,suspicious_device,REVIEW
81.5,0.4273921251296997,0.3899669942874884,velocity_abuse,REVIEW
107.73,0.2868806719779968,0.39408962549643595,suspicious_device,REVIEW
211.94,0.281532883644104,0.3643464050242255,velocity_abuse,REVIEW
814.02,0.28586336970329285,0.40868901038469124,suspicious_device,REVIEW
117.68,0.43161043524742126,0.4030453505657342,suspicious_device,REVIEW
228.0,0.23855671286582947,0.35223778042367404,suspicious_device,REVIEW
66.03,0.40403762459754944,0.35818031114288196,suspicious_device,REVIEW
222.06,0.1812625378370285,0.42687982705579647,Clean,ALLOW
410.21,0.5695950388908386,0.4897751515452194,suspicious_device,REVIEW
201.08,0.22024470567703247,0.39109307232059937,suspicious_device,REVIEW
124.74,0.1933748722076416,0.3921993698429543,Clean,ALLOW
969.59,0.25498098134994507,0.38797846662510577,suspicious_device,REVIEW
250.2,0.19514253735542297,0.405959902949103,Clean,ALLOW
441.93,0.20027200877666473,0.38322954744814036,suspicious_device,REVIEW
2798.88,0.22604729235172272,0.4128482090088702,unusual_amount,REVIEW
353.43,0.24600324034690857,0.3942861489602388,velocity_abuse,REVIEW
424.92,0.19992074370384216,0.39258617985128363,Clean,ALLOW
588.75,0.2819361388683319,0.38394577418258113,velocity_abuse,REVIEW
228.69,0.32853204011917114,0.40463232944395416,velocity_abuse,REVIEW
87.17,0.347678005695343,0.3942184003603327,velocity_abuse,REVIEW
582.67,0.23687347769737244,0.39013089885161845,suspicious_device,REVIEW
809.06,0.2494930773973465,0.39357255112755635,velocity_abuse,REVIEW
272.65,0.24870902299880981,0.4098048684708559,suspicious_device,REVIEW
1010.37,0.32744312286376953,0.38532672308302685,velocity_abuse,REVIEW
142.61,0.15854020416736603,0.38170199794386095,Clean,ALLOW
503.52,0.21331457793712616,0.3815893128815199,suspicious_device,REVIEW
1243.86,0.5491732954978943,0.4803808760820418,velocity_abuse,REVIEW
225.93,0.23142805695533752,0.3824481174113403,suspicious_device,REVIEW
105.89,0.23694297671318054,0.39757507954864924,velocity_abuse,REVIEW
716.51,0.24319711327552795,0.4012721654041317,suspicious_device,REVIEW
1005.13,0.3427385985851288,0.3947657643803998,suspicious_device,REVIEW
245.34,0.23712052404880524,0.4301544555253769,suspicious_device,REVIEW
1484.04,0.30263301730155945,0.3982856541080068,suspicious_device,REVIEW
225.75,0.21737758815288544,0.3794024415788474,suspicious_device,REVIEW
815.4,0.43674734234809875,0.46421017353222277,velocity_abuse,REVIEW
699.85,0.2517678439617157,0.3781157488527582,suspicious_device,REVIEW
160.26,0.2340088188648224,0.4071811925865554,suspicious_device,REVIEW
189.37,0.3731953203678131,0.43410913167161985,suspicious_device,REVIEW
77.72,0.40725064277648926,0.42393858913336047,suspicious_device,REVIEW
220.34,0.24662670493125916,0.4190893711616072,suspicious_device,REVIEW
523.41,0.34676864743232727,0.39588546053220464,velocity_abuse,REVIEW
443.75,0.4111984670162201,0.45877718163479286,suspicious_device,REVIEW
611.07,0.2212233692407608,0.39115891457400354,suspicious_device,REVIEW
88.08,0.5575786232948303,0.4425476005757222,velocity_abuse,REVIEW
153.02,0.19948863983154297,0.41622853653118164,Clean,ALLOW
247.03,0.23903551697731018,0.4050311852784253,suspicious_device,REVIEW
276.1,0.254044771194458,0.3859388516433624,suspicious_device,REVIEW
162.02,0.5875347852706909,0.4822065943720985,suspicious_device,REVIEW
57.45,0.31861579418182373,0.4117779700614644,velocity_abuse,REVIEW
2602.03,0.2682010233402252,0.4092173593582687,unusual_amount,REVIEW
504.76,0.26339539885520935,0.4102999049387021,velocity_abuse,REVIEW
640.89,0.2265295833349228,0.44558513744527223,velocity_abuse,REVIEW
151.82,0.22604359686374664,0.4316486811822917,unusual_amount,REVIEW
295.06,0.3767954111099243,0.48618083230953624,suspicious_device,REVIEW
484.9,0.22537213563919067,0.40453830999201873,suspicious_device,REVIEW
176.72,0.27675706148147583,0.4162380289797591,velocity_abuse,REVIEW
251.12,0.5121221542358398,0.42763446937016725,suspicious_device,REVIEW
637.41,0.23363657295703888,0.4023694174818853,suspicious_device,REVIEW
200.54,0.21654337644577026,0.43386905233008316,suspicious_device,REVIEW
324.13,0.27274811267852783,0.38423068515967,velocity_abuse,REVIEW
187.66,0.5429510474205017,0.4427059542444142,velocity_abuse,REVIEW
797.45,0.25603312253952026,0.4200740368115478,suspicious_device,REVIEW
190.03,0.260274738073349,0.40474099393673746,suspicious_device,REVIEW
742.78,0.27420270442962646,0.38638156555256514,suspicious_device,REVIEW
112.84,0.26074764132499695,0.42379011570440445,suspicious_device,REVIEW
828.17,0.2493058741092682,0.4216016123654048,velocity_abuse,REVIEW
3424.64,0.4402550756931305,0.4362010893222179,unusual_amount,REVIEW
1450.23,0.3316214978694916,0.4094831061771448,suspicious_device,REVIEW
347.06,0.19607147574424744,0.4248889747935277,Clean,ALLOW
435.27,0.20270313322544098,0.3965652183372394,suspicious_device,REVIEW
411.81,0.20795167982578278,0.41436237273247695,suspicious_device,REVIEW
273.57,0.18278345465660095,0.4397105414649037,Clean,ALLOW
141.35,0.15710237622261047,0.4268497481335445,Clean,ALLOW
298.51,0.21738454699516296,0.38744294952567343,suspicious_device,REVIEW
35.58,0.17823149263858795,0.42153971051685407,Clean,ALLOW
133.59,0.11087818443775177,0.4730375141629762,Clean,ALLOW
132.79,0.18177662789821625,0.38323317832460835,Clean,ALLOW
311.63,0.2074301540851593,0.4133162795705969,suspicious_device,REVIEW
380.86,0.26828616857528687,0.39461872816473875,suspicious_device,REVIEW
1587.3,0.16962015628814697,0.46315708570262476,Clean,ALLOW
198.18,0.32669052481651306,0.49329278093946155,velocity_abuse,REVIEW
316.36,0.26003122329711914,0.5046112051706911,velocity_abuse,REVIEW
213.78,0.20974566042423248,0.4339412789955972,velocity_abuse,REVIEW
59.58,0.2782860994338989,0.40159279199742937,velocity_abuse,REVIEW
784.87,0.22887656092643738,0.38560148471443617,velocity_abuse,REVIEW
81.91,0.22610116004943848,0.37955692124124374,suspicious_device,REVIEW
382.42,0.2497013807296753,0.3873647430232696,velocity_abuse,REVIEW
2722.07,0.2523074150085449,0.4682759168878922,unusual_amount,REVIEW
91.78,0.27857285737991333,0.44695222940717916,unusual_amount,REVIEW
261.42,0.21894225478172302,0.3757846544645729,suspicious_device,REVIEW
435.71,0.19404201209545135,0.37966267475768134,Clean,ALLOW
732.84,0.22846154868602753,0.39117214569545705,suspicious_device,REVIEW
140.85,0.24149368703365326,0.3779766240583522,suspicious_device,REVIEW
966.84,0.23835742473602295,0.4525977129052574,unusual_amount,REVIEW
2251.06,0.8029714822769165,0.5309358654222615,account_takeover,BLOCK
185.06,0.26941755414009094,0.3590153844013271,suspicious_device,REVIEW
219.27,0.2495041787624359,0.3547901511600069,velocity_abuse,REVIEW
530.15,0.28746065497398376,0.37453968924288067,unusual_amount,REVIEW
151.86,0.2116459757089615,0.37936934921195575,suspicious_device,REVIEW
182.78,0.20034077763557434,0.3717888051365288,suspicious_device,REVIEW
257.86,0.40838274359703064,0.43388559292354695,velocity_abuse,REVIEW
218.75,0.5176946520805359,0.42411490159293763,velocity_abuse,REVIEW
102.76,0.34645989537239075,0.3636054205243884,velocity_abuse,REVIEW
659.34,0.21538899838924408,0.3676427466074641,unusual_amount,REVIEW
194.39,0.22578883171081543,0.36756149347378914,suspicious_device,REVIEW
272.51,0.22847391664981842,0.3649797488396898,suspicious_device,REVIEW
724.4,0.3100842237472534,0.3882227480696695,unusual_amount,REVIEW
292.58,0.23042066395282745,0.3558705672867467,suspicious_device,REVIEW
426.89,0.1675526350736618,0.38271241002537065,Clean,ALLOW
668.47,0.5543715953826904,0.42455050069252875,suspicious_device,REVIEW
268.69,0.6128830313682556,0.45286888390794466,suspicious_device,REVIEW
3810.77,0.40203768014907837,0.40845407392898947,unusual_amount,REVIEW
75.78,0.38978034257888794,0.4548332050206547,account_takeover,REVIEW
327.13,0.20846177637577057,0.3578786179844102,velocity_abuse,REVIEW
225.73,0.36904391646385193,0.4531829853542479,unusual_amount,REVIEW
194.88,0.29703807830810547,0.3912227914390305,unusual_amount,REVIEW
3020.29,0.2940886914730072,0.3971078688663847,unusual_amount,REVIEW
315.44,0.2438957244157791,0.3606500516655435,suspicious_device,REVIEW
4323.57,0.35988694429397583,0.43691662936969977,unusual_amount,REVIEW
483.62,0.4248713552951813,0.4386839475324215,account_takeover,REVIEW
366.44,0.19409695267677307,0.35311683442083014,Clean,ALLOW
174.52,0.44370558857917786,0.43219248128646587,suspicious_device,REVIEW
184.3,0.21164631843566895,0.38968184772357,suspicious_device,REVIEW
214.68,0.23224002122879028,0.36512382737658283,suspicious_device,REVIEW
115.9,0.2668324112892151,0.4161519167536149,suspicious_device,REVIEW
645.34,0.2315758913755417,0.37709404166456467,suspicious_device,REVIEW
180.56,0.24668727815151215,0.3679538138411542,suspicious_device,REVIEW
104.39,0.2872789800167084,0.35462097889874694,suspicious_device,REVIEW
891.68,0.19004541635513306,0.3825627074386638,Clean,ALLOW
293.11,0.4912451207637787,0.41902989400269547,suspicious_device,REVIEW
182.99,0.35524988174438477,0.38376299306950207,suspicious_device,REVIEW
480.76,0.22609350085258484,0.35462793432351397,velocity_abuse,REVIEW
710.14,0.2476033717393875,0.39073272662940556,velocity_abuse,REVIEW
803.84,0.28737136721611023,0.3821435535987922,velocity_abuse,REVIEW
555.69,0.2248246967792511,0.3723517168247981,velocity_abuse,REVIEW
128.21,0.2401999831199646,0.36069110574558544,suspicious_device,REVIEW
227.25,0.25782400369644165,0.36410148094212685,suspicious_device,REVIEW
554.75,0.4804665744304657,0.42369537695554493,velocity_abuse,REVIEW
200.47,0.22592772543430328,0.36752354928776715,suspicious_device,REVIEW
576.85,0.21165920794010162,0.35782934711967285,velocity_abuse,REVIEW
416.62,0.18514114618301392,0.36399334831176716,Clean,ALLOW
208.72,0.24574750661849976,0.3615058592260691,suspicious_device,REVIEW
267.77,0.22309701144695282,0.3821614507523703,suspicious_device,REVIEW
287.06,0.23657427728176117,0.39362284033106354,unusual_amount,REVIEW
63.19,0.4213917553424835,0.3632270590276295,suspicious_device,REVIEW
580.59,0.19394269585609436,0.3501735441799618,Clean,ALLOW
78.6,0.38184189796447754,0.4146216603660248,unusual_amount,REVIEW
177.06,0.22795873880386353,0.36204555591164916,suspicious_device,REVIEW
117.52,0.778947651386261,0.5056722276537827,suspicious_device,BLOCK
100.11,0.2674731910228729,0.40986324137678376,unusual_amount,REVIEW
440.33,0.1615738719701767,0.43350446192676134,Clean,ALLOW
865.95,0.2582705020904541,0.4091228052149102,suspicious_device,REVIEW
640.45,0.28433215618133545,0.42611355080069885,velocity_abuse,REVIEW
406.66,0.24676533043384552,0.3764196216270081,velocity_abuse,REVIEW
316.76,0.17217780649662018,0.3720893299204851,Clean,ALLOW
386.24,0.39378631114959717,0.39787606351370214,suspicious_device,REVIEW
438.59,0.3504807949066162,0.45661794889340934,account_takeover,REVIEW
283.01,0.3908601701259613,0.44215520506194383,velocity_abuse,REVIEW
182.57,0.19685553014278412,0.36673122971904,Clean,ALLOW
132.88,0.25633537769317627,0.3848208931675998,suspicious_device,REVIEW
564.06,0.20924051105976105,0.35395107829056194,suspicious_device,REVIEW
446.9,0.2592068314552307,0.3662864265242679,suspicious_device,REVIEW
221.14,0.2212626338005066,0.4171605710953017,unusual_amount,REVIEW
207.64,0.18512387573719025,0.3847011149962978,Clean,ALLOW
1857.71,0.25904399156570435,0.41031068911339935,unusual_amount,REVIEW
113.26,0.23362796008586884,0.3635805200250114,suspicious_device,REVIEW
562.56,0.18286719918251038,0.3783747671425756,Clean,ALLOW
867.5,0.36674758791923523,0.4027062466228405,unusual_amount,REVIEW
398.48,0.21818387508392334,0.35132098858142896,velocity_abuse,REVIEW
480.55,0.25332915782928467,0.38058355671381877,unusual_amount,REVIEW
341.34,0.1636069416999817,0.36392678405453877,Clean,ALLOW
2289.04,0.25081196427345276,0.39703452946469875,unusual_amount,REVIEW
386.78,0.17680300772190094,0.37406781152679797,Clean,ALLOW
1073.24,0.4456583857536316,0.4316054899949622,velocity_abuse,REVIEW
239.05,0.1814633011817932,0.4107004041880162,Clean,ALLOW
2383.72,0.2632545828819275,0.3870356708799324,suspicious_device,REVIEW
309.02,0.22771687805652618,0.3833961417101215,velocity_abuse,REVIEW
252.19,0.22315306961536407,0.3609828568961016,velocity_abuse,REVIEW
113.8,0.184050515294075,0.4270309502317168,Clean,ALLOW
74.41,0.49226152896881104,0.397430647473397,suspicious_device,REVIEW
187.66,0.23350511491298676,0.3770191863857226,suspicious_device,REVIEW
112.44,0.24627022445201874,0.3540680521972428,suspicious_device,REVIEW
309.02,0.19192253053188324,0.3635193032942125,Clean,ALLOW
245.19,0.27071067690849304,0.406148596822835,unusual_amount,REVIEW
268.73,0.3046918511390686,0.3827064781028978,unusual_amount,REVIEW
191.1,0.23489263653755188,0.3743796959450145,suspicious_device,REVIEW
946.62,0.20324184000492096,0.38592557902229424,suspicious_device,REVIEW
675.24,0.45630791783332825,0.4133827989464884,suspicious_device,REVIEW
1674.13,0.2688125967979431,0.3691316665031199,suspicious_device,REVIEW
843.64,0.19317759573459625,0.37755729780207464,Clean,ALLOW
289.11,0.46515437960624695,0.41114641039330296,suspicious_device,REVIEW
962.3,0.25852102041244507,0.37087655083390214,suspicious_device,REVIEW
679.1,0.21085895597934723,0.3545609604395262,velocity_abuse,REVIEW
168.49,0.2128453403711319,0.3893376164813711,suspicious_device,REVIEW
1528.85,0.19203226268291473,0.38311838567946227,Clean,ALLOW
171.75,0.2471776157617569,0.3919703044695319,suspicious_device,REVIEW
912.21,0.2275034487247467,0.3701998753724696,suspicious_device,REVIEW
175.66,0.2038266807794571,0.35288265942839386,suspicious_device,REVIEW
339.71,0.18037772178649902,0.36298595658037147,Clean,ALLOW
51.23,0.1867579221725464,0.3633073838015047,Clean,ALLOW
694.86,0.5896453261375427,0.4086609971640682,suspicious_device,REVIEW
254.41,0.2189575582742691,0.3675114290663387,suspicious_device,REVIEW
372.42,0.359732449054718,0.4057337224917246,velocity_abuse,REVIEW
258.95,0.45890364050865173,0.4025100115461676,account_takeover,REVIEW
462.86,0.16547814011573792,0.37260038123989386,Clean,ALLOW
576.31,0.14352357387542725,0.3939052299889778,Clean,ALLOW
147.05,0.2149704098701477,0.36092635930980044,suspicious_device,REVIEW
1078.45,0.39708638191223145,0.4181896811258379,velocity_abuse,REVIEW
269.64,0.20244696736335754,0.3653811366034612,suspicious_device,REVIEW
444.58,0.2318795919418335,0.37913980811306375,suspicious_device,REVIEW
224.21,0.20294949412345886,0.3532334331031608,suspicious_device,REVIEW
505.72,0.1997833102941513,0.3653106776827514,Clean,ALLOW
292.34,0.21947291493415833,0.3876742294644448,suspicious_device,REVIEW
59.14,0.2696596086025238,0.36331631198623815,velocity_abuse,REVIEW
81.8,0.3044631779193878,0.3835443427753089,suspicious_device,REVIEW
1833.75,0.2720581591129303,0.39717368780579176,unusual_amount,REVIEW
668.2,0.23041288554668427,0.37303496370868305,suspicious_device,REVIEW
425.67,0.2709818184375763,0.3900650910747492,account_takeover,REVIEW
191.21,0.2329302877187729,0.367854725628055,suspicious_device,REVIEW
588.61,0.1926143914461136,0.36123529800207543,Clean,ALLOW
277.61,0.2127130776643753,0.376293221775284,velocity_abuse,REVIEW
358.24,0.5553855895996094,0.43265110489069103,suspicious_device,REVIEW
524.27,0.1824091523885727,0.3867458452938816,Clean,ALLOW
649.72,0.23025141656398773,0.37533586084254456,suspicious_device,REVIEW
137.24,0.19366469979286194,0.3825366779869,Clean,ALLOW
366.63,0.19757571816444397,0.3819850762035862,Clean,ALLOW
91.74,0.371469646692276,0.4041883368866725,velocity_abuse,REVIEW
254.16,0.24498775601387024,0.38820139922586244,suspicious_device,REVIEW
460.36,0.19788308441638947,0.36988231759033424,Clean,ALLOW
1527.76,0.23911777138710022,0.38407702262036875,unusual_amount,REVIEW
1565.51,0.18282419443130493,0.4169943043616395,Clean,ALLOW
498.98,0.28859415650367737,0.39558960929781595,velocity_abuse,REVIEW
198.36,0.23349162936210632,0.38227764284762306,suspicious_device,REVIEW
258.31,0.2546311318874359,0.4099648849202914,velocity_abuse,REVIEW
368.69,0.162582665681839,0.3731958574327279,Clean,ALLOW
4001.23,0.5801607966423035,0.4422802497912689,unusual_amount,REVIEW
185.68,0.1720770001411438,0.4155244602457728,Clean,ALLOW
157.85,0.3634408414363861,0.4189092692168787,suspicious_device,REVIEW
323.22,0.3087112307548523,0.4009306731031623,suspicious_device,REVIEW
429.01,0.1759328842163086,0.4131525770568426,Clean,ALLOW
666.25,0.24866823852062225,0.46204074229299197,velocity_abuse,REVIEW
351.35,0.18475033342838287,0.3953040943630477,Clean,ALLOW
587.82,0.8269577622413635,0.5230136084708069,account_takeover,BLOCK
563.55,0.2729693353176117,0.38134359210610347,velocity_abuse,REVIEW
99.82,0.2723500728607178,0.4021146887096641,suspicious_device,REVIEW
265.5,0.3078354299068451,0.39968447382572314,velocity_abuse,REVIEW
834.0,0.20701204240322113,0.3850619682358048,suspicious_device,REVIEW
489.39,0.43208077549934387,0.40933587155380474,suspicious_device,REVIEW
381.04,0.12816636264324188,0.4715035337832341,Clean,ALLOW
99.06,0.13693512976169586,0.46317495254023905,Clean,ALLOW
627.36,0.2120858132839203,0.36804259432636616,suspicious_device,REVIEW
78.81,0.32005855441093445,0.4252008713985518,account_takeover,REVIEW
531.29,0.21256226301193237,0.37240488417853324,suspicious_device,REVIEW
1544.31,0.3739856779575348,0.41146472754335117,suspicious_device,REVIEW
982.21,0.2833459973335266,0.4101051951563771,suspicious_device,REVIEW
307.38,0.19778205454349518,0.38851036678556006,Clean,ALLOW
462.76,0.20964941382408142,0.37635695159635296,velocity_abuse,REVIEW
1596.32,0.2845829725265503,0.3945976019336258,suspicious_device,REVIEW
426.65,0.20527228713035583,0.47120109473051064,velocity_abuse,REVIEW
988.02,0.23177595436573029,0.4338381106172715,velocity_abuse,REVIEW
606.21,0.22699382901191711,0.40744573567416253,suspicious_device,REVIEW
293.86,0.12250203639268875,0.3943761613151849,Clean,ALLOW
474.26,0.19546812772750854,0.4091224537926576,Clean,ALLOW
2887.86,0.5398818254470825,0.46845193501229965,suspicious_device,REVIEW
299.6,0.17451190948486328,0.40213093018741886,Clean,ALLOW
105.97,0.39359956979751587,0.4564224856720508,suspicious_device,REVIEW
672.96,0.5952885746955872,0.49860768370531594,account_takeover,REVIEW
181.56,0.1679610162973404,0.4158943945435776,Clean,ALLOW
291.26,0.11242776364088058,0.40601690715031863,Clean,ALLOW
267.11,0.3319709300994873,0.4184994551037196,account_takeover,REVIEW
208.03,0.28481414914131165,0.4287464827216045,suspicious_device,REVIEW
1015.08,0.2544547915458679,0.39151684714288076,velocity_abuse,REVIEW
346.47,0.2254212498664856,0.4066177560005999,suspicious_device,REVIEW
152.76,0.28113991022109985,0.4831896388652891,account_takeover,REVIEW
115.05,0.21696186065673828,0.4002471133131371,suspicious_device,REVIEW
421.53,0.23551398515701294,0.4153438244946502,velocity_abuse,REVIEW
496.01,0.3671450912952423,0.46437547744174207,suspicious_device,REVIEW
309.95,0.18110394477844238,0.3789154823975244,Clean,ALLOW
562.53,0.1884044110774994,0.4152849784022385,Clean,ALLOW
60.51,0.39255020022392273,0.4013989224806211,suspicious_device,REVIEW
105.33,0.17643257975578308,0.42217876210602095,Clean,ALLOW
431.99,0.4289042055606842,0.4518397896047908,suspicious_device,REVIEW
75.03,0.220206156373024,0.4727028886335475,unusual_amount,REVIEW
180.25,0.23058457672595978,0.4079756299419628,suspicious_device,REVIEW
132.16,0.21716496348381042,0.4085566920384983,suspicious_device,REVIEW
536.2,0.2381553053855896,0.39231014965257627,suspicious_device,REVIEW
862.32,0.22792984545230865,0.4191761986467337,unusual_amount,REVIEW
166.14,0.3023514449596405,0.46904402543605983,suspicious_device,REVIEW
274.57,0.20822976529598236,0.39259089163021016,suspicious_device,REVIEW
56.92,0.43856316804885864,0.442737646055553,suspicious_device,REVIEW
376.67,0.16926637291908264,0.4555273795729224,Clean,ALLOW
57.23,0.23575124144554138,0.3898734623832823,suspicious_device,REVIEW
529.43,0.18245702981948853,0.3937485291759139,Clean,ALLOW
308.1,0.37398427724838257,0.4740525287856045,account_takeover,REVIEW
258.52,0.21858525276184082,0.4258268180981778,velocity_abuse,REVIEW
245.44,0.1931014508008957,0.4746691896573579,Clean,ALLOW
147.93,0.37316322326660156,0.47209400628435033,account_takeover,REVIEW
335.63,0.15682604908943176,0.4111113034905263,Clean,ALLOW
214.35,0.4233025312423706,0.5164355601126908,account_takeover,REVIEW
384.46,0.1987927109003067,0.4324996085920991,Clean,ALLOW
843.67,0.18793882429599762,0.39601631845036267,Clean,ALLOW
198.5,0.4204418957233429,0.44233198901518533,suspicious_device,REVIEW
213.05,0.1877250373363495,0.3977772112356782,Clean,ALLOW
222.58,0.11251060664653778,0.42562432865455796,Clean,ALLOW
142.85,0.18352419137954712,0.41070794964160007,Clean,ALLOW
140.53,0.2546897530555725,0.3851484384566384,suspicious_device,REVIEW
521.34,0.250993013381958,0.3893130930295942,velocity_abuse,REVIEW
174.59,0.26146945357322693,0.39233615346423073,velocity_abuse,REVIEW
243.21,0.2595919966697693,0.39759733676104203,velocity_abuse,REVIEW
153.45,0.21090839803218842,0.37324531767790303,suspicious_device,REVIEW
225.1,0.21006758511066437,0.3789466053083547,suspicious_device,REVIEW
1011.62,0.24342866241931915,0.37966936546740415,velocity_abuse,REVIEW
104.78,0.652410089969635,0.4342851267645926,velocity_abuse,REVIEW
494.16,0.2083880603313446,0.3737448887551192,velocity_abuse,REVIEW
254.7,0.24332091212272644,0.36268421472788287,velocity_abuse,REVIEW
637.06,0.5481871962547302,0.4322643140712956,account_takeover,REVIEW
1166.26,0.3246101140975952,0.3798805035758983,velocity_abuse,REVIEW
435.42,0.1951657086610794,0.35498088867098815,Clean,ALLOW
143.91,0.20226477086544037,0.3520140637136177,suspicious_device,REVIEW
144.44,0.17820024490356445,0.44566860270834996,Clean,ALLOW
158.18,0.7841402888298035,0.46607694292186025,suspicious_device,BLOCK
1458.13,0.3261250853538513,0.366502258483405,unusual_amount,REVIEW
82.67,0.31031474471092224,0.3805939755308172,velocity_abuse,REVIEW
161.88,0.24735553562641144,0.35994495976249813,suspicious_device,REVIEW
610.63,0.22641849517822266,0.36523110783003954,unusual_amount,REVIEW
453.63,0.22326064109802246,0.37633518686432876,velocity_abuse,REVIEW
395.79,0.23619981110095978,0.36828607076006487,velocity_abuse,REVIEW
67.65,0.2660874128341675,0.3568531103410964,velocity_abuse,REVIEW
763.49,0.46476826071739197,0.4235124092538738,velocity_abuse,REVIEW
680.95,0.2120114117860794,0.36778898202980903,suspicious_device,REVIEW
176.27,0.31287774443626404,0.444974380383278,velocity_abuse,REVIEW
172.28,0.2736314833164215,0.3939980883147597,velocity_abuse,REVIEW
253.67,0.29779648780822754,0.37736631264013815,velocity_abuse,REVIEW
519.17,0.23499897122383118,0.35208219371302985,velocity_abuse,REVIEW
303.29,0.2065858393907547,0.35693913629911733,velocity_abuse,REVIEW
255.41,0.4005715847015381,0.43584334108590594,velocity_abuse,REVIEW
803.73,0.21203629672527313,0.36476666474235503,velocity_abuse,REVIEW
340.31,0.23292894661426544,0.3879777854488599,velocity_abuse,REVIEW
20422.66,0.7485631704330444,0.4717196817670566,unusual_amount,REVIEW
1158.53,0.4495367705821991,0.476004569707335,velocity_abuse,REVIEW
1072.02,0.23815706372261047,0.4309307662544174,unusual_amount,REVIEW
484.41,0.21301403641700745,0.37370873343120203,velocity_abuse,REVIEW
558.07,0.3891594707965851,0.39185652072959937,velocity_abuse,REVIEW
224.36,0.2360253781080246,0.3624853841978624,suspicious_device,REVIEW
707.23,0.25158390402793884,0.3542961759748095,suspicious_device,REVIEW
1902.49,0.3930340111255646,0.4639148980716082,suspicious_device,REVIEW
81.49,0.3674298822879791,0.38883628579792906,velocity_abuse,REVIEW
723.83,0.38101404905319214,0.40167428300828806,velocity_abuse,REVIEW
445.61,0.20468740165233612,0.3820031332435192,velocity_abuse,REVIEW
445.89,0.19911858439445496,0.37324316045946954,Clean,ALLOW
640.58,0.16636981070041656,0.36855097958693783,Clean,ALLOW
136.16,0.5762293338775635,0.4643146311037201,account_takeover,REVIEW
211.1,0.34456974267959595,0.3740979659713451,unusual_amount,REVIEW
358.52,0.24241751432418823,0.35666402983206874,velocity_abuse,REVIEW
59.95,0.42788374423980713,0.40083378124113367,unusual_amount,REVIEW
938.48,0.26012563705444336,0.3620280207148036,suspicious_device,REVIEW
460.28,0.6306138038635254,0.4136689247812446,account_takeover,REVIEW
100.97,0.42834213376045227,0.39928923546370176,velocity_abuse,REVIEW
764.98,0.25186723470687866,0.358005994129022,velocity_abuse,REVIEW
176.54,0.26327282190322876,0.3531169137407525,velocity_abuse,REVIEW
525.89,0.2071051299571991,0.3575696828956421,velocity_abuse,REVIEW
355.07,0.21313363313674927,0.4002289455481054,velocity_abuse,REVIEW
218.42,0.18093626201152802,0.3745641772713474,Clean,ALLOW
418.44,0.31432265043258667,0.3747773376676999,velocity_abuse,REVIEW
211.04,0.25265341997146606,0.3555848143113993,velocity_abuse,REVIEW
558.12,0.2124572992324829,0.36900264392965215,suspicious_device,REVIEW
50.94,0.1657252013683319,0.3708498740036229,Clean,ALLOW
383.13,0.4223840534687042,0.3984543346546186,velocity_abuse,REVIEW
205.68,0.2354995757341385,0.3772442281703741,suspicious_device,REVIEW
797.49,0.23032578825950623,0.35443956056570197,suspicious_device,REVIEW
398.09,0.2403992861509323,0.3956193339684489,velocity_abuse,REVIEW
490.62,0.22560778260231018,0.34992620258114987,suspicious_device,REVIEW
57.92,0.4145575165748596,0.35031052658657497,velocity_abuse,REVIEW
1476.22,0.5681958198547363,0.41794312348010537,account_takeover,REVIEW
458.28,0.2196451872587204,0.34704657807534156,velocity_abuse,REVIEW
414.31,0.21018163859844208,0.3499046140420783,suspicious_device,REVIEW
91.79,0.29690635204315186,0.3848697489597128,velocity_abuse,REVIEW
427.15,0.21014189720153809,0.37701209183306944,velocity_abuse,REVIEW
751.59,0.2337672859430313,0.3624502944142748,suspicious_device,REVIEW
101.91,0.30627110600471497,0.42645979918055194,unusual_amount,REVIEW
543.6,0.21187779307365417,0.3496755238385025,velocity_abuse,REVIEW
139.64,0.29959726333618164,0.35386631913813016,velocity_abuse,REVIEW
870.17,0.22967657446861267,0.3680464503336999,suspicious_device,REVIEW
897.52,0.6840767860412598,0.4661835941241686,account_takeover,REVIEW
64.43,0.41572487354278564,0.3672508912758978,velocity_abuse,REVIEW
853.44,0.22780664265155792,0.37605491966251553,velocity_abuse,REVIEW
684.48,0.22696921229362488,0.34579738977487595,velocity_abuse,REVIEW
1977.8,0.6988881826400757,0.464533952236616,suspicious_device,REVIEW
333.93,0.23659251630306244,0.3761127593687106,suspicious_device,REVIEW
248.09,0.22276197373867035,0.3508931468585245,suspicious_device,REVIEW
989.44,0.7257065773010254,0.5136593518239454,account_takeover,REVIEW
264.22,0.20566371083259583,0.3418838058548608,suspicious_device,REVIEW
1063.35,0.374015748500824,0.36575349157212694,suspicious_device,REVIEW
270.4,0.16654637455940247,0.3410219825843558,Clean,ALLOW
163.7,0.2310566008090973,0.3648821750104053,suspicious_device,REVIEW
877.69,0.21263784170150757,0.37839475663333155,velocity_abuse,REVIEW
4792.53,0.6171793341636658,0.43368770931657874,unusual_amount,REVIEW
124.83,0.24282631278038025,0.40426573492472156,suspicious_device,REVIEW
985.08,0.7401538491249084,0.47880990687740616,account_takeover,REVIEW
835.16,0.2911560833454132,0.37269254841709265,velocity_abuse,REVIEW
111.14,0.21267978847026825,0.36217559999118976,suspicious_device,REVIEW
861.28,0.26603245735168457,0.36893999913766934,suspicious_device,REVIEW
118.78,0.20459575951099396,0.35702333480454435,suspicious_device,REVIEW
467.33,0.2276705801486969,0.3654095365277169,velocity_abuse,REVIEW
222.24,0.25548255443573,0.3820337028082973,unusual_amount,REVIEW
442.49,0.2291175127029419,0.3738909498014097,velocity_abuse,REVIEW
408.4,0.2826637923717499,0.36613200418942293,velocity_abuse,REVIEW
459.99,0.20490550994873047,0.3507391362799583,suspicious_device,REVIEW
342.73,0.3193005621433258,0.40059143541521797,suspicious_device,REVIEW
436.65,0.21360276639461517,0.3443725076106793,velocity_abuse,REVIEW
203.7,0.16291113197803497,0.3899330932323159,Clean,ALLOW
406.33,0.21274463832378387,0.36327775974755855,suspicious_device,REVIEW
414.23,0.13717372715473175,0.35399953307847626,Clean,ALLOW
367.41,0.35374540090560913,0.39146111748391954,suspicious_device,REVIEW
137.74,0.3428051173686981,0.3554387624219161,velocity_abuse,REVIEW
185.83,0.18953168392181396,0.3551711944790678,Clean,ALLOW
449.4,0.20689643919467926,0.37435803096938297,velocity_abuse,REVIEW
77.93,0.38704344630241394,0.4393311688972693,velocity_abuse,REVIEW
8415.17,0.7511960864067078,0.45935041923789005,unusual_amount,BLOCK
297.33,0.21856775879859924,0.341782934046601,velocity_abuse,REVIEW
1196.5,0.2700154781341553,0.3667064607341857,velocity_abuse,REVIEW
522.33,0.5505515933036804,0.43799986687671716,account_takeover,REVIEW
854.11,0.19022925198078156,0.35732657602391715,Clean,ALLOW
285.34,0.2845534086227417,0.38489161122730436,velocity_abuse,REVIEW
914.49,0.5308833122253418,0.4127087998139479,suspicious_device,REVIEW
900.46,0.2148105651140213,0.3459219672509712,velocity_abuse,REVIEW
710.91,0.22388683259487152,0.3519486533941062,velocity_abuse,REVIEW
416.11,0.20565931499004364,0.350634486608179,suspicious_device,REVIEW
219.92,0.24492239952087402,0.36788957495195523,suspicious_device,REVIEW
730.14,0.19739404320716858,0.34744117743329633,Clean,ALLOW
413.7,0.19890578091144562,0.37008615332113554,Clean,ALLOW
1048.66,0.2456355094909668,0.3663024774369112,velocity_abuse,REVIEW
327.46,0.205616295337677,0.3555229645542768,velocity_abuse,REVIEW
662.26,0.20840293169021606,0.361775821423177,velocity_abuse,REVIEW
1388.3,0.266934871673584,0.3545305852128135,velocity_abuse,REVIEW
139.24,0.19724735617637634,0.3550201305911659,Clean,ALLOW
458.63,0.20856350660324097,0.3470497447964882,velocity_abuse,REVIEW
235.57,0.358827143907547,0.3990690958567086,suspicious_device,REVIEW
365.21,0.23601190745830536,0.40225564064342484,suspicious_device,REVIEW
434.84,0.5028938055038452,0.42727529889715626,suspicious_device,REVIEW
791.21,0.7142075896263123,0.47006773156254533,account_takeover,REVIEW
195.27,0.12540841102600098,0.3716251980814053,Clean,ALLOW
139.37,0.22402940690517426,0.3478047776642842,suspicious_device,REVIEW
334.41,0.4982435703277588,0.4569507482095421,suspicious_device,REVIEW
168.13,0.18781137466430664,0.37960759224650137,Clean,ALLOW
936.94,0.17634007334709167,0.42975000442250855,Clean,ALLOW
1119.51,0.21606838703155518,0.375152725051031,velocity_abuse,REVIEW
1033.94,0.23225277662277222,0.40539005723157706,velocity_abuse,REVIEW
163.15,0.367808997631073,0.43565302844490733,suspicious_device,REVIEW
3201.58,0.2677364647388458,0.3849551977891931,unusual_amount,REVIEW
255.75,0.6584002375602722,0.44556705474164715,velocity_abuse,REVIEW
382.26,0.15498965978622437,0.4140101652005356,Clean,ALLOW
177.79,0.20031578838825226,0.35801652446888743,suspicious_device,REVIEW
112.1,0.26692500710487366,0.3662046534073075,velocity_abuse,REVIEW
43.65,0.3357048034667969,0.42377218050930326,velocity_abuse,REVIEW
97.44,0.21223923563957214,0.38779917362865196,suspicious_device,REVIEW
353.63,0.1881374567747116,0.3683651090889406,Clean,ALLOW
747.08,0.21624796092510223,0.420726771087183,unusual_amount,REVIEW
50.38,0.14067032933235168,0.37923832002700425,Clean,ALLOW
935.24,0.2112646847963333,0.3611377063770791,unusual_amount,REVIEW
499.61,0.20677553117275238,0.3567273356914117,suspicious_device,REVIEW
476.55,0.18754525482654572,0.36797999373346746,Clean,ALLOW
1215.26,0.39491546154022217,0.42782172924334716,suspicious_device,REVIEW
822.61,0.21346451342105865,0.35820749501156063,suspicious_device,REVIEW
194.19,0.8449935913085938,0.4691628810028423,suspicious_device,BLOCK
1178.32,0.26634445786476135,0.36864029363306783,suspicious_device,REVIEW
290.79,0.776311457157135,0.4768745692453723,suspicious_device,BLOCK
266.05,0.2346222847700119,0.37784440571039907,suspicious_device,REVIEW
280.43,0.1963101625442505,0.3485558002459489,Clean,ALLOW
508.85,0.2090536504983902,0.37628809313480627,velocity_abuse,REVIEW
299.59,0.23004090785980225,0.3633076193462551,velocity_abuse,REVIEW
299.95,0.5946767926216125,0.5163966811917208,account_takeover,REVIEW
562.02,0.2117321789264679,0.3475775059254325,velocity_abuse,REVIEW
334.39,0.38477444648742676,0.4014393616958162,velocity_abuse,REVIEW
52.15,0.1947794109582901,0.4065194405159759,Clean,ALLOW
228.85,0.19757215678691864,0.35934811326253635,Clean,ALLOW
339.23,0.7925645709037781,0.4830183021392181,account_takeover,BLOCK
88.27,0.2549581825733185,0.3712942409001191,velocity_abuse,REVIEW
216.36,0.40595999360084534,0.4359853061533717,velocity_abuse,REVIEW
296.83,0.20583629608154297,0.38413482496790585,velocity_abuse,REVIEW
1138.6,0.2763217091560364,0.383716538423173,unusual_amount,REVIEW
372.83,0.23231081664562225,0.3492124970342051,velocity_abuse,REVIEW
663.38,0.37171050906181335,0.4282806886576982,velocity_abuse,REVIEW
88.0,0.29583418369293213,0.38935523214638784,suspicious_device,REVIEW
548.49,0.19156961143016815,0.3747344083761258,Clean,ALLOW
140.06,0.1994035691022873,0.3737424343678953,Clean,ALLOW
1369.59,0.28524845838546753,0.45924439121072597,unusual_amount,REVIEW
111.13,0.39393171668052673,0.42898842105704726,account_takeover,REVIEW
621.28,0.22269421815872192,0.35920011027542276,suspicious_device,REVIEW
181.13,0.21900376677513123,0.36212204809811704,suspicious_device,REVIEW
125.8,0.33341410756111145,0.42797457793236904,suspicious_device,REVIEW
718.81,0.3144145607948303,0.3858685158902428,velocity_abuse,REVIEW
1090.59,0.3260587453842163,0.39924682107789666,velocity_abuse,REVIEW
479.89,0.2560650408267975,0.4732655180404124,velocity_abuse,REVIEW
766.64,0.1890355944633484,0.4007286494125419,Clean,ALLOW
2017.53,0.2827659547328949,0.3898651552489085,unusual_amount,REVIEW
323.22,0.16364003717899323,0.39485337444106866,Clean,ALLOW
254.9,0.3465663492679596,0.43992993191113033,velocity_abuse,REVIEW
103.68,0.2944711744785309,0.41917974222781146,suspicious_device,REVIEW
106.95,0.19243773818016052,0.4624890925237071,Clean,ALLOW
400.12,0.2081526219844818,0.3856634492739662,suspicious_device,REVIEW
274.06,0.22622257471084595,0.41604737081399024,velocity_abuse,REVIEW
310.28,0.20790833234786987,0.36300554377313,suspicious_device,REVIEW
102.87,0.4572101831436157,0.42052750223425206,velocity_abuse,REVIEW
1884.48,0.5175454020500183,0.43643608341446544,account_takeover,REVIEW
282.96,0.23942305147647858,0.36956075521684206,velocity_abuse,REVIEW
427.66,0.19589099287986755,0.37238726548106166,Clean,ALLOW
67.75,0.44343242049217224,0.4069712935882194,velocity_abuse,REVIEW
559.78,0.30666816234588623,0.4102530516043805,velocity_abuse,REVIEW
136.41,0.2481691539287567,0.44826685524404486,velocity_abuse,REVIEW
719.39,0.24593186378479004,0.41285123496958387,velocity_abuse,REVIEW
595.4,0.19267314672470093,0.38400986362486517,Clean,ALLOW
1294.15,0.45813918113708496,0.45336173761976745,suspicious_device,REVIEW
414.22,0.2544350028038025,0.38403621369404556,velocity_abuse,REVIEW
517.03,0.2741820812225342,0.45898122060426344,unusual_amount,REVIEW
950.6,0.20066508650779724,0.3893812182536765,suspicious_device,REVIEW
261.3,0.36380547285079956,0.417808439331692,suspicious_device,REVIEW
624.36,0.3115541636943817,0.43001030291322195,velocity_abuse,REVIEW
145.89,0.19121991097927094,0.38327338244721415,Clean,ALLOW
460.43,0.8073136210441589,0.5150376642642003,account_takeover,BLOCK
94.84,0.5421867966651917,0.46208992941763155,velocity_abuse,REVIEW
467.31,0.22758156061172485,0.3860269260151698,velocity_abuse,REVIEW
248.34,0.23408177495002747,0.4055094399177117,velocity_abuse,REVIEW
116.36,0.25928300619125366,0.3978205257750192,velocity_abuse,REVIEW
39.3,0.6699711084365845,0.46037978819055014,account_takeover,REVIEW
584.32,0.2717715799808502,0.39050352694710844,velocity_abuse,REVIEW
682.88,0.2548646330833435,0.3864098930534969,suspicious_device,REVIEW
408.01,0.16588233411312103,0.419887575353253,Clean,ALLOW
191.57,0.28974226117134094,0.3939350309121672,velocity_abuse,REVIEW
78.63,0.33942171931266785,0.3740331339401694,suspicious_device,REVIEW
341.05,0.6507392525672913,0.49063281975031164,suspicious_device,REVIEW
372.53,0.222856804728508,0.3984801319884105,velocity_abuse,REVIEW
169.36,0.1573803573846817,0.4181468236791754,Clean,ALLOW
161.74,0.24142616987228394,0.4028119900771704,suspicious_device,REVIEW
569.74,0.4113195836544037,0.46407047846401245,suspicious_device,REVIEW
106.1,0.8249879479408264,0.48272822615465844,account_takeover,BLOCK
281.8,0.2757628262042999,0.3967246636702829,suspicious_device,REVIEW
178.62,0.3925844430923462,0.4539389489058578,suspicious_device,REVIEW
497.71,0.18670734763145447,0.3863224482381925,Clean,ALLOW
1243.73,0.27024775743484497,0.40783175937907745,unusual_amount,REVIEW
521.85,0.24239686131477356,0.40892101035369877,velocity_abuse,REVIEW
194.35,0.2419377863407135,0.3953363124357038,suspicious_device,REVIEW
820.59,0.23310065269470215,0.39019632148192734,velocity_abuse,REVIEW
438.32,0.22076120972633362,0.38723750503434695,suspicious_device,REVIEW
119.11,0.28411513566970825,0.45548956466238627,suspicious_device,REVIEW
124.3,0.18319140374660492,0.4028760654692409,Clean,ALLOW
146.78,0.09052304178476334,0.3856246393397441,Clean,ALLOW
2762.3,0.27491122484207153,0.4507558074000047,unusual_amount,REVIEW
197.2,0.6171554923057556,0.4973340524003927,account_takeover,REVIEW
133.88,0.15450090169906616,0.3767299198083541,Clean,ALLOW
323.27,0.33559006452560425,0.44007929925492445,velocity_abuse,REVIEW
3598.93,0.3091921806335449,0.43212681351483756,unusual_amount,REVIEW
421.77,0.2247631847858429,0.392201263369171,suspicious_device,REVIEW
857.85,0.46979770064353943,0.44280005188176946,suspicious_device,REVIEW
812.94,0.2278282344341278,0.38511536627886883,suspicious_device,REVIEW
444.73,0.1913302093744278,0.3845386925443098,Clean,ALLOW
289.61,0.22473864257335663,0.3746717215369832,suspicious_device,REVIEW
846.25,0.22137875854969025,0.3793878901183429,velocity_abuse,REVIEW
231.8,0.1709628850221634,0.4567801899524551,Clean,ALLOW
115.7,0.2220572531223297,0.436162855721243,suspicious_device,REVIEW
407.62,0.3540487289428711,0.4713095826475578,velocity_abuse,REVIEW
5884.12,0.4568038582801819,0.48221404480845736,unusual_amount,REVIEW
477.68,0.16610071063041687,0.4142571907476606,Clean,ALLOW
604.79,0.25773757696151733,0.41621713681409833,suspicious_device,REVIEW
66.12,0.37130358815193176,0.3852198736051524,velocity_abuse,REVIEW
369.52,0.2693294286727905,0.46976218524048213,velocity_abuse,REVIEW
514.96,0.2141363024711609,0.3771074940657661,velocity_abuse,REVIEW
261.06,0.1970875859260559,0.3593515413797744,Clean,ALLOW
228.25,0.2567155659198761,0.3767831519516808,velocity_abuse,REVIEW
402.78,0.46399328112602234,0.41283973865617146,velocity_abuse,REVIEW
518.71,0.2155495434999466,0.3741435661257184,velocity_abuse,REVIEW
559.62,0.23264122009277344,0.3431950843387812,velocity_abuse,REVIEW
927.94,0.32211267948150635,0.41125202875838035,velocity_abuse,REVIEW
268.13,0.2862018644809723,0.3453231139639586,velocity_abuse,REVIEW
708.02,0.6489172577857971,0.3958669712828119,account_takeover,REVIEW
649.93,0.24603042006492615,0.3658015257524804,velocity_abuse,REVIEW
237.4,0.4526349902153015,0.3875612769898724,velocity_abuse,REVIEW
1351.56,0.2416638284921646,0.38889540900273106,unusual_amount,REVIEW
66.67,0.4125599265098572,0.36116413958816107,velocity_abuse,REVIEW
370.23,0.26276734471321106,0.38917089905904023,suspicious_device,REVIEW
233.88,0.40108224749565125,0.4122065485533145,velocity_abuse,REVIEW
280.77,0.22809505462646484,0.36653144282315275,unusual_amount,REVIEW
2724.61,0.3900720775127411,0.41179847913535444,unusual_amount,REVIEW
189.29,0.2494204342365265,0.34703042884549684,velocity_abuse,REVIEW
194.72,0.26714497804641724,0.3588929169242601,velocity_abuse,REVIEW
229.28,0.3912254571914673,0.4181295864544518,suspicious_device,REVIEW
1109.12,0.23267966508865356,0.35402785227880745,velocity_abuse,REVIEW
584.29,0.21180471777915955,0.3776955812106466,velocity_abuse,REVIEW
166.1,0.43490588665008545,0.39118306792396584,velocity_abuse,REVIEW
825.34,0.6238146424293518,0.4167274242401716,account_takeover,REVIEW
429.1,0.23668228089809418,0.3870653088632908,velocity_abuse,REVIEW
385.91,0.19821524620056152,0.3547361959041995,Clean,ALLOW
4182.29,0.47773587703704834,0.4122839106057033,unusual_amount,REVIEW
334.7,0.6442334651947021,0.42819582942782497,suspicious_device,REVIEW
147.78,0.18282577395439148,0.35561924954471225,Clean,ALLOW
306.25,0.3037963807582855,0.39161485061785706,suspicious_device,REVIEW
231.3,0.24087338149547577,0.3589611425928256,velocity_abuse,REVIEW
584.5,0.5574854016304016,0.420601296389254,account_takeover,REVIEW
149.41,0.18652907013893127,0.37725265123837487,Clean,ALLOW
373.23,0.22734148800373077,0.3657827412487578,velocity_abuse,REVIEW
1988.09,0.2799051105976105,0.3708459147076991,unusual_amount,REVIEW
221.19,0.20447121560573578,0.38899864988981875,suspicious_device,REVIEW
1059.09,0.22840692102909088,0.3636746195683064,suspicious_device,REVIEW
265.83,0.5156047940254211,0.4277462013995239,suspicious_device,REVIEW
916.49,0.1915411800146103,0.3641794905379577,Clean,ALLOW
199.92,0.21994833648204803,0.3579747613946082,velocity_abuse,REVIEW
173.69,0.43263688683509827,0.430507887025654,velocity_abuse,REVIEW
289.67,0.2702539265155792,0.37659148998476455,velocity_abuse,REVIEW
49.91,0.20420964062213898,0.3751781586781715,velocity_abuse,REVIEW
579.21,0.1850031465291977,0.36906991461215594,Clean,ALLOW
268.08,0.24307584762573242,0.34032620775793443,suspicious_device,REVIEW
782.79,0.24761000275611877,0.36817036514783286,velocity_abuse,REVIEW
53.18,0.26436588168144226,0.3626568715888439,velocity_abuse,REVIEW
153.54,0.3348085284233093,0.416878382843634,suspicious_device,REVIEW
217.62,0.707261323928833,0.4403895676240031,suspicious_device,REVIEW
183.12,0.15609398484230042,0.3596129463461306,Clean,ALLOW
208.91,0.2149188071489334,0.36010583896609855,suspicious_device,REVIEW
261.74,0.40710824728012085,0.4071555638513011,velocity_abuse,REVIEW
637.89,0.1949031949043274,0.3534862049432097,Clean,ALLOW
82.21,0.40741926431655884,0.35464031464870854,velocity_abuse,REVIEW
197.76,0.26145023107528687,0.3458885569456873,suspicious_device,REVIEW
467.05,0.2125367969274521,0.3425672903881911,suspicious_device,REVIEW
1415.23,0.28758105635643005,0.35337445731408623,unusual_amount,REVIEW
158.67,0.28253692388534546,0.36811791120831033,unusual_amount,REVIEW
200.7,0.22513960301876068,0.34872550113658596,suspicious_device,REVIEW
334.37,0.19943025708198547,0.336604329190148,Clean,ALLOW
391.79,0.38402166962623596,0.38148534354722563,velocity_abuse,REVIEW
73.05,0.3494566082954407,0.3439200395708032,velocity_abuse,REVIEW
516.53,0.19826720654964447,0.35258430801029944,Clean,ALLOW
5200.96,0.8365569114685059,0.41590153252305223,unusual_amount,BLOCK
193.04,0.2579079866409302,0.35304333094268064,suspicious_device,REVIEW
95.95,0.39972350001335144,0.404891825016136,velocity_abuse,REVIEW
1263.8,0.2582870423793793,0.3505967083845229,velocity_abuse,REVIEW
453.91,0.27955135703086853,0.38143790289740853,suspicious_device,REVIEW
1025.11,0.3096104860305786,0.36079904306994176,velocity_abuse,REVIEW
207.29,0.20663554966449738,0.3464283834592618,suspicious_device,REVIEW
2830.1,0.28371313214302063,0.37099354260549716,suspicious_device,REVIEW
1144.34,0.2631540894508362,0.3988208736803052,velocity_abuse,REVIEW
125.97,0.20981325209140778,0.3484998719163991,suspicious_device,REVIEW
385.07,0.3888882100582123,0.405003851274702,velocity_abuse,REVIEW
736.35,0.3450356125831604,0.4045655631479027,velocity_abuse,REVIEW
530.61,0.30087897181510925,0.3904737970532208,velocity_abuse,REVIEW
143.87,0.1712992787361145,0.38453522296010706,Clean,ALLOW
798.58,0.7226406931877136,0.46892282139550284,account_takeover,REVIEW
304.01,0.1318226307630539,0.357920711348873,Clean,ALLOW
122.89,0.1778937727212906,0.4439307119865441,Clean,ALLOW
204.87,0.19818583130836487,0.3656596591816513,Clean,ALLOW
452.08,0.2538740038871765,0.3548153854083402,velocity_abuse,REVIEW
1590.72,0.27779069542884827,0.397359427790655,unusual_amount,REVIEW
248.1,0.4215812087059021,0.4028520439843899,velocity_abuse,REVIEW
3037.05,0.24340419471263885,0.39664227203070074,unusual_amount,REVIEW
124.13,0.3885352313518524,0.40866356283943345,suspicious_device,REVIEW
104.25,0.23431119322776794,0.3686441899273825,velocity_abuse,REVIEW
1655.47,0.22215193510055542,0.37509948444812957,suspicious_device,REVIEW
382.26,0.19545067846775055,0.3429332315186856,Clean,ALLOW
2248.42,0.2378414273262024,0.36592655605617974,suspicious_device,REVIEW
436.68,0.17522577941417694,0.3342548164093405,Clean,ALLOW
590.91,0.18743246793746948,0.3515360708188194,Clean,ALLOW
366.69,0.21230313181877136,0.35059276804156264,suspicious_device,REVIEW
549.72,0.17843127250671387,0.34940837492333443,Clean,ALLOW
163.24,0.2167700231075287,0.3704307032453381,suspicious_device,REVIEW
83.81,0.553659200668335,0.4213894435753958,velocity_abuse,REVIEW
410.05,0.2245861440896988,0.3385557948762164,velocity_abuse,REVIEW
99.26,0.3266260325908661,0.36312267572965384,velocity_abuse,REVIEW
272.72,0.1599387675523758,0.35939652311338843,Clean,ALLOW
190.08,0.24386033415794373,0.34284515108021946,velocity_abuse,REVIEW
232.44,0.20481760799884796,0.3555258822812379,unusual_amount,REVIEW
339.05,0.21027056872844696,0.3687080817116171,velocity_abuse,REVIEW
357.0,0.19188565015792847,0.36785432897124437,Clean,ALLOW
384.41,0.6171659827232361,0.40346883735528816,suspicious_device,REVIEW
754.36,0.3960191011428833,0.37605322744836156,velocity_abuse,REVIEW
221.12,0.45360490679740906,0.41489049103419856,account_takeover,REVIEW
537.31,0.1977405846118927,0.33720346545648905,Clean,ALLOW
1273.27,0.27117040753364563,0.3645165356265779,suspicious_device,REVIEW
162.38,0.22087815403938293,0.33779381569982975,suspicious_device,REVIEW
362.77,0.2570117712020874,0.41132971144135905,velocity_abuse,REVIEW
1250.45,0.27562645077705383,0.36126339034916216,velocity_abuse,REVIEW
245.35,0.18781645596027374,0.437478504236373,Clean,ALLOW
400.18,0.19557739794254303,0.3692930052889148,Clean,ALLOW
484.5,0.18994656205177307,0.3530971580792581,Clean,ALLOW
501.27,0.32009363174438477,0.4718634385421315,velocity_abuse,REVIEW
350.44,0.22138042747974396,0.37980554546850476,suspicious_device,REVIEW
514.28,0.17378346621990204,0.3487123545648068,Clean,ALLOW
123.06,0.19628338515758514,0.4394295472257079,Clean,ALLOW
94.32,0.2560218870639801,0.36442184451520326,suspicious_device,REVIEW
504.15,0.2040683627128601,0.3753116929311854,velocity_abuse,REVIEW
1674.54,0.2757680416107178,0.3840953746786883,unusual_amount,REVIEW
433.92,0.19180767238140106,0.35086711206755894,Clean,ALLOW
1987.57,0.27228039503097534,0.3995917646220968,suspicious_device,REVIEW
3684.01,0.29975438117980957,0.40382828455533765,unusual_amount,REVIEW
297.22,0.21282827854156494,0.3551957836254091,velocity_abuse,REVIEW
184.78,0.29862871766090393,0.37317526733412587,unusual_amount,REVIEW
274.34,0.2267659604549408,0.37323998553463367,velocity_abuse,REVIEW
85.59,0.3025931715965271,0.3612217428817737,velocity_abuse,REVIEW
73.4,0.4206046462059021,0.36474240687179665,velocity_abuse,REVIEW
1641.8,0.18979550898075104,0.40979640860185035,Clean,ALLOW
166.16,0.2787094712257385,0.37480166397880676,suspicious_device,REVIEW
1227.8,0.25926756858825684,0.36365122356420887,suspicious_device,REVIEW
112.85,0.252660870552063,0.36426395482544277,velocity_abuse,REVIEW
116.78,0.2150462418794632,0.35896994664079046,suspicious_device,REVIEW
218.77,0.21174536645412445,0.34071597710255797,suspicious_device,REVIEW
327.32,0.1925172209739685,0.33803126717034704,Clean,ALLOW
408.07,0.2126290202140808,0.38003601490620537,velocity_abuse,REVIEW
101.49,0.2414967566728592,0.3481108945130065,velocity_abuse,REVIEW
666.33,0.18231336772441864,0.38116739891407103,Clean,ALLOW
1289.52,0.2626493275165558,0.3508388513396716,suspicious_device,REVIEW
386.91,0.2540241777896881,0.40163659713466143,account_takeover,REVIEW
74.27,0.44745934009552,0.3857738027894893,velocity_abuse,REVIEW
852.8,0.20222295820713043,0.40425081116906275,velocity_abuse,REVIEW
88.12,0.2611936032772064,0.3790396840392301,velocity_abuse,REVIEW
243.62,0.19666007161140442,0.37413475185778783,Clean,ALLOW
367.93,0.18976368010044098,0.39326877245716685,Clean,ALLOW
356.4,0.21888288855552673,0.39867808405828215,suspicious_device,REVIEW
127.91,0.22575709223747253,0.4097463280163037,unusual_amount,REVIEW
135.25,0.1802874654531479,0.4070594755147801,Clean,ALLOW
311.72,0.4228566288948059,0.4175107804673061,suspicious_device,REVIEW
220.44,0.3430364429950714,0.4345926735231442,velocity_abuse,REVIEW
79.19,0.30086469650268555,0.36982465159046296,suspicious_device,REVIEW
288.95,0.400656521320343,0.4263619997742716,velocity_abuse,REVIEW
135.66,0.18113106489181519,0.38400652513809064,Clean,ALLOW
661.0,0.21609194576740265,0.36359187916469543,velocity_abuse,REVIEW
129.98,0.19267623126506805,0.382529483857972,Clean,ALLOW
865.27,0.34662866592407227,0.4487188784482444,velocity_abuse,REVIEW
3096.51,0.21565674245357513,0.4276135033098157,suspicious_device,REVIEW
117.46,0.29777392745018005,0.37926521926083206,suspicious_device,REVIEW
97.29,0.25840622186660767,0.40556368873288584,suspicious_device,REVIEW
2087.42,0.3191375732421875,0.42771382881909825,unusual_amount,REVIEW
449.38,0.8345860242843628,0.4903750107158384,account_takeover,BLOCK
380.65,0.2471582442522049,0.39164044262530223,velocity_abuse,REVIEW
124.27,0.21631862223148346,0.3651580027748864,suspicious_device,REVIEW
348.36,0.1332259476184845,0.41697014362231133,Clean,ALLOW
386.87,0.21345987915992737,0.41989572371464506,suspicious_device,REVIEW
149.07,0.12348484247922897,0.3582678492534825,Clean,ALLOW
259.48,0.35797083377838135,0.49735260563460293,account_takeover,REVIEW
221.13,0.20438256859779358,0.3704641170268367,velocity_abuse,REVIEW
358.19,0.25653743743896484,0.36331032835471866,velocity_abuse,REVIEW
157.49,0.25940966606140137,0.4497199902534731,account_takeover,REVIEW
1300.63,0.516817569732666,0.46491219232230524,suspicious_device,REVIEW
240.15,0.4258807897567749,0.4397275310460449,velocity_abuse,REVIEW
1418.96,0.30584821105003357,0.38753919196368547,suspicious_device,REVIEW
116.96,0.2307441383600235,0.39507617469730827,suspicious_device,REVIEW
562.89,0.20547626912593842,0.37634380520412963,velocity_abuse,REVIEW
279.3,0.1976245492696762,0.3836213647253483,Clean,ALLOW
96.06,0.28160613775253296,0.38205309179763625,suspicious_device,REVIEW
382.51,0.11605855077505112,0.4083510782863843,Clean,ALLOW
234.63,0.1282808929681778,0.38681904920582766,Clean,ALLOW
228.28,0.19747872650623322,0.3667865552330952,Clean,ALLOW
249.28,0.2163633555173874,0.38437168549714007,suspicious_device,REVIEW
263.15,0.23147408664226532,0.3732359689362626,velocity_abuse,REVIEW
114.35,0.2172299176454544,0.4323200064198103,velocity_abuse,REVIEW
332.9,0.17367373406887054,0.4099147208314265,Clean,ALLOW
271.48,0.19452203810214996,0.40176693359297483,Clean,ALLOW
508.93,0.19026365876197815,0.4123608407723853,Clean,ALLOW
2901.42,0.25040775537490845,0.4815631005854584,unusual_amount,REVIEW
964.44,0.22458723187446594,0.40387275968042535,velocity_abuse,REVIEW
161.04,0.14740285277366638,0.39285566128742117,Clean,ALLOW
189.63,0.19216294586658478,0.4074903643954459,Clean,ALLOW
187.6,0.11338925361633301,0.41108535149577186,Clean,ALLOW
165.97,0.6407753229141235,0.4172625853805839,suspicious_device,REVIEW
187.73,0.21606753766536713,0.35409884933836755,velocity_abuse,REVIEW
917.16,0.2331797033548355,0.37344088900632577,velocity_abuse,REVIEW
445.13,0.27651578187942505,0.38510750075190103,velocity_abuse,REVIEW
186.89,0.23521947860717773,0.37174763667266314,velocity_abuse,REVIEW
778.55,0.35973337292671204,0.3849354459731166,velocity_abuse,REVIEW
1713.12,0.398519366979599,0.44386335385881975,unusual_amount,REVIEW
507.75,0.2540079653263092,0.3616850469754728,velocity_abuse,REVIEW
106.55,0.27061158418655396,0.36133457939182456,velocity_abuse,REVIEW
167.94,0.27914267778396606,0.3459581216646531,suspicious_device,REVIEW
960.26,0.26225247979164124,0.34539317510691525,velocity_abuse,REVIEW
79.74,0.45282286405563354,0.40430015520750884,velocity_abuse,REVIEW
614.21,0.37884455919265747,0.39981896693756075,unusual_amount,REVIEW
141.17,0.22677768766880035,0.34373964591176703,suspicious_device,REVIEW
611.08,0.22871114313602448,0.346498409977883,velocity_abuse,REVIEW
115.15,0.32213541865348816,0.3383315615065502,velocity_abuse,REVIEW
325.4,0.5784069895744324,0.4080849828675137,suspicious_device,REVIEW
545.64,0.5784264206886292,0.41170808347311566,account_takeover,REVIEW
917.14,0.41209304332733154,0.4283866233656163,account_takeover,REVIEW
109.54,0.289380818605423,0.38551583625670915,suspicious_device,REVIEW
335.72,0.18271668255329132,0.3671370931849854,Clean,ALLOW
58.81,0.2622448801994324,0.36837980349087646,velocity_abuse,REVIEW
553.33,0.2460414469242096,0.350249554909388,velocity_abuse,REVIEW
277.95,0.29136958718299866,0.3883457690265021,velocity_abuse,REVIEW
1573.67,0.27158620953559875,0.3549502531848711,suspicious_device,REVIEW
122.7,0.22201493382453918,0.3450161476916081,suspicious_device,REVIEW
1975.69,0.3772388696670532,0.371802013080769,unusual_amount,REVIEW
161.82,0.2262604534626007,0.36799051169570246,suspicious_device,REVIEW
548.73,0.21411822736263275,0.3388063187858523,velocity_abuse,REVIEW
176.01,0.23054759204387665,0.3605768282089901,suspicious_device,REVIEW
180.02,0.24221162497997284,0.3360798836304552,suspicious_device,REVIEW
250.09,0.21949957311153412,0.34094442012166915,suspicious_device,REVIEW
297.9,0.3689669966697693,0.37238921951202264,velocity_abuse,REVIEW
191.84,0.34835660457611084,0.3789713997652607,suspicious_device,REVIEW
73.88,0.3348432779312134,0.3853594589442177,velocity_abuse,REVIEW
415.79,0.26955196261405945,0.3982791646754964,velocity_abuse,REVIEW
1078.36,0.26082631945610046,0.3459152758880329,velocity_abuse,REVIEW
182.46,0.5163317918777466,0.36479382721039844,suspicious_device,REVIEW
986.27,0.24491113424301147,0.34368153053913436,velocity_abuse,REVIEW
193.84,0.2564305365085602,0.3390258763927689,velocity_abuse,REVIEW
277.86,0.24282649159431458,0.3509296099552111,velocity_abuse,REVIEW
619.53,0.19068166613578796,0.3659591937417922,Clean,ALLOW
535.42,0.3034377992153168,0.3615056061229508,unusual_amount,REVIEW
213.37,0.23834046721458435,0.357642341916607,velocity_abuse,REVIEW
385.53,0.15789306163787842,0.350584245162973,Clean,ALLOW
536.85,0.2577051818370819,0.34318802798269865,velocity_abuse,REVIEW
193.57,0.30910706520080566,0.44858141510530275,velocity_abuse,REVIEW
252.64,0.1992318332195282,0.3430272959948858,Clean,ALLOW
217.51,0.2832593321800232,0.3396588094284912,velocity_abuse,REVIEW
205.6,0.24108242988586426,0.33078354000126364,velocity_abuse,REVIEW
2274.38,0.1990901231765747,0.3733883790203897,Clean,ALLOW
200.09,0.1709979772567749,0.4416082964935107,Clean,ALLOW
717.67,0.9095475673675537,0.46854130338442396,suspicious_device,BLOCK
55.53,0.46900057792663574,0.4177135848854532,velocity_abuse,REVIEW
850.84,0.724970817565918,0.42200158081570777,suspicious_device,REVIEW
464.9,0.27233096957206726,0.3618029971660397,velocity_abuse,REVIEW
171.21,0.2890309691429138,0.34325830586158534,suspicious_device,REVIEW
200.89,0.2441013753414154,0.3314998580815369,suspicious_device,REVIEW
340.57,0.1977536678314209,0.34873835405585435,Clean,ALLOW
149.77,0.5180984735488892,0.4002737222367671,suspicious_device,REVIEW
1358.47,0.24710652232170105,0.37585289438496344,suspicious_device,REVIEW
607.94,0.7137333750724792,0.4526145741031412,suspicious_device,REVIEW
422.88,0.1587921679019928,0.36684169747854606,Clean,ALLOW
761.64,0.23303820192813873,0.3408640973651468,suspicious_device,REVIEW
236.8,0.21153265237808228,0.3360852080492288,suspicious_device,REVIEW
780.84,0.24208678305149078,0.34637664762156023,velocity_abuse,REVIEW
346.59,0.3402792513370514,0.38891830739446404,suspicious_device,REVIEW
377.29,0.3689054846763611,0.3796121437463212,velocity_abuse,REVIEW
583.21,0.21400560438632965,0.3329144561729253,velocity_abuse,REVIEW
1170.44,0.28169137239456177,0.37398564848406146,velocity_abuse,REVIEW
109.2,0.279479056596756,0.3521698041110312,velocity_abuse,REVIEW
152.41,0.16621236503124237,0.3466495659111868,Clean,ALLOW
1161.15,0.5475504994392395,0.47068612587619907,account_takeover,REVIEW
689.84,0.22394168376922607,0.33290473913387203,velocity_abuse,REVIEW
289.12,0.24676893651485443,0.35988999966413837,velocity_abuse,REVIEW
503.11,0.19320666790008545,0.34497004959227956,Clean,ALLOW
1232.91,0.3105567991733551,0.3861452242469405,unusual_amount,REVIEW
1457.19,0.24689267575740814,0.3672498171744635,unusual_amount,REVIEW
222.45,0.16479423642158508,0.3538243141452919,Clean,ALLOW
122.19,0.25517529249191284,0.36030876358386427,velocity_abuse,REVIEW
1123.83,0.40108025074005127,0.3843337055177508,unusual_amount,REVIEW
714.51,0.2912737727165222,0.3814485662697945,velocity_abuse,REVIEW
509.99,0.19526250660419464,0.3638070606156296,Clean,ALLOW
589.22,0.22231194376945496,0.33801637808264007,velocity_abuse,REVIEW
144.69,0.2956100404262543,0.39575125121524013,velocity_abuse,REVIEW
330.86,0.21070151031017303,0.3311425923835916,suspicious_device,REVIEW
2619.14,0.2528816759586334,0.3702263935127774,suspicious_device,REVIEW
66.6,0.29526424407958984,0.3429243969949873,velocity_abuse,REVIEW
158.6,0.2256462275981903,0.3368876201299215,suspicious_device,REVIEW
194.43,0.2355179339647293,0.356948962257058,suspicious_device,REVIEW
68.12,0.3524916172027588,0.3765154560787208,velocity_abuse,REVIEW
182.76,0.209592804312706,0.359973416851572,suspicious_device,REVIEW
355.86,0.20010985434055328,0.37015281347889667,velocity_abuse,REVIEW
185.86,0.2710389792919159,0.3802918889116072,suspicious_device,REVIEW
472.17,0.18702487647533417,0.34761557414000704,Clean,ALLOW
655.02,0.19889108836650848,0.41573611142035827,Clean,ALLOW
109.99,0.23519249260425568,0.3535503314297924,velocity_abuse,REVIEW
887.12,0.5796133875846863,0.44355496255365817,account_takeover,REVIEW
541.19,0.20247337222099304,0.3411803278353667,suspicious_device,REVIEW
1143.17,0.22332251071929932,0.3521666540124356,suspicious_device,REVIEW
351.36,0.5492683053016663,0.40688079358497115,suspicious_device,REVIEW
809.52,0.4379858374595642,0.3701404750381755,suspicious_device,REVIEW
306.57,0.26278677582740784,0.38488960476497897,velocity_abuse,REVIEW
364.66,0.16524367034435272,0.384754697651896,Clean,ALLOW
237.12,0.21312499046325684,0.3298804109947016,suspicious_device,REVIEW
415.49,0.21952971816062927,0.3668407473286303,velocity_abuse,REVIEW
594.87,0.23717938363552094,0.36849439414625074,unusual_amount,REVIEW
550.59,0.21321530640125275,0.3876909737823696,suspicious_device,REVIEW
1609.95,0.2306547313928604,0.4302488781022712,unusual_amount,REVIEW
115.08,0.31009572744369507,0.3566856966584969,velocity_abuse,REVIEW
1986.51,0.28062376379966736,0.3962359914852293,unusual_amount,REVIEW
543.09,0.2563318610191345,0.3721361814931708,velocity_abuse,REVIEW
1182.59,0.3534281849861145,0.3611279040846079,suspicious_device,REVIEW
672.73,0.27601104974746704,0.3935654145746264,velocity_abuse,REVIEW
406.29,0.7857506275177002,0.454171911554993,account_takeover,BLOCK
179.69,0.3607417047023773,0.3699992375910019,suspicious_device,REVIEW
308.66,0.40663447976112366,0.42720382045069366,velocity_abuse,REVIEW
316.94,0.2265588492155075,0.34236393727816755,velocity_abuse,REVIEW
134.99,0.17443034052848816,0.36616347004916794,Clean,ALLOW
261.93,0.26715171337127686,0.41959487417946945,suspicious_device,REVIEW
1705.54,0.2017606794834137,0.35978313531389944,unusual_amount,REVIEW
661.46,0.20974679291248322,0.34638586028604385,suspicious_device,REVIEW
345.98,0.2200780063867569,0.34547945361503735,suspicious_device,REVIEW
535.17,0.19639690220355988,0.3327052967130749,Clean,ALLOW
308.49,0.21362975239753723,0.3496532240084368,suspicious_device,REVIEW
937.12,0.7285674810409546,0.4645675393458312,account_takeover,REVIEW
391.23,0.7769103050231934,0.4221435733959837,account_takeover,BLOCK
304.3,0.20244301855564117,0.3470167271325453,suspicious_device,REVIEW
181.76,0.7094277739524841,0.41362640257684274,suspicious_device,REVIEW
214.83,0.21474814414978027,0.3427393564026506,suspicious_device,REVIEW
473.28,0.17337965965270996,0.3609322646142082,Clean,ALLOW
311.34,0.2862379550933838,0.38591791905279016,suspicious_device,REVIEW
406.12,0.15542829036712646,0.4528436066591364,Clean,ALLOW
466.09,0.3844066560268402,0.3957424115095863,velocity_abuse,REVIEW
215.68,0.30712294578552246,0.39760118485899854,velocity_abuse,REVIEW
811.07,0.22929923236370087,0.3643689800082491,velocity_abuse,REVIEW
675.68,0.20436018705368042,0.33631641224586584,velocity_abuse,REVIEW
687.37,0.32580044865608215,0.406603712446921,suspicious_device,REVIEW
1132.05,0.4040314555168152,0.40048740303096814,suspicious_device,REVIEW
121.77,0.5595324635505676,0.4057735722187404,suspicious_device,REVIEW
374.39,0.23805730044841766,0.3476235978677687,suspicious_device,REVIEW
482.83,0.24747690558433533,0.3594930972578972,velocity_abuse,REVIEW
58.21,0.23868192732334137,0.35906600247935944,suspicious_device,REVIEW
769.08,0.221013143658638,0.35406108547248566,velocity_abuse,REVIEW
1066.65,0.42454129457473755,0.3871012497900715,velocity_abuse,REVIEW
2279.21,0.2153339982032776,0.3692801059821037,unusual_amount,REVIEW
143.34,0.16919709742069244,0.38547779761162587,Clean,ALLOW
424.78,0.2040356993675232,0.342164376529103,velocity_abuse,REVIEW
457.11,0.15869203209877014,0.41223804847554735,Clean,ALLOW
368.37,0.19569014012813568,0.4006182055016018,Clean,ALLOW
625.19,0.28964802622795105,0.3942231298898968,account_takeover,REVIEW
1793.35,0.2585054039955139,0.3849848054886535,suspicious_device,REVIEW
1118.5,0.27067646384239197,0.40243976954671007,velocity_abuse,REVIEW
586.78,0.26617661118507385,0.3738759906255909,velocity_abuse,REVIEW
192.25,0.2459440976381302,0.4131834348542831,velocity_abuse,REVIEW
172.83,0.21710816025733948,0.38755356129703056,suspicious_device,REVIEW
81.94,0.4163365960121155,0.4377843096998392,account_takeover,REVIEW
279.94,0.20672231912612915,0.37447528239890115,suspicious_device,REVIEW
566.75,0.15957684814929962,0.38069337561707295,Clean,ALLOW
64.17,0.5678863525390625,0.4404845045779175,velocity_abuse,REVIEW
746.58,0.19144012033939362,0.4294823527267093,Clean,ALLOW
259.86,0.19449594616889954,0.3626101378133592,Clean,ALLOW
803.1,0.902829110622406,0.4926755926763492,account_takeover,BLOCK
164.44,0.22346609830856323,0.3614775813229781,suspicious_device,REVIEW
94.4,0.21024438738822937,0.4409770954432272,velocity_abuse,REVIEW
263.81,0.23378458619117737,0.40496151844336836,suspicious_device,REVIEW
334.84,0.15414002537727356,0.4493837314164811,Clean,ALLOW
495.3,0.18614265322685242,0.3838278377089958,Clean,ALLOW
237.75,0.3768497705459595,0.40130381522927683,unusual_amount,REVIEW
242.36,0.2088608294725418,0.3680162767321147,suspicious_device,REVIEW
399.78,0.2446659803390503,0.4081642445113766,velocity_abuse,REVIEW
308.17,0.2270479053258896,0.36592694667554,velocity_abuse,REVIEW
207.49,0.22957922518253326,0.3603705985688039,velocity_abuse,REVIEW
461.53,0.430065393447876,0.41514809050499984,suspicious_device,REVIEW
548.42,0.19913384318351746,0.3595196744118449,Clean,ALLOW
489.38,0.20416486263275146,0.35456137317702835,velocity_abuse,REVIEW
1002.89,0.6682079434394836,0.45048808273658836,account_takeover,REVIEW
660.92,0.4225197732448578,0.3966752586427986,suspicious_device,REVIEW
148.72,0.13709451258182526,0.3997515628930155,Clean,ALLOW
119.71,0.20704787969589233,0.3733930804990154,suspicious_device,REVIEW
193.41,0.15937839448451996,0.40883822075028387,Clean,ALLOW
612.56,0.2093658447265625,0.36515730374761707,suspicious_device,REVIEW
102.44,0.23360519111156464,0.38222913137514336,suspicious_device,REVIEW
977.84,0.3102162182331085,0.4162967548353143,velocity_abuse,REVIEW
283.14,0.2288668155670166,0.37087429139142664,suspicious_device,REVIEW
314.5,0.18059973418712616,0.3618510843408838,Clean,ALLOW
1015.9,0.2141389697790146,0.4017177534395753,velocity_abuse,REVIEW
380.99,0.22236397862434387,0.3649808459689565,velocity_abuse,REVIEW
239.4,0.21403354406356812,0.3877198292120722,suspicious_device,REVIEW
203.52,0.7650596499443054,0.46998911421769635,velocity_abuse,BLOCK
2094.02,0.2517106235027313,0.4097568701038094,suspicious_device,REVIEW
214.06,0.32248038053512573,0.41693213232342763,suspicious_device,REVIEW
273.98,0.3453947603702545,0.3999837663640774,suspicious_device,REVIEW
835.22,0.2148314118385315,0.4418494591880025,velocity_abuse,REVIEW
242.35,0.21068419516086578,0.4003013473225066,suspicious_device,REVIEW
129.54,0.16047869622707367,0.36884558807354284,Clean,ALLOW
440.31,0.20483800768852234,0.3879572604420972,velocity_abuse,REVIEW
488.89,0.19920054078102112,0.3600321613645345,Clean,ALLOW
113.58,0.17689131200313568,0.43288934957103853,Clean,ALLOW
372.66,0.16310100257396698,0.40678429558159496,Clean,ALLOW
401.4,0.21312524378299713,0.36396612656018135,velocity_abuse,REVIEW
251.74,0.27514389157295227,0.4041836885989574,suspicious_device,REVIEW
979.29,0.22741219401359558,0.40207887728879405,suspicious_device,REVIEW
296.23,0.13090071082115173,0.41978064349265015,Clean,ALLOW
702.94,0.2128046751022339,0.3765713661936033,velocity_abuse,REVIEW
200.15,0.7825782895088196,0.5003584864368006,account_takeover,BLOCK
353.95,0.20479682087898254,0.37593075872288645,suspicious_device,REVIEW
147.43,0.18805453181266785,0.37097368299486905,Clean,ALLOW
267.67,0.2389347106218338,0.3530329676528926,velocity_abuse,REVIEW
639.61,0.20847709476947784,0.35430391767517566,suspicious_device,REVIEW
79.67,0.662407398223877,0.39088318384467924,suspicious_device,REVIEW
272.25,0.20214775204658508,0.35945139389452196,velocity_abuse,REVIEW
1771.42,0.20072327554225922,0.40569477666386183,unusual_amount,REVIEW
521.94,0.3125271797180176,0.3960528883027814,velocity_abuse,REVIEW
272.63,0.19102849066257477,0.3514747730919952,Clean,ALLOW
242.51,0.25069352984428406,0.3995906248942609,velocity_abuse,REVIEW
212.34,0.24266542494297028,0.36132598854219616,velocity_abuse,REVIEW
318.21,0.17141075432300568,0.3514747730919952,Clean,ALLOW
87.25,0.30525362491607666,0.36766656703476397,velocity_abuse,REVIEW
1258.92,0.2337837964296341,0.3692269771024521,velocity_abuse,REVIEW
274.31,0.20449194312095642,0.38231270643995513,velocity_abuse,REVIEW
112.93,0.22277219593524933,0.36047398020802485,velocity_abuse,REVIEW
695.21,0.2122184932231903,0.36939678420685096,suspicious_device,REVIEW
397.6,0.23052161931991577,0.3972047055845222,velocity_abuse,REVIEW
930.56,0.33394160866737366,0.3982133801992148,velocity_abuse,REVIEW
42.35,0.2862694561481476,0.3793591712705459,velocity_abuse,REVIEW
520.43,0.2239643931388855,0.36184153266714936,velocity_abuse,REVIEW
113.75,0.34311944246292114,0.39100536846072753,velocity_abuse,REVIEW
933.84,0.29642659425735474,0.35986231742587615,suspicious_device,REVIEW
127.57,0.8059202432632446,0.5520134620263825,account_takeover,BLOCK
789.02,0.29381126165390015,0.3434420697618842,velocity_abuse,REVIEW
265.87,0.37896838784217834,0.37948395515818567,velocity_abuse,REVIEW
342.88,0.6681182384490967,0.4021754317101831,suspicious_device,REVIEW
61.77,0.4370036721229553,0.3385223973904455,velocity_abuse,REVIEW
310.37,0.3836830258369446,0.4431489878633016,velocity_abuse,REVIEW
247.03,0.2278260439634323,0.3676386896172115,suspicious_device,REVIEW
1146.08,0.27878114581108093,0.34915338015930186,suspicious_device,REVIEW
17.65,0.23561549186706543,0.35295609572353015,velocity_abuse,REVIEW
524.77,0.23095501959323883,0.340645267136265,velocity_abuse,REVIEW
643.08,0.21998989582061768,0.3414624322598256,velocity_abuse,REVIEW
425.05,0.3605371117591858,0.42557120612122346,velocity_abuse,REVIEW
420.79,0.6207656860351562,0.3931659312586063,account_takeover,REVIEW
837.9,0.22681938111782074,0.3626701008977909,suspicious_device,REVIEW
209.35,0.16937005519866943,0.37907955082714073,Clean,ALLOW
405.02,0.2309165745973587,0.336570143064352,velocity_abuse,REVIEW
140.58,0.4646356403827667,0.3897531202186963,suspicious_device,REVIEW
281.21,0.2711612582206726,0.4065533790320992,suspicious_device,REVIEW
267.22,0.32613006234169006,0.36268413224506085,velocity_abuse,REVIEW
139.02,0.21949025988578796,0.35438944240242104,suspicious_device,REVIEW
297.39,0.24778850376605988,0.3381372200981459,velocity_abuse,REVIEW
580.64,0.2073831707239151,0.34986275981940135,velocity_abuse,REVIEW
198.74,0.2080860137939453,0.3588377794481954,velocity_abuse,REVIEW
248.57,0.6494958400726318,0.4049879120361798,suspicious_device,REVIEW
326.8,0.342148095369339,0.4006564638878035,velocity_abuse,REVIEW
382.71,0.23209279775619507,0.33587623573718123,velocity_abuse,REVIEW
1190.85,0.19733765721321106,0.3892397799936335,Clean,ALLOW
229.73,0.20926114916801453,0.34139911687349994,suspicious_device,REVIEW
536.58,0.16814255714416504,0.35748268190086285,Clean,ALLOW
273.05,0.20485348999500275,0.37411506816119705,velocity_abuse,REVIEW
314.33,0.1941075325012207,0.3471278719301307,Clean,ALLOW
143.48,0.22056125104427338,0.3457720920855682,suspicious_device,REVIEW
2866.04,0.31426891684532166,0.37010998332441575,unusual_amount,REVIEW
9075.44,0.8957509994506836,0.4055663979106272,unusual_amount,BLOCK
326.17,0.17724797129631042,0.43317257111922886,Clean,ALLOW
624.14,0.21902276575565338,0.36200252406214123,suspicious_device,REVIEW
121.02,0.2643733322620392,0.3556923526063827,suspicious_device,REVIEW
382.47,0.23534254729747772,0.3358548548084781,velocity_abuse,REVIEW
4044.65,0.5831762552261353,0.42155466730043656,unusual_amount,REVIEW
1629.92,0.39734503626823425,0.47477483469472365,account_takeover,REVIEW
546.36,0.739762008190155,0.48913325581639255,account_takeover,REVIEW
84.58,0.30084940791130066,0.363066627984365,velocity_abuse,REVIEW
521.54,0.22177831828594208,0.34783354041175535,velocity_abuse,REVIEW
620.53,0.2409614473581314,0.3380835446744588,suspicious_device,REVIEW
323.72,0.2672039270401001,0.3425468598174779,suspicious_device,REVIEW
754.79,0.3654818534851074,0.34965530557321045,suspicious_device,REVIEW
312.77,0.22017011046409607,0.3514446527944999,velocity_abuse,REVIEW
1933.28,0.3048495650291443,0.3641944189161656,unusual_amount,REVIEW
112.39,0.2693265378475189,0.3426663538798663,velocity_abuse,REVIEW
589.38,0.25802382826805115,0.34000485717182954,velocity_abuse,REVIEW
655.12,0.8887601494789124,0.48203530749431733,account_takeover,BLOCK
2065.85,0.5310063362121582,0.3998236262676421,unusual_amount,REVIEW
222.9,0.2206200510263443,0.34246330023601307,velocity_abuse,REVIEW
154.49,0.7982763648033142,0.4336327650217075,account_takeover,BLOCK
1035.34,0.29280760884284973,0.3590393347661621,suspicious_device,REVIEW
60.22,0.5169900059700012,0.38266505740132495,suspicious_device,REVIEW
1318.88,0.2866063416004181,0.3435841768129578,velocity_abuse,REVIEW
1759.4,0.38131457567214966,0.3731636406614407,velocity_abuse,REVIEW
190.39,0.2959496080875397,0.3452549812355765,suspicious_device,REVIEW
209.55,0.35877227783203125,0.3920921867741101,suspicious_device,REVIEW
961.38,0.2180037945508957,0.34450890484757707,velocity_abuse,REVIEW
237.56,0.2761967182159424,0.354296880484103,suspicious_device,REVIEW
124.46,0.42698097229003906,0.4136599811057857,suspicious_device,REVIEW
219.75,0.27600759267807007,0.3471149300051714,suspicious_device,REVIEW
687.5,0.19262327253818512,0.34605710845056215,Clean,ALLOW
57.99,0.4331534802913666,0.36220271757793915,velocity_abuse,REVIEW
494.08,0.3853282034397125,0.3838463978786856,velocity_abuse,REVIEW
145.15,0.16037720441818237,0.34713802704538216,Clean,ALLOW
889.55,0.2197451889514923,0.3624224482525428,velocity_abuse,REVIEW
122.9,0.6110581159591675,0.41217720022085136,suspicious_device,REVIEW
66.56,0.373613566160202,0.3731074879275525,velocity_abuse,REVIEW
142.51,0.20805780589580536,0.34018654399556164,suspicious_device,REVIEW
540.73,0.2083190530538559,0.34373825449517637,suspicious_device,REVIEW
96.16,0.3450033664703369,0.4260677985807375,velocity_abuse,REVIEW
552.14,0.22512413561344147,0.335814699864928,suspicious_device,REVIEW
1179.43,0.27788880467414856,0.3681287915825772,suspicious_device,REVIEW
135.6,0.4210033416748047,0.38734224894670244,velocity_abuse,REVIEW
202.3,0.2275468409061432,0.3390992224920363,suspicious_device,REVIEW
453.36,0.31303444504737854,0.3714454310636259,velocity_abuse,REVIEW
275.59,0.25656160712242126,0.35006332724952727,velocity_abuse,REVIEW
373.39,0.24171380698680878,0.4161813227778244,suspicious_device,REVIEW
546.69,0.47895973920822144,0.4362762168996558,account_takeover,REVIEW
110.31,0.2649247944355011,0.33499139448886556,suspicious_device,REVIEW
194.04,0.46865224838256836,0.4226255008046572,velocity_abuse,REVIEW
223.79,0.20706529915332794,0.3308330678771365,suspicious_device,REVIEW
355.6,0.19496913254261017,0.35853708936329476,Clean,ALLOW
2665.4,0.245712012052536,0.3577899177914076,unusual_amount,REVIEW
1539.52,0.3082856833934784,0.3659939005861483,velocity_abuse,REVIEW
747.05,0.24996957182884216,0.3378726941572822,velocity_abuse,REVIEW
325.94,0.19432954490184784,0.33807307823416427,Clean,ALLOW
553.99,0.40823572874069214,0.3750281928568455,suspicious_device,REVIEW
542.17,0.1989322155714035,0.3549980792747449,Clean,ALLOW
402.79,0.222649484872818,0.3340558635877067,velocity_abuse,REVIEW
891.06,0.25524628162384033,0.3574676029332904,velocity_abuse,REVIEW
126.13,0.22273866832256317,0.43230977638956797,velocity_abuse,REVIEW
144.74,0.13978725671768188,0.3511685117081559,Clean,ALLOW
269.03,0.2311577945947647,0.36787151522945555,suspicious_device,REVIEW
77.66,0.2877642512321472,0.3333992896819838,velocity_abuse,REVIEW
397.92,0.21692359447479248,0.3317893063043252,velocity_abuse,REVIEW
5635.14,0.8313624858856201,0.39564092825348274,unusual_amount,BLOCK
239.95,0.16952365636825562,0.3464887286057808,Clean,ALLOW
861.0,0.3562214970588684,0.40494221252231277,velocity_abuse,REVIEW
103.07,0.2445802092552185,0.33205892284920724,velocity_abuse,REVIEW
1274.38,0.4932009279727936,0.4240818734848669,velocity_abuse,REVIEW
680.29,0.32381781935691833,0.38969897308081386,suspicious_device,REVIEW
3581.93,0.3426835536956787,0.37785837915376647,unusual_amount,REVIEW
2251.27,0.7882056832313538,0.4794398297978894,suspicious_device,BLOCK
560.03,0.3763681650161743,0.45004922256003127,velocity_abuse,REVIEW
493.54,0.17960359156131744,0.39270573089781885,Clean,ALLOW
299.6,0.28371113538742065,0.3487022566349037,suspicious_device,REVIEW
427.11,0.19673170149326324,0.33329790565460365,Clean,ALLOW
610.73,0.29539602994918823,0.3855207041544238,suspicious_device,REVIEW
274.7,0.1246236190199852,0.40998298771709846,Clean,ALLOW
367.79,0.1803324818611145,0.3494663506305078,Clean,ALLOW
75.6,0.29751718044281006,0.3340916601295174,velocity_abuse,REVIEW
1073.9,0.2444111406803131,0.3639022299414007,velocity_abuse,REVIEW
157.54,0.18003521859645844,0.3345483230281725,Clean,ALLOW
464.19,0.1672884225845337,0.34450561209904446,Clean,ALLOW
449.18,0.3460049033164978,0.37243294714077824,velocity_abuse,REVIEW
356.04,0.3266707956790924,0.3687129950982813,velocity_abuse,REVIEW
295.23,0.41029027104377747,0.3893272739114246,suspicious_device,REVIEW
429.5,0.20460255444049835,0.3542675536810229,suspicious_device,REVIEW
226.74,0.3778132200241089,0.37368259565646744,velocity_abuse,REVIEW
177.43,0.15058477222919464,0.3519135108250164,Clean,ALLOW
144.87,0.12717430293560028,0.37591678374782583,Clean,ALLOW
473.54,0.23932668566703796,0.3450203412909768,velocity_abuse,REVIEW
367.64,0.7057474851608276,0.4133166351578328,account_takeover,REVIEW
403.48,0.34262749552726746,0.4485968179968629,suspicious_device,REVIEW
1019.57,0.256684809923172,0.36201623737387917,unusual_amount,REVIEW
1450.21,0.4434247314929962,0.38519686585632273,unusual_amount,REVIEW
401.59,0.2876347303390503,0.41753802844758164,suspicious_device,REVIEW
286.2,0.29699018597602844,0.3795083490817388,suspicious_device,REVIEW
579.09,0.29142487049102783,0.409513498190648,suspicious_device,REVIEW
1639.79,0.5506911873817444,0.40359206270328873,unusual_amount,REVIEW
427.53,0.2830566465854645,0.35958201124741657,velocity_abuse,REVIEW
204.78,0.2018629014492035,0.34285355204268253,suspicious_device,REVIEW
189.2,0.3117356598377228,0.37833246673488186,velocity_abuse,REVIEW
595.73,0.2576529085636139,0.34500182991371137,velocity_abuse,REVIEW
434.97,0.3475166857242584,0.3960193405572556,velocity_abuse,REVIEW
435.32,0.2996457815170288,0.40525091484086173,suspicious_device,REVIEW
346.04,0.1393052041530609,0.36563645604885836,Clean,ALLOW
458.62,0.20576682686805725,0.35155508722344386,suspicious_device,REVIEW
630.93,0.4596204459667206,0.47180957576678784,account_takeover,REVIEW
999.71,0.2578969895839691,0.3550948048108201,suspicious_device,REVIEW
600.29,0.23296025395393372,0.36269644191084804,velocity_abuse,REVIEW
250.76,0.2052881270647049,0.34639529521339685,velocity_abuse,REVIEW
3312.18,0.31570690870285034,0.39202802221333205,unusual_amount,REVIEW
303.33,0.20392590761184692,0.3502338623749766,suspicious_device,REVIEW
1432.11,0.21378067135810852,0.36282618431171226,suspicious_device,REVIEW
531.41,0.2186853289604187,0.34362697426081107,velocity_abuse,REVIEW
1544.52,0.28093892335891724,0.36769999621785643,suspicious_device,REVIEW
200.04,0.21796755492687225,0.3607350017679865,suspicious_device,REVIEW
232.39,0.30957213044166565,0.4039611845125029,suspicious_device,REVIEW
469.13,0.20546668767929077,0.375882448256021,velocity_abuse,REVIEW
2367.31,0.27162450551986694,0.3571116484832966,unusual_amount,REVIEW
178.14,0.743278980255127,0.4578234523588009,suspicious_device,REVIEW
229.22,0.20091982185840607,0.3459756185293284,suspicious_device,REVIEW
634.8,0.21693463623523712,0.36320748565120414,suspicious_device,REVIEW
243.69,0.13303425908088684,0.371894008034501,Clean,ALLOW
161.63,0.21337752044200897,0.3477763349946232,suspicious_device,REVIEW
288.33,0.37117379903793335,0.3822563753093773,velocity_abuse,REVIEW
131.5,0.3351900279521942,0.4277320782744603,suspicious_device,REVIEW
1778.85,0.5180474519729614,0.4045578074570995,account_takeover,REVIEW
568.83,0.23101694881916046,0.3500423880271126,velocity_abuse,REVIEW
125.98,0.20828329026699066,0.3518589442825604,suspicious_device,REVIEW
170.46,0.19020184874534607,0.3639730395850184,Clean,ALLOW
559.11,0.3471681773662567,0.382490788108382,suspicious_device,REVIEW
118.94,0.25299936532974243,0.38164472518464315,suspicious_device,REVIEW
688.89,0.5337927341461182,0.40199539918606664,suspicious_device,REVIEW
336.77,0.23482225835323334,0.34565081561517197,suspicious_device,REVIEW
100.5,0.31728169322013855,0.33991156275607093,suspicious_device,REVIEW
895.02,0.22778430581092834,0.3730104709001779,velocity_abuse,REVIEW
376.22,0.20750495791435242,0.38647816004240926,velocity_abuse,REVIEW
498.72,0.28575611114501953,0.393589251007577,velocity_abuse,REVIEW
229.81,0.20565076172351837,0.3681807990337263,suspicious_device,REVIEW
242.79,0.15363197028636932,0.39390235140888835,Clean,ALLOW
250.84,0.2165907919406891,0.417718742312575,velocity_abuse,REVIEW
527.71,0.2241799682378769,0.37230744549744577,suspicious_device,REVIEW
1206.18,0.34324848651885986,0.4339135597909271,velocity_abuse,REVIEW
174.15,0.2226431518793106,0.3771212858615408,suspicious_device,REVIEW
1064.32,0.24953345954418182,0.3574337168562614,velocity_abuse,REVIEW
601.76,0.16581644117832184,0.40019461017336505,Clean,ALLOW
1104.39,0.24336060881614685,0.380150534239142,velocity_abuse,REVIEW
181.07,0.20988476276397705,0.3859989614383937,suspicious_device,REVIEW
209.74,0.19796986877918243,0.3653281601183589,Clean,ALLOW
1203.2,0.5863136649131775,0.44535776532993504,suspicious_device,REVIEW
1720.33,0.2530275285243988,0.40034991376988377,suspicious_device,REVIEW
671.76,0.21576343476772308,0.3537719670828144,velocity_abuse,REVIEW
410.36,0.20059959590435028,0.3660207492446749,velocity_abuse,REVIEW
869.17,0.21053577959537506,0.36407230903510757,velocity_abuse,REVIEW
1378.83,0.5158436894416809,0.4237933947954185,velocity_abuse,REVIEW
329.47,0.2125435173511505,0.37792728254603036,suspicious_device,REVIEW
355.26,0.19377298653125763,0.3785040364771428,Clean,ALLOW
464.71,0.17157773673534393,0.3707365301366954,Clean,ALLOW
158.15,0.15975894033908844,0.3903335387935871,Clean,ALLOW
205.61,0.23065447807312012,0.42934341432981454,suspicious_device,REVIEW
308.27,0.222233384847641,0.3653539222227006,suspicious_device,REVIEW
536.44,0.2216424196958542,0.38401290693667917,velocity_abuse,REVIEW
2242.17,0.3201114237308502,0.49226033100651423,unusual_amount,REVIEW
2176.49,0.41031989455223083,0.4126107260156853,unusual_amount,REVIEW
1048.71,0.28362858295440674,0.3762717993819943,suspicious_device,REVIEW
331.82,0.21616554260253906,0.3744431735246611,velocity_abuse,REVIEW
793.03,0.22266730666160583,0.37754433101632484,suspicious_device,REVIEW
462.91,0.23326611518859863,0.3804384111287621,suspicious_device,REVIEW
733.2,0.17495037615299225,0.3869527738327652,Clean,ALLOW
1098.46,0.32829076051712036,0.3932127729126882,suspicious_device,REVIEW
701.9,0.21400493383407593,0.4059169505302728,suspicious_device,REVIEW
124.48,0.6093119382858276,0.44409049680626295,suspicious_device,REVIEW
682.26,0.2411697953939438,0.3650294176748455,velocity_abuse,REVIEW
921.23,0.22637373208999634,0.46879278564039695,unusual_amount,REVIEW
439.39,0.1414853185415268,0.4745617131992989,Clean,ALLOW
303.75,0.31888601183891296,0.3885482544140821,velocity_abuse,REVIEW
3202.14,0.374222993850708,0.4340962631926285,unusual_amount,REVIEW
286.38,0.19570299983024597,0.37362331191342263,Clean,ALLOW
576.35,0.30683058500289917,0.3923712215089987,suspicious_device,REVIEW
1025.35,0.25566866993904114,0.3941823389530969,suspicious_device,REVIEW
295.24,0.167955681681633,0.39140387199777626,Clean,ALLOW
243.6,0.22595126926898956,0.3580559170054725,suspicious_device,REVIEW
1975.89,0.21736466884613037,0.38417998019650845,unusual_amount,REVIEW
475.09,0.1796223223209381,0.3932509481270133,Clean,ALLOW
271.14,0.19272251427173615,0.36621932158051246,Clean,ALLOW
470.38,0.20167607069015503,0.39251413860409506,velocity_abuse,REVIEW
803.21,0.2427920252084732,0.4037891294230624,suspicious_device,REVIEW
775.48,0.16238602995872498,0.3975363816924332,Clean,ALLOW
308.64,0.2463110089302063,0.4055371071128894,velocity_abuse,REVIEW
897.36,0.2681583762168884,0.41957315736022316,suspicious_device,REVIEW
174.51,0.22102737426757812,0.3916458138044262,suspicious_device,REVIEW
533.75,0.21155573427677155,0.37032819245522336,velocity_abuse,REVIEW
338.06,0.1785896122455597,0.39135802795496444,Clean,ALLOW
890.46,0.17818154394626617,0.43044063937329435,Clean,ALLOW
145.16,0.11486224085092545,0.3909724974864975,Clean,ALLOW
385.62,0.20244698226451874,0.3995130356945948,velocity_abuse,REVIEW
209.13,0.1537003219127655,0.42858777106128376,Clean,ALLOW
1697.52,0.25013700127601624,0.4271173632640958,velocity_abuse,REVIEW
386.47,0.16555209457874298,0.42921401865177133,Clean,ALLOW
551.77,0.14379285275936127,0.410723896386639,Clean,ALLOW
455.67,0.1838972568511963,0.4037894962566105,Clean,ALLOW
1486.59,0.5312303900718689,0.44535016675649114,suspicious_device,REVIEW
1054.84,0.33953893184661865,0.43064477529768,unusual_amount,REVIEW
299.58,0.2562873661518097,0.36116532356230435,suspicious_device,REVIEW
1980.37,0.26204824447631836,0.3884074902642975,velocity_abuse,REVIEW
621.13,0.19992466270923615,0.3908927948041613,Clean,ALLOW
367.37,0.16826362907886505,0.3585853048239183,Clean,ALLOW
620.19,0.631985068321228,0.4326353983395767,account_takeover,REVIEW
656.71,0.29188215732574463,0.36163351122144366,velocity_abuse,REVIEW
301.52,0.2768147587776184,0.36069619832195876,velocity_abuse,REVIEW
144.48,0.25211867690086365,0.41355921829112735,velocity_abuse,REVIEW
285.52,0.6798450350761414,0.42522191133780857,suspicious_device,REVIEW
750.02,0.30237114429473877,0.3809869886579468,velocity_abuse,REVIEW
1521.24,0.311948299407959,0.41027516769207506,unusual_amount,REVIEW
4060.89,0.39771661162376404,0.4769286138383491,suspicious_device,REVIEW
193.56,0.28455543518066406,0.36370738425659116,velocity_abuse,REVIEW
1247.04,0.30366483330726624,0.37276921828089016,velocity_abuse,REVIEW
282.21,0.5273880362510681,0.3991041366209231,suspicious_device,REVIEW
131.22,0.3048287332057953,0.3719932020336411,suspicious_device,REVIEW
277.44,0.19909054040908813,0.375456244547287,Clean,ALLOW
364.05,0.36348143219947815,0.38627259220721233,suspicious_device,REVIEW
1113.68,0.2938213646411896,0.3583842971693368,suspicious_device,REVIEW
271.23,0.19370582699775696,0.36336775923083325,Clean,ALLOW
474.34,0.186991348862648,0.3554663737288937,Clean,ALLOW
143.86,0.23769445717334747,0.3875176786710214,velocity_abuse,REVIEW
1132.24,0.29297399520874023,0.40108038604873303,velocity_abuse,REVIEW
573.93,0.21628297865390778,0.36055183355659054,velocity_abuse,REVIEW
68.68,0.27060267329216003,0.35281727054155476,velocity_abuse,REVIEW
297.97,0.2889508903026581,0.35902801023180814,velocity_abuse,REVIEW
437.56,0.2017214596271515,0.34876678992525656,velocity_abuse,REVIEW
1292.18,0.5775400996208191,0.4353502351543354,velocity_abuse,REVIEW
360.47,0.22282183170318604,0.35426639714845154,velocity_abuse,REVIEW
1213.85,0.20378239452838898,0.36260294719855113,suspicious_device,REVIEW
509.29,0.22144931554794312,0.3883662001612107,velocity_abuse,REVIEW
242.74,0.16566574573516846,0.3758928260146698,Clean,ALLOW
881.8,0.1683560311794281,0.3896571563289667,Clean,ALLOW
943.8,0.38303467631340027,0.42388606106756044,velocity_abuse,REVIEW
240.76,0.29988038539886475,0.3581283038341924,velocity_abuse,REVIEW
312.81,0.2672345042228699,0.3911485726431522,unusual_amount,REVIEW
1004.94,0.4948310852050781,0.40551963390473517,velocity_abuse,REVIEW
985.55,0.45917266607284546,0.400774785971982,suspicious_device,REVIEW
1025.91,0.45256268978118896,0.39178676408416346,velocity_abuse,REVIEW
439.68,0.3904900848865509,0.38599985813753634,suspicious_device,REVIEW
123.26,0.29289183020591736,0.3730531779423454,suspicious_device,REVIEW
572.0,0.17722947895526886,0.37498198346690836,Clean,ALLOW
457.05,0.24511933326721191,0.3482000641476034,velocity_abuse,REVIEW
1053.46,0.403067409992218,0.3825899983658862,velocity_abuse,REVIEW
380.64,0.4753257632255554,0.41364739380585036,suspicious_device,REVIEW
1214.29,0.767511248588562,0.47945307254684216,account_takeover,BLOCK
265.44,0.2960788905620575,0.38365327715804554,velocity_abuse,REVIEW
240.04,0.3442643880844116,0.351228163512726,velocity_abuse,REVIEW
2448.81,0.4571424722671509,0.40396508119450764,unusual_amount,REVIEW
328.53,0.3462877571582794,0.3696291508140132,suspicious_device,REVIEW
892.09,0.2210339456796646,0.390437000044428,unusual_amount,REVIEW
280.61,0.2485511153936386,0.3458132302640102,suspicious_device,REVIEW
697.98,0.25797930359840393,0.3470180208124426,velocity_abuse,REVIEW
847.11,0.1818651258945465,0.4347824187200172,Clean,ALLOW
81.76,0.7401973605155945,0.42679512252074936,velocity_abuse,REVIEW
195.34,0.26207107305526733,0.3625340567428278,suspicious_device,REVIEW
194.11,0.263435035943985,0.36195344905456395,velocity_abuse,REVIEW
260.39,0.26282504200935364,0.35839193582591483,velocity_abuse,REVIEW
266.49,0.21633745729923248,0.3519155771843804,suspicious_device,REVIEW
241.71,0.2020653635263443,0.35791392112545783,velocity_abuse,REVIEW
330.8,0.2419837862253189,0.35870068954669015,velocity_abuse,REVIEW
235.77,0.2530987858772278,0.3495106416139403,suspicious_device,REVIEW
203.52,0.34199225902557373,0.3824613506610481,velocity_abuse,REVIEW
118.55,0.3156587779521942,0.34337873232792376,suspicious_device,REVIEW
414.75,0.24772801995277405,0.35231247283516387,velocity_abuse,REVIEW
2067.87,0.5849132537841797,0.42537477907945137,unusual_amount,REVIEW
604.18,0.21168197691440582,0.3486384645526179,velocity_abuse,REVIEW
166.85,0.437753826379776,0.411271968818187,suspicious_device,REVIEW
1604.61,0.25642624497413635,0.37444900867235237,suspicious_device,REVIEW
201.38,0.23599937558174133,0.34829240926817306,suspicious_device,REVIEW
68.28,0.37821221351623535,0.3556967863634932,velocity_abuse,REVIEW
405.66,0.4210493266582489,0.3860799477628021,velocity_abuse,REVIEW
140.18,0.36013731360435486,0.3902679297192547,suspicious_device,REVIEW
309.18,0.2095808982849121,0.3622133892640419,velocity_abuse,REVIEW
451.54,0.2596915364265442,0.36249687901626765,velocity_abuse,REVIEW
148.66,0.1759318709373474,0.34460198371557493,Clean,ALLOW
197.74,0.2781333327293396,0.3401520451834963,suspicious_device,REVIEW
448.94,0.23466749489307404,0.34827951043050304,velocity_abuse,REVIEW
189.97,0.5467012524604797,0.41946824227967405,suspicious_device,REVIEW
615.14,0.2760617733001709,0.3472354255015073,velocity_abuse,REVIEW
819.38,0.22325056791305542,0.3574337105789147,velocity_abuse,REVIEW
282.74,0.2860417366027832,0.41138123952090044,suspicious_device,REVIEW
238.99,0.25701817870140076,0.37445021873995826,unusual_amount,REVIEW
253.07,0.6339644193649292,0.38576403216851207,suspicious_device,REVIEW
910.66,0.2491101175546646,0.35762386176843314,velocity_abuse,REVIEW
609.01,0.2270195335149765,0.3344400050397961,suspicious_device,REVIEW
568.33,0.17994047701358795,0.34694104439867063,Clean,ALLOW
801.22,0.23684626817703247,0.3504271278150288,velocity_abuse,REVIEW
192.45,0.2635127902030945,0.35883246807992736,suspicious_device,REVIEW
332.08,0.2112165242433548,0.39240806136609035,suspicious_device,REVIEW
240.59,0.21581071615219116,0.42159261296874345,unusual_amount,REVIEW
384.6,0.2232624590396881,0.33635529861914865,velocity_abuse,REVIEW
465.15,0.3883674144744873,0.39045924445773345,velocity_abuse,REVIEW
1867.78,0.22541359066963196,0.37285308435035086,unusual_amount,REVIEW
148.87,0.14888736605644226,0.3515358006869535,Clean,ALLOW
189.84,0.24461409449577332,0.3615273451353225,suspicious_device,REVIEW
124.81,0.24243272840976715,0.3389869625814903,suspicious_device,REVIEW
118.98,0.25877657532691956,0.3538972006681747,suspicious_device,REVIEW
2217.62,0.35638052225112915,0.3778762702096493,suspicious_device,REVIEW
93.82,0.24857810139656067,0.3789637137615137,velocity_abuse,REVIEW
606.53,0.17314645648002625,0.34309805348813693,Clean,ALLOW
656.49,0.2740468978881836,0.3529430248206754,velocity_abuse,REVIEW
273.29,0.20546579360961914,0.3653391072156389,velocity_abuse,REVIEW
190.45,0.23347388207912445,0.34377255687272756,suspicious_device,REVIEW
506.43,0.6511069536209106,0.39325011657720027,suspicious_device,REVIEW
114.68,0.34457385540008545,0.3638905884426988,velocity_abuse,REVIEW
237.51,0.20585905015468597,0.3466033476348251,suspicious_device,REVIEW
446.57,0.19850222766399384,0.3598081883994273,Clean,ALLOW
507.99,0.19303618371486664,0.33803018367426163,Clean,ALLOW
123.92,0.21541866660118103,0.3350419277259077,suspicious_device,REVIEW
158.58,0.4083874523639679,0.3777707710285074,suspicious_device,REVIEW
452.99,0.20432060956954956,0.35043587415552335,velocity_abuse,REVIEW
205.91,0.23114843666553497,0.3630673354424618,suspicious_device,REVIEW
36.84,0.2696514129638672,0.3469546667902321,velocity_abuse,REVIEW
1001.96,0.25238656997680664,0.36010969693515354,suspicious_device,REVIEW
306.14,0.2696385383605957,0.35899387815773076,velocity_abuse,REVIEW
352.6,0.2829185426235199,0.36303813636209137,suspicious_device,REVIEW
331.08,0.20425604283809662,0.338291480294785,velocity_abuse,REVIEW
802.58,0.21567896008491516,0.34715580849520644,suspicious_device,REVIEW
303.08,0.36346524953842163,0.432330956107555,account_takeover,REVIEW
253.39,0.17604975402355194,0.3584942173023858,Clean,ALLOW
195.13,0.20580725371837616,0.3503133444498321,suspicious_device,REVIEW
238.85,0.2633122503757477,0.34268959468449245,suspicious_device,REVIEW
657.75,0.30027830600738525,0.3694972957098161,suspicious_device,REVIEW
170.13,0.23793603479862213,0.3661965039177211,suspicious_device,REVIEW
423.33,0.18284887075424194,0.35352995383501296,Clean,ALLOW
381.6,0.2979338467121124,0.43351224428686685,suspicious_device,REVIEW
79.65,0.2356327772140503,0.4292934902726443,velocity_abuse,REVIEW
401.99,0.20969049632549286,0.35588662374020114,suspicious_device,REVIEW
1046.11,0.2802315950393677,0.34664483218483594,unusual_amount,REVIEW
151.97,0.17211829125881195,0.34550437375301235,Clean,ALLOW
493.56,0.16864925622940063,0.3666423471921738,Clean,ALLOW
5558.7,0.6275185942649841,0.4550312983444489,unusual_amount,REVIEW
90.92,0.4248022735118866,0.4147091254996997,velocity_abuse,REVIEW
346.73,0.19903036952018738,0.3527904495983479,Clean,ALLOW
676.08,0.1864650547504425,0.3639984917957566,Clean,ALLOW
1030.36,0.2589450478553772,0.34422491620353624,velocity_abuse,REVIEW
1249.76,0.3168722093105316,0.3569854469119708,suspicious_device,REVIEW
181.24,0.23915264010429382,0.371476730209825,suspicious_device,REVIEW
305.11,0.21833516657352448,0.4019009114873472,suspicious_device,REVIEW
84.79,0.4320768713951111,0.3919756867342672,suspicious_device,REVIEW
472.49,0.18708276748657227,0.34171161921284005,Clean,ALLOW
122.83,0.21465066075325012,0.3443877368090886,suspicious_device,REVIEW
165.13,0.35638225078582764,0.41736727409080254,suspicious_device,REVIEW
325.55,0.2120257318019867,0.3506167326565046,suspicious_device,REVIEW
257.63,0.20950862765312195,0.3475105341948298,suspicious_device,REVIEW
327.54,0.1773424744606018,0.35938648570325477,Clean,ALLOW
173.16,0.21679158508777618,0.34624348589447973,suspicious_device,REVIEW
533.12,0.13272687792778015,0.38413999256057424,Clean,ALLOW
1092.06,0.21796710789203644,0.3816002335401571,suspicious_device,REVIEW
213.54,0.22641360759735107,0.34507947578417114,suspicious_device,REVIEW
937.16,0.2542303204536438,0.37973317997924116,velocity_abuse,REVIEW
1233.66,0.2276112288236618,0.4217541414211419,suspicious_device,REVIEW
144.76,0.18772166967391968,0.3858457221377463,Clean,ALLOW
475.12,0.21666082739830017,0.3498612155604252,velocity_abuse,REVIEW
495.47,0.8668093085289001,0.44840861266916243,suspicious_device,BLOCK
567.26,0.19879277050495148,0.3484891173717362,Clean,ALLOW
146.67,0.1434187889099121,0.3904851403034199,Clean,ALLOW
450.46,0.1684877872467041,0.38820839345522096,Clean,ALLOW
1332.42,0.5328295230865479,0.4498823169666385,suspicious_device,REVIEW
183.47,0.3928874135017395,0.41959712400465426,suspicious_device,REVIEW
482.06,0.18786956369876862,0.38568772943132296,Clean,ALLOW
376.06,0.22735276818275452,0.385136104622894,suspicious_device,REVIEW
109.48,0.27984827756881714,0.3614817783192229,velocity_abuse,REVIEW
847.12,0.302024245262146,0.4371565365960515,suspicious_device,REVIEW
1790.63,0.2585635781288147,0.3839595313247761,suspicious_device,REVIEW
307.08,0.24432364106178284,0.39168175828647217,velocity_abuse,REVIEW
370.91,0.19972749054431915,0.3762261222219197,Clean,ALLOW
374.64,0.20801618695259094,0.3654641656530509,velocity_abuse,REVIEW
1796.23,0.45502787828445435,0.4621743670685405,unusual_amount,REVIEW
92.51,0.236970454454422,0.36909404289594844,suspicious_device,REVIEW
241.01,0.24792981147766113,0.36595177341326157,suspicious_device,REVIEW
726.06,0.19087553024291992,0.39480015317839035,Clean,ALLOW
152.83,0.17146427929401398,0.3954601979561718,Clean,ALLOW
254.96,0.17804835736751556,0.40370853855880795,Clean,ALLOW
746.73,0.24113120138645172,0.3885755866936222,velocity_abuse,REVIEW
1016.23,0.22135978937149048,0.40223035338294144,suspicious_device,REVIEW
330.09,0.5415413975715637,0.3963646408339632,suspicious_device,REVIEW
580.57,0.22952349483966827,0.3928955378591865,suspicious_device,REVIEW
195.92,0.23630499839782715,0.3732708009010405,suspicious_device,REVIEW
2158.05,0.16640369594097137,0.4169513573167279,Clean,ALLOW
973.28,0.25212281942367554,0.38305892388702223,suspicious_device,REVIEW
597.72,0.1721552312374115,0.39634437786512106,Clean,ALLOW
412.33,0.14459969103336334,0.3927845074056172,Clean,ALLOW
258.74,0.45824629068374634,0.4381733280774791,velocity_abuse,REVIEW
196.15,0.3296504318714142,0.4200470240800296,velocity_abuse,REVIEW
121.17,0.21429923176765442,0.40102632642878105,suspicious_device,REVIEW
256.18,0.2021508365869522,0.37579257013276796,suspicious_device,REVIEW
200.33,0.21781879663467407,0.3833201334438236,suspicious_device,REVIEW
108.08,0.2431095540523529,0.3826477800377373,suspicious_device,REVIEW
309.53,0.22113706171512604,0.3574338131970822,suspicious_device,REVIEW
167.95,0.21251943707466125,0.3979218018203995,suspicious_device,REVIEW
174.97,0.2697220742702484,0.40149180280252683,velocity_abuse,REVIEW
1018.87,0.4977559745311737,0.43152563191670207,suspicious_device,REVIEW
613.58,0.21429012715816498,0.40099110174114666,suspicious_device,REVIEW
6269.22,0.7572771906852722,0.4319899671395513,unusual_amount,BLOCK
105.05,0.656955897808075,0.45899484642677824,velocity_abuse,REVIEW
239.89,0.227238267660141,0.4025030410556967,suspicious_device,REVIEW
416.2,0.21607577800750732,0.3594474265541622,velocity_abuse,REVIEW
251.7,0.2298698127269745,0.3826477800377373,suspicious_device,REVIEW
209.45,0.21629391610622406,0.3833043748131808,suspicious_device,REVIEW
845.89,0.22440113127231598,0.3942423061377271,suspicious_device,REVIEW
433.15,0.1394820511341095,0.4503737845070881,Clean,ALLOW
540.72,0.17508041858673096,0.4160875557137646,Clean,ALLOW
906.89,0.28575101494789124,0.38730801208420923,suspicious_device,REVIEW
153.67,0.14382591843605042,0.3588533793331757,Clean,ALLOW
262.06,0.18512360751628876,0.39408490262265905,Clean,ALLOW
324.39,0.3493202328681946,0.40591564513469375,velocity_abuse,REVIEW
288.63,0.7806330919265747,0.4379696136723158,account_takeover,BLOCK
362.59,0.21518777310848236,0.3695506188350693,suspicious_device,REVIEW
164.68,0.11569362878799438,0.48668419105010013,Clean,ALLOW
457.31,0.19914555549621582,0.369854847247813,Clean,ALLOW
414.73,0.22844131290912628,0.39832083630359727,suspicious_device,REVIEW
154.98,0.15436415374279022,0.3850250508152997,Clean,ALLOW
496.85,0.2567954361438751,0.3966567881903911,velocity_abuse,REVIEW
472.6,0.19974784553050995,0.36967660163094396,Clean,ALLOW
669.04,0.2028162032365799,0.38392358936374293,suspicious_device,REVIEW
1006.32,0.27517497539520264,0.37703874990888914,suspicious_device,REVIEW
214.12,0.27931973338127136,0.4149995214365121,velocity_abuse,REVIEW
1220.06,0.29612284898757935,0.40016070298367556,velocity_abuse,REVIEW
48.59,0.2069525122642517,0.36651097337212274,suspicious_device,REVIEW
424.59,0.7762798070907593,0.463149788696851,account_takeover,BLOCK
140.86,0.1743987500667572,0.40066155025181815,Clean,ALLOW
1755.4,0.26993149518966675,0.3913842287374403,suspicious_device,REVIEW
483.71,0.22340267896652222,0.4118136556686196,velocity_abuse,REVIEW
318.18,0.24340605735778809,0.40572114186404584,suspicious_device,REVIEW
176.88,0.26523536443710327,0.39789081697113643,suspicious_device,REVIEW
280.72,0.19529522955417633,0.39941437762190013,Clean,ALLOW
137.08,0.5929077863693237,0.4708387771173394,suspicious_device,REVIEW
298.27,0.24748274683952332,0.4144756021174589,velocity_abuse,REVIEW
111.1,0.33052369952201843,0.44167113093485766,suspicious_device,REVIEW
858.1,0.25400596857070923,0.3746917678891066,velocity_abuse,REVIEW
1352.47,0.36382922530174255,0.4064139255811287,suspicious_device,REVIEW
521.5,0.23948043584823608,0.36772374583349987,velocity_abuse,REVIEW
154.76,0.12510859966278076,0.41472264914390544,Clean,ALLOW
241.27,0.2246641218662262,0.3926503214203625,suspicious_device,REVIEW
449.43,0.22272948920726776,0.3700024188791684,velocity_abuse,REVIEW
905.08,0.33222129940986633,0.4793844478778083,velocity_abuse,REVIEW
226.27,0.17905835807323456,0.4348025375046622,Clean,ALLOW
235.88,0.21653828024864197,0.46504891065301285,velocity_abuse,REVIEW
129.95,0.19068603217601776,0.4452206263114468,Clean,ALLOW
95.24,0.27713456749916077,0.4429599732053735,velocity_abuse,REVIEW
522.59,0.293257474899292,0.420369323136901,velocity_abuse,REVIEW
556.15,0.2311030775308609,0.41931812223479376,velocity_abuse,REVIEW
116.29,0.4170988202095032,0.4030691836775148,velocity_abuse,REVIEW
580.55,0.5846894383430481,0.4917679121398484,account_takeover,REVIEW
199.99,0.2514531910419464,0.3988119569921704,velocity_abuse,REVIEW
818.08,0.28624609112739563,0.37700348810477813,velocity_abuse,REVIEW
552.91,0.28734225034713745,0.45744309882887063,velocity_abuse,REVIEW
165.42,0.2630051374435425,0.37957429339002213,suspicious_device,REVIEW
819.91,0.31234070658683777,0.39433929389674227,velocity_abuse,REVIEW
223.66,0.2046448439359665,0.4375225478256918,unusual_amount,REVIEW
77.73,0.6348797678947449,0.44464750229374883,velocity_abuse,REVIEW
544.63,0.287626177072525,0.37243787725482996,velocity_abuse,REVIEW
233.35,0.29817965626716614,0.37953181256054547,velocity_abuse,REVIEW
626.13,0.43165045976638794,0.4555011143318045,account_takeover,REVIEW
698.05,0.3761945962905884,0.3701025135450066,velocity_abuse,REVIEW
563.57,0.2788117825984955,0.3751812522817821,velocity_abuse,REVIEW
164.07,0.3120113015174866,0.38525707420871835,suspicious_device,REVIEW
200.13,0.2589436173439026,0.3704774781531174,velocity_abuse,REVIEW
222.74,0.2678185701370239,0.3839047603819059,velocity_abuse,REVIEW
585.62,0.5253560543060303,0.45457696860085894,velocity_abuse,REVIEW
585.59,0.1935691088438034,0.35947176176098966,Clean,ALLOW
368.46,0.25429749488830566,0.3494950433035773,velocity_abuse,REVIEW
168.88,0.3430212736129761,0.39688425049798715,unusual_amount,REVIEW
958.98,0.26317745447158813,0.363108611571061,suspicious_device,REVIEW
207.0,0.23907962441444397,0.3828145174895529,velocity_abuse,REVIEW
402.48,0.25901076197624207,0.35503200514149813,velocity_abuse,REVIEW
339.4,0.25446605682373047,0.3728603445533667,velocity_abuse,REVIEW
301.97,0.2559884190559387,0.35693727487855503,suspicious_device,REVIEW
922.65,0.25263530015945435,0.37843211385052566,velocity_abuse,REVIEW
587.14,0.28384414315223694,0.36685875351917546,unusual_amount,REVIEW
62.75,0.5112139582633972,0.3847460667485164,velocity_abuse,REVIEW
207.81,0.2571678161621094,0.38190432224385085,suspicious_device,REVIEW
1041.44,0.4776364266872406,0.40312032611908893,suspicious_device,REVIEW
460.81,0.2218032032251358,0.3646834469795605,velocity_abuse,REVIEW
2110.63,0.22487717866897583,0.44746269613651274,unusual_amount,REVIEW
1359.57,0.27639520168304443,0.40849109968209635,unusual_amount,REVIEW
1830.75,0.22437681257724762,0.4474240451283978,unusual_amount,REVIEW
152.9,0.2769867479801178,0.42816879492399607,velocity_abuse,REVIEW
877.22,0.2656649947166443,0.35579243086685836,suspicious_device,REVIEW
783.45,0.3204283118247986,0.36998881812864115,unusual_amount,REVIEW
381.14,0.2540946900844574,0.37045365654376944,velocity_abuse,REVIEW
102.85,0.32741832733154297,0.4085632667229807,suspicious_device,REVIEW
134.95,0.5218686461448669,0.42227731820651465,velocity_abuse,REVIEW
1026.02,0.7753853797912598,0.4720934845077897,account_takeover,BLOCK
311.54,0.24890895187854767,0.35436242972342935,velocity_abuse,REVIEW
160.79,0.260936975479126,0.37990833635436566,velocity_abuse,REVIEW
78.55,0.386687695980072,0.3961223263528947,velocity_abuse,REVIEW
529.1,0.22701309621334076,0.35982149011218273,suspicious_device,REVIEW
211.15,0.28073203563690186,0.3566265625989677,velocity_abuse,REVIEW
1737.82,0.2898617088794708,0.3894058688093473,suspicious_device,REVIEW
279.17,0.27677449584007263,0.3603762237599831,unusual_amount,REVIEW
181.11,0.4589494466781616,0.4231241101639841,suspicious_device,REVIEW
1021.91,0.3302863836288452,0.3748743598689941,velocity_abuse,REVIEW
136.63,0.3220544457435608,0.387289931180623,suspicious_device,REVIEW
154.73,0.25270554423332214,0.420642050615922,velocity_abuse,REVIEW
390.08,0.259482741355896,0.3607418596928999,velocity_abuse,REVIEW
326.87,0.3656003773212433,0.3858945693061471,velocity_abuse,REVIEW
462.81,0.35767388343811035,0.38500394104199787,velocity_abuse,REVIEW
868.5,0.272648423910141,0.44379946955013405,velocity_abuse,REVIEW
90.32,0.3455251157283783,0.3532836336050704,velocity_abuse,REVIEW
739.18,0.2720411717891693,0.35442266958188484,suspicious_device,REVIEW
367.36,0.274059534072876,0.35947742687720696,velocity_abuse,REVIEW
1027.13,0.3554851710796356,0.38093773292078525,unusual_amount,REVIEW
297.01,0.3014571964740753,0.3502316463902725,velocity_abuse,REVIEW
1073.16,0.34938207268714905,0.3602692952901598,velocity_abuse,REVIEW
831.48,0.18074852228164673,0.4005282878140608,Clean,ALLOW
532.1,0.2446063607931137,0.35564838863605575,suspicious_device,REVIEW
701.62,0.25647708773612976,0.36001373805959735,velocity_abuse,REVIEW
360.75,0.2712707817554474,0.3588047984653345,suspicious_device,REVIEW
1853.91,0.25718140602111816,0.37184746330123947,suspicious_device,REVIEW
773.79,0.28748413920402527,0.3863275541595639,velocity_abuse,REVIEW
662.09,0.28090402483940125,0.3502975168213787,velocity_abuse,REVIEW
754.09,0.286188006401062,0.34961104010832456,velocity_abuse,REVIEW
268.7,0.3231998383998871,0.38774286233945926,velocity_abuse,REVIEW
377.88,0.20935305953025818,0.372314997750857,suspicious_device,REVIEW
1761.01,0.4405812621116638,0.44646387724959635,suspicious_device,REVIEW
1347.7,0.3504665493965149,0.3716750882806533,suspicious_device,REVIEW
223.68,0.3040746748447418,0.3534119018997529,velocity_abuse,REVIEW
1130.79,0.5330732464790344,0.4158233052502732,suspicious_device,REVIEW
1477.49,0.7307391166687012,0.44574337968303035,account_takeover,REVIEW
233.9,0.2961750626564026,0.3708025474350212,velocity_abuse,REVIEW
753.46,0.24738208949565887,0.35770572353061375,unusual_amount,REVIEW
160.26,0.20311377942562103,0.3726427983164108,suspicious_device,REVIEW
181.67,0.6889786720275879,0.4893445367194024,suspicious_device,REVIEW
1071.57,0.5046526789665222,0.39182954570295864,suspicious_device,REVIEW
157.18,0.22313614189624786,0.36565751045963757,suspicious_device,REVIEW
442.46,0.3737547993659973,0.41065674077333136,suspicious_device,REVIEW
165.25,0.5785804986953735,0.4147213526637637,suspicious_device,REVIEW
1201.55,0.2665401101112366,0.4261655955701179,suspicious_device,REVIEW
465.11,0.16327695548534393,0.4651890932857757,Clean,ALLOW
179.36,0.22186191380023956,0.39634413557344633,suspicious_device,REVIEW
827.27,0.267753541469574,0.3548907459639469,suspicious_device,REVIEW
228.92,0.6407045722007751,0.4189269772081353,suspicious_device,REVIEW
284.89,0.25337377190589905,0.3720980731140699,velocity_abuse,REVIEW
506.62,0.22582677006721497,0.3830783662232697,velocity_abuse,REVIEW
353.91,0.21727587282657623,0.3741024707764407,velocity_abuse,REVIEW
212.73,0.23645421862602234,0.3719442978369484,velocity_abuse,REVIEW
384.75,0.3035668432712555,0.3584503239091206,velocity_abuse,REVIEW
1251.89,0.21084991097450256,0.40177463830658633,suspicious_device,REVIEW
260.19,0.31628015637397766,0.3531416817755256,velocity_abuse,REVIEW
656.57,0.39242005348205566,0.40873518320368574,velocity_abuse,REVIEW
1608.39,0.45520731806755066,0.4376266432733285,suspicious_device,REVIEW
1535.99,0.36482593417167664,0.37116333942956203,suspicious_device,REVIEW
558.91,0.21082749962806702,0.3561064165267666,suspicious_device,REVIEW
230.22,0.18962430953979492,0.3624062078851277,Clean,ALLOW
145.41,0.2358456701040268,0.3532017841948372,suspicious_device,REVIEW
109.5,0.29633212089538574,0.34347944185549767,velocity_abuse,REVIEW
1442.42,0.2596658170223236,0.37116679354587007,unusual_amount,REVIEW
621.99,0.2215617597103119,0.4001700402347696,suspicious_device,REVIEW
1129.21,0.7245435118675232,0.505863401077987,account_takeover,REVIEW
2355.82,0.25834429264068604,0.38347503328674565,unusual_amount,REVIEW
165.52,0.27216020226478577,0.3494604704426781,suspicious_device,REVIEW
2386.97,0.5755565762519836,0.4692661563177237,suspicious_device,REVIEW
411.69,0.36566704511642456,0.42367702383157874,velocity_abuse,REVIEW
148.74,0.24920111894607544,0.39279487414890246,velocity_abuse,REVIEW
416.98,0.5627109408378601,0.46797490748151804,account_takeover,REVIEW
144.1,0.6439172029495239,0.507812034487894,suspicious_device,REVIEW
184.73,0.38304510712623596,0.4821303921732867,suspicious_device,REVIEW
296.57,0.19369661808013916,0.4127465812923061,Clean,ALLOW
117.62,0.2854124903678894,0.348272559743136,suspicious_device,REVIEW
200.0,0.2906480133533478,0.36294232500310575,velocity_abuse,REVIEW
280.27,0.4892195165157318,0.4531236306757532,suspicious_device,REVIEW
167.08,0.32943886518478394,0.3587602195619225,suspicious_device,REVIEW
1754.91,0.2713925242424011,0.3595647611393788,suspicious_device,REVIEW
197.84,0.6294073462486267,0.41920029742693826,suspicious_device,REVIEW
193.27,0.37276598811149597,0.4269932042369727,suspicious_device,REVIEW
1452.58,0.5478042364120483,0.4132924394173539,suspicious_device,REVIEW
105.19,0.3462773561477661,0.35881732730561294,suspicious_device,REVIEW
1064.17,0.5148900747299194,0.42063708369684516,unusual_amount,REVIEW
216.19,0.24799595773220062,0.3481868019683838,velocity_abuse,REVIEW
329.62,0.2207789421081543,0.34398074786242805,suspicious_device,REVIEW
458.11,0.4850478768348694,0.4097823074412864,suspicious_device,REVIEW
788.63,0.3247007429599762,0.3620092280173165,suspicious_device,REVIEW
212.31,0.4784379303455353,0.4069792955950051,suspicious_device,REVIEW
899.95,0.3083638846874237,0.3522814719562495,velocity_abuse,REVIEW
554.93,0.2102261185646057,0.34729722120486656,velocity_abuse,REVIEW
135.99,0.23130439221858978,0.4072341058792593,suspicious_device,REVIEW
331.51,0.2611120641231537,0.35701890014354914,suspicious_device,REVIEW
890.25,0.3863874077796936,0.3971318422899311,suspicious_device,REVIEW
399.16,0.2224336862564087,0.3850178781418857,suspicious_device,REVIEW
472.28,0.5905974507331848,0.40504771288451386,suspicious_device,REVIEW
212.91,0.32857412099838257,0.4123783285018979,suspicious_device,REVIEW
1364.35,0.3577372431755066,0.3823100189975726,velocity_abuse,REVIEW
408.9,0.23432865738868713,0.3512874138336717,suspicious_device,REVIEW
383.97,0.18612858653068542,0.42995918900544294,Clean,ALLOW
328.1,0.26244136691093445,0.38697295721172936,velocity_abuse,REVIEW
1428.9,0.49820977449417114,0.4348941002485045,suspicious_device,REVIEW
170.78,0.23305480182170868,0.3628976760809665,suspicious_device,REVIEW
86.28,0.2578337490558624,0.3491502388798141,velocity_abuse,REVIEW
280.55,0.40531548857688904,0.42540025349395494,suspicious_device,REVIEW
1307.23,0.22685298323631287,0.37829898752574687,suspicious_device,REVIEW
260.85,0.49372825026512146,0.4070634483627271,account_takeover,REVIEW
317.81,0.2076472043991089,0.3730856785586012,suspicious_device,REVIEW
1091.97,0.2694211006164551,0.3770105480176187,velocity_abuse,REVIEW
117.91,0.33541783690452576,0.3699975976405309,suspicious_device,REVIEW
527.57,0.24468350410461426,0.4152889376275197,velocity_abuse,REVIEW
1284.6,0.28574347496032715,0.37836280634859404,velocity_abuse,REVIEW
976.71,0.3357981741428375,0.36944934002313656,velocity_abuse,REVIEW
110.41,0.261895090341568,0.3685951348992836,velocity_abuse,REVIEW
917.9,0.2156420350074768,0.3714604793523254,suspicious_device,REVIEW
1487.74,0.3149872422218323,0.3728324722531429,suspicious_device,REVIEW
77.34,0.36309608817100525,0.3778421460917055,velocity_abuse,REVIEW
483.49,0.18239767849445343,0.3647390904926718,Clean,ALLOW
162.36,0.33691710233688354,0.36944522978859506,velocity_abuse,REVIEW
298.27,0.2188015878200531,0.38370560298093664,velocity_abuse,REVIEW
349.91,0.24515660107135773,0.3632242669007964,velocity_abuse,REVIEW
248.42,0.2067609578371048,0.36261979474388234,suspicious_device,REVIEW
424.12,0.6314104199409485,0.4522710005976242,account_takeover,REVIEW
515.4,0.2571501135826111,0.3843955398156339,account_takeover,REVIEW
318.02,0.17183831334114075,0.40373544398371874,Clean,ALLOW
294.99,0.4608469307422638,0.4310139713984246,suspicious_device,REVIEW
250.73,0.24733173847198486,0.39686911790158075,velocity_abuse,REVIEW
129.64,0.2379898726940155,0.37725528801264335,suspicious_device,REVIEW
335.65,0.16967758536338806,0.3917408692593266,Clean,ALLOW
438.28,0.8445228338241577,0.5201888092409588,account_takeover,BLOCK
1440.48,0.2407139092683792,0.4312091678079555,suspicious_device,REVIEW
542.02,0.1938469111919403,0.40216791185885564,Clean,ALLOW
233.94,0.5417484641075134,0.4501205387203693,suspicious_device,REVIEW
276.54,0.23676012456417084,0.3848152996492101,velocity_abuse,REVIEW
112.3,0.2710191011428833,0.42400820806854567,velocity_abuse,REVIEW
252.71,0.3721158802509308,0.43735932192574656,velocity_abuse,REVIEW
1043.05,0.24909420311450958,0.4314251836623347,velocity_abuse,REVIEW
359.97,0.39477384090423584,0.4535569249086347,suspicious_device,REVIEW
235.77,0.8503721356391907,0.5026484394251906,account_takeover,BLOCK
483.8,0.26234063506126404,0.3920626402241822,suspicious_device,REVIEW
126.9,0.4616348445415497,0.4725084811405718,account_takeover,REVIEW
154.75,0.29291829466819763,0.42197142393703274,suspicious_device,REVIEW
406.64,0.6205505132675171,0.46305052986255857,suspicious_device,REVIEW
650.82,0.20215971767902374,0.39802684287251205,suspicious_device,REVIEW
364.55,0.2121320217847824,0.3711300876138596,suspicious_device,REVIEW
470.47,0.37270066142082214,0.468201949169592,suspicious_device,REVIEW
284.36,0.21287643909454346,0.38117732417313627,suspicious_device,REVIEW
539.46,0.24447064101696014,0.46012228218274737,unusual_amount,REVIEW
250.49,0.23213233053684235,0.3898563721482378,suspicious_device,REVIEW
189.63,0.23957958817481995,0.4008241520626648,suspicious_device,REVIEW
360.04,0.3108489513397217,0.4044608240391332,velocity_abuse,REVIEW
779.0,0.2110040932893753,0.3978994693374267,suspicious_device,REVIEW
58.78,0.23042327165603638,0.4017602778448432,velocity_abuse,REVIEW
182.15,0.3203040063381195,0.3932919168863467,suspicious_device,REVIEW
1286.63,0.40725240111351013,0.4316906653611637,suspicious_device,REVIEW
1131.82,0.22238001227378845,0.45046905084040534,unusual_amount,REVIEW
215.78,0.26407355070114136,0.4193070117132796,suspicious_device,REVIEW
288.96,0.23332098126411438,0.37917633358026476,suspicious_device,REVIEW
291.64,0.2502104938030243,0.3753467247144084,velocity_abuse,REVIEW
1408.55,0.3767356276512146,0.4069717463195227,velocity_abuse,REVIEW
2384.63,0.4945394694805145,0.4498291181875694,unusual_amount,REVIEW
100.31,0.3212072253227234,0.3860238765038743,velocity_abuse,REVIEW
898.6,0.24355067312717438,0.4178886025379321,velocity_abuse,REVIEW
391.71,0.23140551149845123,0.3797400868327173,suspicious_device,REVIEW
71.16,0.5104378461837769,0.47203864003347923,account_takeover,REVIEW
222.75,0.2661053538322449,0.3760927807664815,suspicious_device,REVIEW
95.92,0.24766308069229126,0.3930043463840727,velocity_abuse,REVIEW
342.95,0.21037442982196808,0.3908532812406028,suspicious_device,REVIEW
776.66,0.2455591857433319,0.38898858393773544,suspicious_device,REVIEW
900.07,0.5555158853530884,0.4559347909741066,velocity_abuse,REVIEW
349.89,0.22763030230998993,0.407397783200697,velocity_abuse,REVIEW
881.96,0.2945592403411865,0.39944594530942956,velocity_abuse,REVIEW
218.24,0.24152885377407074,0.39787578360742776,velocity_abuse,REVIEW
500.0,0.203861802816391,0.39389156864870534,suspicious_device,REVIEW
1193.67,0.5599544644355774,0.5164419718456187,suspicious_device,REVIEW
349.42,0.27553752064704895,0.3828689210543975,suspicious_device,REVIEW
1746.74,0.25617289543151855,0.3848714386940097,suspicious_device,REVIEW
416.1,0.6741750836372375,0.45791672153811236,suspicious_device,REVIEW
1759.01,0.3044129014015198,0.4143670465822725,suspicious_device,REVIEW
579.72,0.1934308558702469,0.4135815550185413,Clean,ALLOW
1028.02,0.5286669135093689,0.4453259325223801,suspicious_device,REVIEW
193.47,0.4844759404659271,0.4547191692867732,suspicious_device,REVIEW
78.71,0.4030994772911072,0.42722905665732663,unusual_amount,REVIEW
112.74,0.35758379101753235,0.38607459310675685,velocity_abuse,REVIEW
192.32,0.2317316085100174,0.4418642363840499,suspicious_device,REVIEW
613.94,0.23651713132858276,0.4135305938615918,suspicious_device,REVIEW
668.5,0.28860414028167725,0.4099933043539677,suspicious_device,REVIEW
153.18,0.21043112874031067,0.5118170940621813,account_takeover,REVIEW
208.59,0.21757479012012482,0.40502759044439685,velocity_abuse,REVIEW
409.23,0.26132097840309143,0.40802970001696587,velocity_abuse,REVIEW
554.76,0.4485126733779907,0.4496637695323401,velocity_abuse,REVIEW
1089.67,0.2858940064907074,0.4372807400504192,velocity_abuse,REVIEW
144.27,0.1891985535621643,0.4384280131328103,Clean,ALLOW
309.52,0.22416266798973083,0.3677027094191739,velocity_abuse,REVIEW
133.83,0.3844241797924042,0.44439421560956543,suspicious_device,REVIEW
904.5,0.21656659245491028,0.3729869723531796,velocity_abuse,REVIEW
394.88,0.23617970943450928,0.37046014299980634,suspicious_device,REVIEW
340.55,0.4059699773788452,0.41313890004189097,velocity_abuse,REVIEW
1467.75,0.22833557426929474,0.406508311874529,suspicious_device,REVIEW
239.48,0.21340084075927734,0.3849119226018416,velocity_abuse,REVIEW
171.69,0.2611813247203827,0.3816798861782041,suspicious_device,REVIEW
83.78,0.28672686219215393,0.38225547375407215,suspicious_device,REVIEW
226.52,0.6990750432014465,0.4438422756568417,account_takeover,REVIEW
222.23,0.24354100227355957,0.37889272848232636,suspicious_device,REVIEW
696.4,0.2540890574455261,0.36486926492791893,unusual_amount,REVIEW
142.34,0.3023257553577423,0.40257536751217354,suspicious_device,REVIEW
239.34,0.23104627430438995,0.3805108671359519,suspicious_device,REVIEW
280.84,0.2249031811952591,0.37285127806980933,suspicious_device,REVIEW
221.44,0.2453363984823227,0.3930121092289298,suspicious_device,REVIEW
335.09,0.32126614451408386,0.4298432865884044,suspicious_device,REVIEW
558.62,0.2193225622177124,0.36811195987020184,velocity_abuse,REVIEW
355.15,0.21172404289245605,0.36011705205727645,suspicious_device,REVIEW
87.88,0.33488786220550537,0.39217801649387146,velocity_abuse,REVIEW
487.36,0.19613203406333923,0.37002602551761427,Clean,ALLOW
82.73,0.3237427771091461,0.381284443672171,suspicious_device,REVIEW
2161.76,0.30486708879470825,0.382506966374896,unusual_amount,REVIEW
436.55,0.3558407425880432,0.4012679113545056,velocity_abuse,REVIEW
530.57,0.2870749533176422,0.4000797277759371,velocity_abuse,REVIEW
118.36,0.2636722922325134,0.3811038495512429,suspicious_device,REVIEW
1756.3,0.29891207814216614,0.3862885576914451,suspicious_device,REVIEW
247.16,0.2120082825422287,0.36058984584117904,suspicious_device,REVIEW
500.27,0.15786738693714142,0.38119392768990334,Clean,ALLOW
622.96,0.6654775738716125,0.4175051898572937,account_takeover,REVIEW
960.96,0.8366338610649109,0.45285330799449236,account_takeover,BLOCK
1117.83,0.4900906980037689,0.43772352345772564,account_takeover,REVIEW
1288.88,0.3009662628173828,0.38195167341163133,velocity_abuse,REVIEW
148.79,0.1756582409143448,0.3591190501648809,Clean,ALLOW
387.74,0.3146154284477234,0.4465053460532081,suspicious_device,REVIEW
550.43,0.24518108367919922,0.3888078673787556,velocity_abuse,REVIEW
170.02,0.22270187735557556,0.3486601337161895,suspicious_device,REVIEW
342.96,0.2016390562057495,0.35123754462427265,suspicious_device,REVIEW
519.97,0.782529354095459,0.48829297968273044,velocity_abuse,BLOCK
333.28,0.15757079422473907,0.36698984145038294,Clean,ALLOW
574.11,0.20947995781898499,0.3786652853947033,suspicious_device,REVIEW
697.31,0.2528569996356964,0.36364416710307873,suspicious_device,REVIEW
630.41,0.2732749581336975,0.36498638793024474,velocity_abuse,REVIEW
1818.65,0.17957265675067902,0.39674223798553676,Clean,ALLOW
1452.94,0.23725076019763947,0.39147357083108497,unusual_amount,REVIEW
527.28,0.20588326454162598,0.3684715408812488,velocity_abuse,REVIEW
52.87,0.2082514762878418,0.36761549387511816,unusual_amount,REVIEW
160.01,0.2607698142528534,0.36934923327564906,suspicious_device,REVIEW
756.68,0.23496851325035095,0.3548334438116443,velocity_abuse,REVIEW
62.63,0.3735680878162384,0.3547601299121453,suspicious_device,REVIEW
447.87,0.3140760064125061,0.4175467815154971,velocity_abuse,REVIEW
814.02,0.2511541545391083,0.3888680327986798,unusual_amount,REVIEW
39.29,0.23148445785045624,0.3790687390665403,suspicious_device,REVIEW
83.26,0.29112786054611206,0.3770745884942479,suspicious_device,REVIEW
164.0,0.2402496337890625,0.3736416973860858,suspicious_device,REVIEW
306.09,0.3493654131889343,0.4093117247264316,suspicious_device,REVIEW
286.62,0.34248390793800354,0.3781445266766926,suspicious_device,REVIEW
248.4,0.20397767424583435,0.3564480154734454,suspicious_device,REVIEW
157.5,0.2169712334871292,0.37067601087853663,suspicious_device,REVIEW
238.3,0.2882271409034729,0.3872123186578194,unusual_amount,REVIEW
684.69,0.2550727427005768,0.3653697120155389,suspicious_device,REVIEW
180.9,0.23994259536266327,0.35483593779387795,suspicious_device,REVIEW
212.98,0.2119826078414917,0.4077699282185337,suspicious_device,REVIEW
1261.07,0.46347907185554504,0.47288746579726115,velocity_abuse,REVIEW
138.35,0.26426956057548523,0.3736416973860858,suspicious_device,REVIEW
286.91,0.22215811908245087,0.3532259554851448,suspicious_device,REVIEW
748.27,0.3874201476573944,0.39202193821719794,unusual_amount,REVIEW
314.41,0.3647485375404358,0.4024196145283526,suspicious_device,REVIEW
543.75,0.19337622821331024,0.4282661713049907,Clean,ALLOW
177.91,0.30431777238845825,0.3620876644585496,suspicious_device,REVIEW
317.68,0.21663470566272736,0.3786083071000479,suspicious_device,REVIEW
1996.3,0.14809566736221313,0.43705092166434517,Clean,ALLOW
558.55,0.18973934650421143,0.36519376391678654,Clean,ALLOW
70.77,0.28679779171943665,0.35808555906967876,velocity_abuse,REVIEW
85.53,0.4305725395679474,0.4063746000952861,unusual_amount,REVIEW
588.99,0.18963266909122467,0.36420509706993437,Clean,ALLOW
585.61,0.2625889778137207,0.3643326477122447,suspicious_device,REVIEW
163.09,0.2406884878873825,0.3709586874675817,suspicious_device,REVIEW
1926.54,0.26686418056488037,0.4114400994770077,unusual_amount,REVIEW
160.95,0.22237420082092285,0.40199877066797707,unusual_amount,REVIEW
196.47,0.22984857857227325,0.35988338280444354,suspicious_device,REVIEW
349.85,0.1944156438112259,0.38121131603318603,Clean,ALLOW
253.98,0.21651700139045715,0.3597184538548101,suspicious_device,REVIEW
604.3,0.18769142031669617,0.36061164070739227,Clean,ALLOW
178.64,0.23475317656993866,0.3749974965804466,suspicious_device,REVIEW
822.08,0.24442079663276672,0.40884103319726,velocity_abuse,REVIEW
267.66,0.1959315836429596,0.36294634673626885,Clean,ALLOW
706.2,0.23071256279945374,0.3554688236044907,velocity_abuse,REVIEW
147.6,0.8422728180885315,0.4732793732619844,suspicious_device,BLOCK
115.98,0.564254105091095,0.4539197802747041,unusual_amount,REVIEW
210.9,0.19524116814136505,0.35320133776009266,Clean,ALLOW
427.05,0.177470400929451,0.3486504773343087,Clean,ALLOW
198.81,0.2124013602733612,0.3533302031455938,suspicious_device,REVIEW
198.15,0.2170783281326294,0.3504492112573135,suspicious_device,REVIEW
539.31,0.5004591941833496,0.4786965919413924,account_takeover,REVIEW
175.37,0.21370829641819,0.359376450295725,suspicious_device,REVIEW
571.1,0.7433040142059326,0.46666864410695696,account_takeover,REVIEW
1199.24,0.2340041548013687,0.3830607643399566,suspicious_device,REVIEW
174.8,0.417682409286499,0.40561988630546536,suspicious_device,REVIEW
644.12,0.4540332853794098,0.41483067565511184,suspicious_device,REVIEW
126.72,0.2199975848197937,0.351903577239421,suspicious_device,REVIEW
511.35,0.17648980021476746,0.3661397905121407,Clean,ALLOW
160.19,0.5567978024482727,0.41596175243797384,suspicious_device,REVIEW
988.83,0.28651344776153564,0.38808354909826215,suspicious_device,REVIEW
1242.94,0.33498620986938477,0.4201960527635871,account_takeover,REVIEW
444.74,0.22618786990642548,0.3783215763938374,account_takeover,REVIEW
1389.36,0.38963237404823303,0.3813182914824589,suspicious_device,REVIEW
196.14,0.26723599433898926,0.38361855564703623,unusual_amount,REVIEW
238.63,0.21342352032661438,0.35649083132085935,suspicious_device,REVIEW
132.38,0.2220308482646942,0.35563894778379157,suspicious_device,REVIEW
143.29,0.10475639253854752,0.37530667444397975,Clean,ALLOW
142.2,0.17584635317325592,0.3652049699587351,Clean,ALLOW
349.58,0.21183370053768158,0.3590468095940199,suspicious_device,REVIEW
917.08,0.24737273156642914,0.37756436975643937,suspicious_device,REVIEW
235.26,0.22104761004447937,0.3648829282979359,suspicious_device,REVIEW
231.65,0.44128257036209106,0.4785832057582559,account_takeover,REVIEW
337.22,0.1426817774772644,0.37342694403147386,Clean,ALLOW
1067.86,0.6913040280342102,0.5058152728317923,account_takeover,REVIEW
846.82,0.3942074179649353,0.4384116809934555,velocity_abuse,REVIEW
112.84,0.2656167447566986,0.39047112324352423,suspicious_device,REVIEW
215.75,0.21807129681110382,0.3547714889790288,suspicious_device,REVIEW
1212.01,0.28622928261756897,0.3831457796478105,suspicious_device,REVIEW
309.55,0.8275852203369141,0.4829294849056823,account_takeover,BLOCK
740.62,0.4120161831378937,0.4283222634123247,account_takeover,REVIEW
265.13,0.23417459428310394,0.40164056422873995,velocity_abuse,REVIEW
562.53,0.6139534711837769,0.4310844064307121,account_takeover,REVIEW
424.62,0.19137661159038544,0.3757774816185103,Clean,ALLOW
558.07,0.1947910338640213,0.40293814368666214,Clean,ALLOW
294.67,0.561399519443512,0.4366931078494324,account_takeover,REVIEW
210.9,0.24067910015583038,0.389525972541848,suspicious_device,REVIEW
69.25,0.3165613114833832,0.3944277603971544,suspicious_device,REVIEW
63.72,0.4394279420375824,0.3996371422529937,suspicious_device,REVIEW
120.67,0.2286832332611084,0.38185509088149,suspicious_device,REVIEW
767.17,0.4378698766231537,0.4066593483864272,suspicious_device,REVIEW
542.67,0.16847510635852814,0.3743878614206414,Clean,ALLOW
635.38,0.16746968030929565,0.3906840982068744,Clean,ALLOW
203.05,0.24639764428138733,0.41382215216141444,unusual_amount,REVIEW
80.77,0.34186601638793945,0.40595484417148314,suspicious_device,REVIEW
468.06,0.5441235899925232,0.45256117292033377,account_takeover,REVIEW
189.57,0.24244913458824158,0.39150977699942363,suspicious_device,REVIEW
263.63,0.44896453619003296,0.42668379305145854,suspicious_device,REVIEW
1108.2,0.25717294216156006,0.43207880191916365,velocity_abuse,REVIEW
146.88,0.6172643899917603,0.4763137924307069,account_takeover,REVIEW
373.24,0.22584621608257294,0.4165240871579429,suspicious_device,REVIEW
396.41,0.3147299289703369,0.5059759235118584,account_takeover,REVIEW
243.65,0.25751975178718567,0.3863214593401919,suspicious_device,REVIEW
488.39,0.20459580421447754,0.3822500639586127,suspicious_device,REVIEW
568.67,0.13420209288597107,0.4547050469498829,Clean,ALLOW
161.45,0.24088886380195618,0.3760901456356428,suspicious_device,REVIEW
680.29,0.42033651471138,0.4320439368080019,suspicious_device,REVIEW
136.13,0.1902046501636505,0.41986471933536335,Clean,ALLOW
156.03,0.19010566174983978,0.40293832719310635,Clean,ALLOW
589.24,0.22104224562644958,0.3836949912231856,suspicious_device,REVIEW
1165.93,0.27757084369659424,0.40332704971292777,velocity_abuse,REVIEW
537.59,0.19933220744132996,0.38406215769687724,Clean,ALLOW
428.4,0.1584901362657547,0.3981945576143399,Clean,ALLOW
599.93,0.22806261479854584,0.3908019959353342,velocity_abuse,REVIEW
830.81,0.3578170835971832,0.4857173388063178,velocity_abuse,REVIEW
220.88,0.4765643775463104,0.44447028826608315,suspicious_device,REVIEW
189.44,0.2204623818397522,0.3862903708335239,suspicious_device,REVIEW
230.66,0.2142402082681656,0.39287407534630103,suspicious_device,REVIEW
331.06,0.2101171910762787,0.3824403334726021,suspicious_device,REVIEW
364.84,0.1793849617242813,0.39509485009219814,Clean,ALLOW
347.65,0.21226590871810913,0.40876057088757184,suspicious_device,REVIEW
520.52,0.22669576108455658,0.42831227925996257,velocity_abuse,REVIEW
539.23,0.19323626160621643,0.3946775667889764,Clean,ALLOW
586.11,0.43611934781074524,0.4209672049241206,suspicious_device,REVIEW
406.01,0.19486625492572784,0.3710978097701215,Clean,ALLOW
440.17,0.18944624066352844,0.37199985376719896,Clean,ALLOW
293.45,0.16459617018699646,0.3984749708689646,Clean,ALLOW
182.78,0.2282526195049286,0.40379447303464916,suspicious_device,REVIEW
4983.2,0.6129404306411743,0.48752065931545974,unusual_amount,REVIEW
102.73,0.2942683696746826,0.3752255324918536,suspicious_device,REVIEW
921.68,0.26875802874565125,0.4105114615632835,unusual_amount,REVIEW
557.5,0.17022255063056946,0.3939645718143777,Clean,ALLOW
367.99,0.217799574136734,0.41034160100558564,suspicious_device,REVIEW
155.76,0.17225630581378937,0.38754427726324703,Clean,ALLOW
106.91,0.2569649815559387,0.40195217663220967,suspicious_device,REVIEW
399.44,0.302169531583786,0.4013678591798427,suspicious_device,REVIEW
291.03,0.2156931757926941,0.41495272135505784,suspicious_device,REVIEW
234.58,0.24268624186515808,0.4055574351747333,suspicious_device,REVIEW
639.7,0.2215520143508911,0.37317550771152913,suspicious_device,REVIEW
115.7,0.2411768138408661,0.4727618485864618,unusual_amount,REVIEW
113.0,0.2375197857618332,0.39989357598383546,velocity_abuse,REVIEW
340.52,0.2675248384475708,0.4074214727350268,suspicious_device,REVIEW
294.58,0.1911384016275406,0.39459394554366695,Clean,ALLOW
2400.25,0.2502909004688263,0.41102429793509937,suspicious_device,REVIEW
462.56,0.170704647898674,0.41007136677414924,Clean,ALLOW
165.07,0.8954649567604065,0.5447500433697137,account_takeover,BLOCK
302.95,0.8998735547065735,0.49824775879829275,suspicious_device,BLOCK
217.69,0.28914713859558105,0.4301709234127678,suspicious_device,REVIEW
152.72,0.15379895269870758,0.41901585797008667,Clean,ALLOW
351.43,0.17641553282737732,0.39706268408073725,Clean,ALLOW
783.78,0.20117241144180298,0.3865751887666679,suspicious_device,REVIEW
832.57,0.22436821460723877,0.3902311823632995,velocity_abuse,REVIEW
366.31,0.18337470293045044,0.39499016677926774,Clean,ALLOW
224.71,0.19364255666732788,0.3995226851018418,Clean,ALLOW
354.67,0.20682589709758759,0.4068761268308227,suspicious_device,REVIEW
279.48,0.25812187790870667,0.43358097357528996,suspicious_device,REVIEW
116.82,0.709072470664978,0.5275919858154632,account_takeover,REVIEW
414.89,0.2203858345746994,0.40611873955015787,velocity_abuse,REVIEW
370.69,0.3227941691875458,0.45700603470970214,suspicious_device,REVIEW
188.22,0.2149294763803482,0.4107602348193665,velocity_abuse,REVIEW
357.84,0.17293564975261688,0.378704394528959,Clean,ALLOW
445.13,0.3806607723236084,0.40796068561351256,velocity_abuse,REVIEW
360.71,0.8668413758277893,0.5078250360259672,account_takeover,BLOCK
517.55,0.18956221640110016,0.3692554277109973,Clean,ALLOW
222.15,0.3516158163547516,0.4413728638455061,suspicious_device,REVIEW
1610.14,0.2562140226364136,0.38463974165498666,velocity_abuse,REVIEW
206.79,0.21749739348888397,0.4242756058917523,unusual_amount,REVIEW
209.94,0.19315864145755768,0.3631497137978649,Clean,ALLOW
323.29,0.17602132260799408,0.3718313313534363,Clean,ALLOW
339.74,0.20422928035259247,0.3808371972387713,unusual_amount,REVIEW
73.13,0.4701853096485138,0.4000834287495482,velocity_abuse,REVIEW
593.83,0.27178001403808594,0.35565295560673005,velocity_abuse,REVIEW
418.97,0.21267031133174896,0.3514971660840043,velocity_abuse,REVIEW
429.34,0.2131444364786148,0.3514971660840043,velocity_abuse,REVIEW
2475.04,0.2693505585193634,0.4188220277879583,unusual_amount,REVIEW
810.18,0.24231992661952972,0.38737979499891095,velocity_abuse,REVIEW
165.91,0.23348507285118103,0.37943844959283,suspicious_device,REVIEW
698.51,0.22109819948673248,0.3592518128113446,velocity_abuse,REVIEW
234.25,0.24565720558166504,0.36282269695673197,suspicious_device,REVIEW
139.28,0.28308287262916565,0.367714068269596,unusual_amount,REVIEW
138.02,0.21556472778320312,0.3747170487257196,suspicious_device,REVIEW
966.87,0.2582847774028778,0.36001236388976054,velocity_abuse,REVIEW
277.21,0.2086547315120697,0.3566693588101077,suspicious_device,REVIEW
451.3,0.4956756830215454,0.40782622149753894,unusual_amount,REVIEW
269.39,0.31088683009147644,0.41194083162567985,velocity_abuse,REVIEW
158.47,0.3431173264980316,0.38545788853141316,suspicious_device,REVIEW
1121.05,0.2613263428211212,0.3646007983153519,velocity_abuse,REVIEW
407.47,0.22043168544769287,0.36269083681597947,velocity_abuse,REVIEW
328.78,0.20391146838665009,0.36080226490375666,velocity_abuse,REVIEW
325.54,0.40608450770378113,0.4119648956885628,velocity_abuse,REVIEW
481.6,0.2093297392129898,0.3679151913778033,suspicious_device,REVIEW
98.21,0.2838113605976105,0.411408678210687,unusual_amount,REVIEW
242.52,0.233986496925354,0.35660402855502205,suspicious_device,REVIEW
1165.76,0.7213877439498901,0.4506522010104391,account_takeover,REVIEW
217.32,0.23693467676639557,0.352921291740364,velocity_abuse,REVIEW
110.14,0.30896899104118347,0.3818201290833797,velocity_abuse,REVIEW
121.89,0.24672876298427582,0.3916181946870838,suspicious_device,REVIEW
246.24,0.25159111618995667,0.3516651938242297,suspicious_device,REVIEW
330.31,0.47413375973701477,0.4445041144242169,velocity_abuse,REVIEW
93.21,0.3368067145347595,0.37401984562508583,velocity_abuse,REVIEW
857.92,0.21715207397937775,0.3575474398292449,suspicious_device,REVIEW
815.26,0.2615659236907959,0.4346323295071099,velocity_abuse,REVIEW
496.28,0.21465376019477844,0.36400334897863884,velocity_abuse,REVIEW
120.59,0.19939024746418,0.45416633922794575,Clean,ALLOW
1640.22,0.2677551209926605,0.36025127566116266,suspicious_device,REVIEW
673.88,0.20973840355873108,0.361119271043166,suspicious_device,REVIEW
1059.78,0.16236357390880585,0.4510659213042778,Clean,ALLOW
902.62,0.21408364176750183,0.3598727543935932,suspicious_device,REVIEW
699.83,0.24185413122177124,0.34953095074705504,suspicious_device,REVIEW
327.25,0.22015464305877686,0.3635668022779607,velocity_abuse,REVIEW
171.81,0.22228068113327026,0.36894908566284507,suspicious_device,REVIEW
67.86,0.25811296701431274,0.4582535998906908,suspicious_device,REVIEW
380.03,0.1702643483877182,0.3833618185489353,Clean,ALLOW
343.76,0.17717699706554413,0.3668025151793202,Clean,ALLOW
510.26,0.3656712472438812,0.3859968689877647,velocity_abuse,REVIEW
191.85,0.39779284596443176,0.40394390573565886,suspicious_device,REVIEW
193.38,0.33050552010536194,0.3581455272622561,suspicious_device,REVIEW
139.24,0.667857825756073,0.4061881756435508,suspicious_device,REVIEW
456.91,0.18582774698734283,0.35063684814075013,Clean,ALLOW
682.68,0.38916194438934326,0.39448637110415063,velocity_abuse,REVIEW
997.07,0.2780384421348572,0.37439074664003147,velocity_abuse,REVIEW
20.49,0.299115389585495,0.4081850639098703,velocity_abuse,REVIEW
539.49,0.14845988154411316,0.3719767809672396,Clean,ALLOW
467.44,0.5348289012908936,0.4272769978513949,suspicious_device,REVIEW
333.12,0.22678302228450775,0.42056973584967117,velocity_abuse,REVIEW
287.57,0.27885934710502625,0.35575760683523283,velocity_abuse,REVIEW
1087.21,0.5914481282234192,0.4320630651579952,account_takeover,REVIEW
261.97,0.20986782014369965,0.3597953875365704,suspicious_device,REVIEW
305.45,0.2484869658946991,0.34954933556730855,velocity_abuse,REVIEW
225.81,0.22231121361255646,0.3850379239884601,suspicious_device,REVIEW
90.76,0.2908328175544739,0.385447723160293,velocity_abuse,REVIEW
149.91,0.17387765645980835,0.3671035226127215,Clean,ALLOW
555.75,0.18816952407360077,0.38058509253764405,Clean,ALLOW
394.95,0.18712595105171204,0.3655647177042606,Clean,ALLOW
369.01,0.1917249709367752,0.33739316196234065,Clean,ALLOW
532.87,0.1668156385421753,0.3935160391711571,Clean,ALLOW
366.82,0.47043970227241516,0.41920862322406144,suspicious_device,REVIEW
234.15,0.2463357150554657,0.3783114193265515,suspicious_device,REVIEW
1217.64,0.26353541016578674,0.36350793251108604,suspicious_device,REVIEW
2468.92,0.2800869345664978,0.3671044072992292,unusual_amount,REVIEW
162.88,0.35480889678001404,0.3928935312863658,suspicious_device,REVIEW
297.38,0.2013801485300064,0.3578694329910356,velocity_abuse,REVIEW
1184.02,0.27239084243774414,0.36593191288628607,suspicious_device,REVIEW
59.54,0.33617520332336426,0.3589022230221382,suspicious_device,REVIEW
387.95,0.20370171964168549,0.3557015520616993,velocity_abuse,REVIEW
439.02,0.17630745470523834,0.3678865878306155,Clean,ALLOW
291.93,0.19859595596790314,0.35410385700242814,Clean,ALLOW
173.21,0.24488164484500885,0.3491754480377358,suspicious_device,REVIEW
64.96,0.38872450590133667,0.408189742738997,velocity_abuse,REVIEW
241.98,0.23370090126991272,0.3744369624344844,velocity_abuse,REVIEW
254.05,0.28027108311653137,0.43060785585367317,unusual_amount,REVIEW
342.11,0.35582879185676575,0.40958744336100505,velocity_abuse,REVIEW
2528.83,0.19271031022071838,0.38624706482307886,Clean,ALLOW
985.45,0.2296515703201294,0.3647186842322615,velocity_abuse,REVIEW
145.82,0.4901779890060425,0.42746211581214716,suspicious_device,REVIEW
290.08,0.6402148604393005,0.48540234459719483,account_takeover,REVIEW
1599.82,0.26487094163894653,0.3625040993421596,suspicious_device,REVIEW
203.59,0.2030602991580963,0.35417782638469986,suspicious_device,REVIEW
371.08,0.22249849140644073,0.36735116846159105,suspicious_device,REVIEW
399.96,0.283255010843277,0.38146415710743226,velocity_abuse,REVIEW
117.05,0.2940520644187927,0.38941033076040127,suspicious_device,REVIEW
206.99,0.21822117269039154,0.3459133865799873,suspicious_device,REVIEW
355.69,0.4663350284099579,0.4285758213636748,suspicious_device,REVIEW
419.89,0.4188540577888489,0.4328234638430498,velocity_abuse,REVIEW
481.16,0.19434766471385956,0.34681563173687097,Clean,ALLOW
270.4,0.1935458779335022,0.34046238293105635,Clean,ALLOW
231.22,0.15661129355430603,0.3501825201595412,Clean,ALLOW
704.11,0.271945059299469,0.35184762223849525,suspicious_device,REVIEW
159.72,0.22987039387226105,0.3458700582732691,suspicious_device,REVIEW
611.79,0.229627788066864,0.34150118664620605,velocity_abuse,REVIEW
1289.52,0.2674030065536499,0.3535981173447573,velocity_abuse,REVIEW
680.04,0.21626313030719757,0.35502702441971157,velocity_abuse,REVIEW
590.33,0.22008077800273895,0.35107063045218395,suspicious_device,REVIEW
244.79,0.16595439612865448,0.35844871066838296,Clean,ALLOW
140.42,0.20754268765449524,0.3685231749099838,suspicious_device,REVIEW
312.11,0.4925544857978821,0.4158590785422148,suspicious_device,REVIEW
107.84,0.4959110915660858,0.40502948193583965,suspicious_device,REVIEW
318.91,0.20472146570682526,0.35499675941515146,suspicious_device,REVIEW
225.43,0.21320341527462006,0.3534539123333655,suspicious_device,REVIEW
563.02,0.23662041127681732,0.38358785196308637,suspicious_device,REVIEW
166.28,0.23879346251487732,0.35039271590633936,suspicious_device,REVIEW
853.26,0.19751767814159393,0.365157557528766,Clean,ALLOW
409.49,0.43483442068099976,0.4333662718882185,velocity_abuse,REVIEW
257.96,0.3833983242511749,0.38613388412161825,suspicious_device,REVIEW
93.45,0.27877843379974365,0.3522164322129458,suspicious_device,REVIEW
22.82,0.2627447545528412,0.3956395209888386,unusual_amount,REVIEW
2884.39,0.2546023726463318,0.4601342528846035,suspicious_device,REVIEW
202.37,0.2679826021194458,0.4048408101930809,suspicious_device,REVIEW
60.09,0.28243979811668396,0.3564949104718544,velocity_abuse,REVIEW
78.54,0.3465690314769745,0.3612928158135865,velocity_abuse,REVIEW
27.51,0.3547961115837097,0.4428729975589127,velocity_abuse,REVIEW
718.16,0.251132607460022,0.36542815808326407,velocity_abuse,REVIEW
1496.95,0.26340052485466003,0.3630800500923378,suspicious_device,REVIEW
122.25,0.20985089242458344,0.34947564609132076,suspicious_device,REVIEW
935.68,0.27447834610939026,0.35499236678644047,suspicious_device,REVIEW
198.59,0.29507413506507874,0.3915382379533742,velocity_abuse,REVIEW
358.9,0.17999157309532166,0.3481781499565731,Clean,ALLOW
252.53,0.20342092216014862,0.36836087827215325,suspicious_device,REVIEW
1128.61,0.2225247472524643,0.37594171051928477,velocity_abuse,REVIEW
629.41,0.19744203984737396,0.3574001902895303,Clean,ALLOW
434.9,0.21065393090248108,0.36325526415205617,velocity_abuse,REVIEW
249.27,0.22614260017871857,0.3653810979360084,suspicious_device,REVIEW
36.89,0.47820696234703064,0.5117138254901059,account_takeover,REVIEW
145.46,0.5441729426383972,0.5017151957837543,account_takeover,REVIEW
139.32,0.254477322101593,0.45296374021430263,suspicious_device,REVIEW
392.18,0.1547253429889679,0.36152660196033265,Clean,ALLOW
234.34,0.23476453125476837,0.353747965579661,suspicious_device,REVIEW
354.73,0.5273694396018982,0.4104705006632718,suspicious_device,REVIEW
486.18,0.3534271717071533,0.4421667678703729,velocity_abuse,REVIEW
102.59,0.1897745579481125,0.3514572766079722,Clean,ALLOW
1172.1,0.2720404863357544,0.40855822344423587,velocity_abuse,REVIEW
123.14,0.22936344146728516,0.3507577142323531,suspicious_device,REVIEW
482.79,0.2975872755050659,0.35112528577498214,velocity_abuse,REVIEW
259.83,0.1874457597732544,0.35797958755813986,Clean,ALLOW
267.38,0.2054140716791153,0.36912920312851494,velocity_abuse,REVIEW
449.29,0.23383891582489014,0.36139320828905014,suspicious_device,REVIEW
480.88,0.21349965035915375,0.3647367595765184,velocity_abuse,REVIEW
205.79,0.19036109745502472,0.37557410473897557,Clean,ALLOW
1459.68,0.2714264690876007,0.3683130778621709,velocity_abuse,REVIEW
145.34,0.19624418020248413,0.3943768790720506,Clean,ALLOW
1065.47,0.35634034872055054,0.3785592956948018,suspicious_device,REVIEW
880.71,0.3484739661216736,0.47117818399741634,suspicious_device,REVIEW
287.57,0.20418159663677216,0.3932680447647367,velocity_abuse,REVIEW
268.25,0.23509007692337036,0.385309067495563,velocity_abuse,REVIEW
283.33,0.1969212144613266,0.3799073584371515,Clean,ALLOW
2352.26,0.22906678915023804,0.40767838899607195,suspicious_device,REVIEW
298.23,0.20349393784999847,0.4040643734685681,suspicious_device,REVIEW
213.56,0.2004602700471878,0.39888374135577465,suspicious_device,REVIEW
1037.28,0.5736362934112549,0.4568395894826671,suspicious_device,REVIEW
280.12,0.21532674133777618,0.3852456062993535,suspicious_device,REVIEW
53.61,0.26157519221305847,0.40433821199230624,suspicious_device,REVIEW
210.52,0.19809356331825256,0.38608953638228893,Clean,ALLOW
1416.93,0.48702284693717957,0.45786259086563086,suspicious_device,REVIEW
113.44,0.25825586915016174,0.5025249548328004,unusual_amount,REVIEW
120.83,0.2249222844839096,0.3799561328766378,suspicious_device,REVIEW
469.51,0.5593087077140808,0.4382485620739782,unusual_amount,REVIEW
400.67,0.2348664551973343,0.45368936515432007,velocity_abuse,REVIEW
198.33,0.21223291754722595,0.40007689463087776,suspicious_device,REVIEW
424.39,0.18374955654144287,0.47105149462022905,Clean,ALLOW
320.78,0.17985887825489044,0.3978425644172405,Clean,ALLOW
1009.27,0.2777712941169739,0.3858849616590465,suspicious_device,REVIEW
466.26,0.14923886954784393,0.3904722879467286,Clean,ALLOW
110.1,0.2542582154273987,0.3944540244309024,suspicious_device,REVIEW
277.48,0.20370152592658997,0.3735420421504525,suspicious_device,REVIEW
276.65,0.23421449959278107,0.39160177615858693,velocity_abuse,REVIEW
255.21,0.6429761052131653,0.4219153044600108,suspicious_device,REVIEW
99.16,0.2351958006620407,0.3977266033319009,suspicious_device,REVIEW
217.54,0.22885927557945251,0.38965720448393476,velocity_abuse,REVIEW
180.24,0.23434123396873474,0.38059648968107274,suspicious_device,REVIEW
135.0,0.2085982859134674,0.39251280251827625,suspicious_device,REVIEW
156.26,0.2237837016582489,0.4251646317928032,suspicious_device,REVIEW
487.78,0.2654666602611542,0.4043921157192625,velocity_abuse,REVIEW
672.75,0.3515513241291046,0.4141341141404135,velocity_abuse,REVIEW
201.14,0.31120362877845764,0.42967640093345816,suspicious_device,REVIEW
346.65,0.19653524458408356,0.3947021149238859,Clean,ALLOW
159.13,0.20678460597991943,0.3975222466421964,suspicious_device,REVIEW
595.54,0.23918995261192322,0.39119012568466627,suspicious_device,REVIEW
1006.6,0.2622484564781189,0.37077669158419296,suspicious_device,REVIEW
833.97,0.7605636715888977,0.4882560629191621,account_takeover,BLOCK
131.64,0.7163506150245667,0.48088479063232464,suspicious_device,REVIEW
1752.0,0.29499346017837524,0.45975674749692397,suspicious_device,REVIEW
617.0,0.2361755520105362,0.41008420371938453,velocity_abuse,REVIEW
112.95,0.17070069909095764,0.4031040235884877,Clean,ALLOW
70.22,0.26058703660964966,0.3847771915207115,suspicious_device,REVIEW
650.1,0.3043402135372162,0.45525529567096595,suspicious_device,REVIEW
275.48,0.2087126523256302,0.38716014233478635,suspicious_device,REVIEW
148.14,0.16774511337280273,0.38303930809437214,Clean,ALLOW
154.38,0.13561777770519257,0.39365293406280405,Clean,ALLOW
403.35,0.13631656765937805,0.40712901257475165,Clean,ALLOW
1387.05,0.262876957654953,0.38013604898628595,suspicious_device,REVIEW
222.64,0.21021640300750732,0.37293550516369955,suspicious_device,REVIEW
334.66,0.20684465765953064,0.4197938791020441,velocity_abuse,REVIEW
149.81,0.1296047419309616,0.3762335402432615,Clean,ALLOW
436.76,0.20877757668495178,0.38698948218546275,suspicious_device,REVIEW
208.79,0.2468879371881485,0.3931822846033726,suspicious_device,REVIEW
514.98,0.22237609326839447,0.40351878092051296,velocity_abuse,REVIEW
559.26,0.3819710314273834,0.4571938133355122,suspicious_device,REVIEW
174.25,0.2067977339029312,0.4173971975550191,velocity_abuse,REVIEW
237.07,0.19551284611225128,0.42333578940813105,Clean,ALLOW
2498.26,0.24531151354312897,0.41734525279096457,unusual_amount,REVIEW
819.22,0.2261102795600891,0.3808907015565615,velocity_abuse,REVIEW
251.34,0.2419763058423996,0.39987326505329973,velocity_abuse,REVIEW
612.93,0.1708097606897354,0.3886048310137336,Clean,ALLOW
1127.28,0.4085291922092438,0.4140037185321402,velocity_abuse,REVIEW
799.82,0.20158298313617706,0.36928871173488287,velocity_abuse,REVIEW
257.32,0.20880882441997528,0.3617326619239991,velocity_abuse,REVIEW
100.62,0.25748035311698914,0.3853432380719145,velocity_abuse,REVIEW
1114.48,0.24194380640983582,0.36629807423964456,unusual_amount,REVIEW
1117.17,0.44246867299079895,0.39383822838047433,velocity_abuse,REVIEW
306.39,0.19953617453575134,0.36719161507193837,Clean,ALLOW
463.16,0.6143484711647034,0.4507505312091712,account_takeover,REVIEW
620.26,0.2274717390537262,0.3650302065950564,velocity_abuse,REVIEW
1371.63,0.2914382517337799,0.37129369600582757,velocity_abuse,REVIEW
347.51,0.24691809713840485,0.36925708656167655,velocity_abuse,REVIEW
461.9,0.2177506536245346,0.3578400046020464,velocity_abuse,REVIEW
294.28,0.2819449305534363,0.3659642132760883,velocity_abuse,REVIEW
1070.07,0.2619750201702118,0.3495020465317053,velocity_abuse,REVIEW
529.12,0.1836748570203781,0.3599412525300323,Clean,ALLOW
1020.49,0.3552529811859131,0.3828928121597018,velocity_abuse,REVIEW
3734.66,0.591446042060852,0.44661207464214486,unusual_amount,REVIEW
317.76,0.23917871713638306,0.4153111262789462,velocity_abuse,REVIEW
858.56,0.301850825548172,0.4066468207202864,velocity_abuse,REVIEW
298.23,0.19160769879817963,0.3917745781587993,Clean,ALLOW
211.57,0.22300799190998077,0.3354312941306253,suspicious_device,REVIEW
143.13,0.18923361599445343,0.3849206808097307,Clean,ALLOW
109.94,0.20423977077007294,0.36141579241386346,velocity_abuse,REVIEW
320.7,0.2463451772928238,0.37625980169944523,velocity_abuse,REVIEW
412.25,0.30185964703559875,0.3535731821063811,velocity_abuse,REVIEW
1166.93,0.2003503292798996,0.3693354956156609,velocity_abuse,REVIEW
253.74,0.265869677066803,0.37305067666103325,velocity_abuse,REVIEW
141.52,0.4415184557437897,0.45291628062796896,unusual_amount,REVIEW
391.73,0.17948591709136963,0.3703064584593981,Clean,ALLOW
418.41,0.4129117727279663,0.391959692130073,velocity_abuse,REVIEW
706.84,0.24436913430690765,0.34483029844218893,velocity_abuse,REVIEW
361.18,0.20661960542201996,0.3590145410365597,velocity_abuse,REVIEW
1365.99,0.29204052686691284,0.36031877183042677,velocity_abuse,REVIEW
601.83,0.29913103580474854,0.38740039374785384,velocity_abuse,REVIEW
599.72,0.3371356427669525,0.49925622302538436,velocity_abuse,REVIEW
514.5,0.2122647911310196,0.33479423005514053,velocity_abuse,REVIEW
318.92,0.22846879065036774,0.3504561492607042,velocity_abuse,REVIEW
2088.78,0.3139723241329193,0.3993783628183352,unusual_amount,REVIEW
429.17,0.47412949800491333,0.37473275760222197,suspicious_device,REVIEW
124.31,0.21501007676124573,0.34102106796277776,suspicious_device,REVIEW
177.81,0.20514851808547974,0.35937854959548776,suspicious_device,REVIEW
120.36,0.25757288932800293,0.4274733221821971,velocity_abuse,REVIEW
728.97,0.2397773265838623,0.3458522634780877,velocity_abuse,REVIEW
465.68,0.21802668273448944,0.34429181805736775,velocity_abuse,REVIEW
389.65,0.1946442574262619,0.35413496048286086,Clean,ALLOW
1083.92,0.21132256090641022,0.3803451763973231,unusual_amount,REVIEW
1044.36,0.33071058988571167,0.37147176883795535,velocity_abuse,REVIEW
186.04,0.25474750995635986,0.3428686750108404,suspicious_device,REVIEW
376.91,0.3206797242164612,0.3885102543188153,suspicious_device,REVIEW
171.07,0.23989315330982208,0.36065034313580124,suspicious_device,REVIEW
131.57,0.24805961549282074,0.3731423052687175,suspicious_device,REVIEW
363.89,0.2087532877922058,0.34339512870846034,velocity_abuse,REVIEW
162.91,0.36288169026374817,0.3882974280175167,suspicious_device,REVIEW
788.36,0.4342702031135559,0.39627995719134,velocity_abuse,REVIEW
195.75,0.19801102578639984,0.36553404244438265,Clean,ALLOW
591.54,0.23675066232681274,0.3769169780005325,unusual_amount,REVIEW
851.54,0.184491366147995,0.3631134190613009,Clean,ALLOW
436.46,0.147074893116951,0.3725608096565058,Clean,ALLOW
1632.84,0.2988069951534271,0.35846086987986114,suspicious_device,REVIEW
74.57,0.2735415995121002,0.34465588937910435,velocity_abuse,REVIEW
128.11,0.2843809425830841,0.3723428081171409,velocity_abuse,REVIEW
454.03,0.1529206484556198,0.3535583498415477,Clean,ALLOW
103.29,0.27296504378318787,0.35924848647607527,velocity_abuse,REVIEW
381.2,0.18129155039787292,0.37281889857764583,Clean,ALLOW
160.88,0.22672051191329956,0.356613759202271,suspicious_device,REVIEW
247.58,0.34178856015205383,0.4068659915764015,suspicious_device,REVIEW
511.91,0.46360304951667786,0.39790237442445464,suspicious_device,REVIEW
695.95,0.7836248278617859,0.4803943890476472,account_takeover,BLOCK
721.27,0.21149154007434845,0.4352841436368036,velocity_abuse,REVIEW
2447.64,0.2564052939414978,0.36766308816254883,suspicious_device,REVIEW
399.79,0.23453886806964874,0.36985101870891646,velocity_abuse,REVIEW
59.76,0.35581880807876587,0.34957361061770426,velocity_abuse,REVIEW
125.84,0.591442883014679,0.42417387398413575,suspicious_device,REVIEW
92.53,0.6483587622642517,0.4501699930584839,suspicious_device,REVIEW
177.2,0.34437841176986694,0.412724149563892,unusual_amount,REVIEW
955.8,0.31912267208099365,0.428603493707456,suspicious_device,REVIEW
109.12,0.2406095415353775,0.3670903805407247,suspicious_device,REVIEW
137.02,0.2368793934583664,0.38933042526191924,unusual_amount,REVIEW
941.83,0.21288380026817322,0.35018001972823826,suspicious_device,REVIEW
303.34,0.22748535871505737,0.34918110520741086,suspicious_device,REVIEW
175.97,0.19215461611747742,0.3836869997249496,Clean,ALLOW
102.89,0.2336348295211792,0.34742268775790147,velocity_abuse,REVIEW
840.94,0.23418928682804108,0.35122703667440885,velocity_abuse,REVIEW
748.79,0.17293459177017212,0.35795437227326754,Clean,ALLOW
299.6,0.25743117928504944,0.3670549714039373,velocity_abuse,REVIEW
324.04,0.19468221068382263,0.34824773676271376,Clean,ALLOW
244.95,0.22937090694904327,0.3591043857272945,suspicious_device,REVIEW
171.66,0.28895071148872375,0.37016760650726954,suspicious_device,REVIEW
133.97,0.3400934636592865,0.3683873687320207,velocity_abuse,REVIEW
675.25,0.2148873656988144,0.344412629668437,suspicious_device,REVIEW
1138.78,0.14736051857471466,0.3785133015194615,Clean,ALLOW
327.86,0.1871698498725891,0.35390560386143716,Clean,ALLOW
688.89,0.2719402611255646,0.35407512767910754,suspicious_device,REVIEW
1418.75,0.4740617573261261,0.44447306767258676,unusual_amount,REVIEW
53.79,0.1718832105398178,0.3479610093445972,Clean,ALLOW
205.72,0.20420926809310913,0.3443344178816176,suspicious_device,REVIEW
135.63,0.2321523278951645,0.3603468122593274,suspicious_device,REVIEW
1730.96,0.23359329998493195,0.36514648560076646,unusual_amount,REVIEW
192.0,0.3406699001789093,0.35776543569825453,suspicious_device,REVIEW
434.74,0.19660566747188568,0.37774621182616674,Clean,ALLOW
507.42,0.19415739178657532,0.3464637763468574,Clean,ALLOW
234.68,0.19747582077980042,0.36876399727776366,Clean,ALLOW
249.71,0.2997972071170807,0.3716763608599927,velocity_abuse,REVIEW
833.54,0.22039903700351715,0.34673336630722346,velocity_abuse,REVIEW
262.59,0.3598445951938629,0.40317899413988734,velocity_abuse,REVIEW
217.22,0.20652391016483307,0.3544300928401916,suspicious_device,REVIEW
366.81,0.18673603236675262,0.36667902581312145,Clean,ALLOW
1002.61,0.2995512783527374,0.37021782131255093,unusual_amount,REVIEW
45.92,0.18692901730537415,0.3461994670180991,Clean,ALLOW
439.4,0.24549835920333862,0.35943753363085634,velocity_abuse,REVIEW
1066.86,0.25104811787605286,0.4017710637913763,velocity_abuse,REVIEW
5058.6,0.6634628176689148,0.45702749901843615,unusual_amount,REVIEW
365.21,0.20651406049728394,0.3581986198508372,velocity_abuse,REVIEW
281.38,0.21632049977779388,0.34296809559360375,velocity_abuse,REVIEW
245.94,0.173669695854187,0.35331280596872455,Clean,ALLOW
1955.14,0.34805160760879517,0.3956191135456967,unusual_amount,REVIEW
302.36,0.24932259321212769,0.37840415936627025,velocity_abuse,REVIEW
266.14,0.2285781055688858,0.3628112364731832,velocity_abuse,REVIEW
2672.61,0.26408371329307556,0.4718503160831722,unusual_amount,REVIEW
196.34,0.2191036194562912,0.3935821699614848,suspicious_device,REVIEW
172.33,0.24625645577907562,0.3521183640069427,suspicious_device,REVIEW
155.66,0.1763794720172882,0.35351567115376714,Clean,ALLOW
191.61,0.23001402616500854,0.367426101523203,velocity_abuse,REVIEW
283.22,0.31658264994621277,0.3814007282344631,suspicious_device,REVIEW
121.12,0.20655518770217896,0.3690404840457514,suspicious_device,REVIEW
74.29,0.2999818027019501,0.342905019926439,velocity_abuse,REVIEW
3624.67,0.19763827323913574,0.414443474042266,Clean,ALLOW
192.52,0.2611861526966095,0.35692892098331175,suspicious_device,REVIEW
207.16,0.20974767208099365,0.3852531839051738,suspicious_device,REVIEW
3342.91,0.3062136471271515,0.38331302668165895,unusual_amount,REVIEW
397.11,0.22064419090747833,0.3548558267858521,velocity_abuse,REVIEW
210.9,0.23041439056396484,0.35328619732090105,velocity_abuse,REVIEW
694.73,0.30782997608184814,0.4207860543099675,velocity_abuse,REVIEW
55.63,0.3409639000892639,0.44529867938551587,velocity_abuse,REVIEW
2825.89,0.2995913326740265,0.41787797040017244,unusual_amount,REVIEW
149.41,0.2161577343940735,0.3463683512943748,suspicious_device,REVIEW
1272.19,0.28484970331192017,0.36104957138680205,suspicious_device,REVIEW
497.29,0.18641753494739532,0.4119427836715868,Clean,ALLOW
222.94,0.1894400268793106,0.36905328143621047,Clean,ALLOW
244.56,0.2250063419342041,0.400444251322792,velocity_abuse,REVIEW
295.24,0.20490293204784393,0.37177841961897806,velocity_abuse,REVIEW
65.21,0.6419070363044739,0.4577526852781624,account_takeover,REVIEW
999.31,0.23000091314315796,0.3678051793275037,suspicious_device,REVIEW
430.1,0.16784699261188507,0.4390234946819603,Clean,ALLOW
254.97,0.2227524369955063,0.3777556242765918,suspicious_device,REVIEW
1480.34,0.2517317235469818,0.3784472685509186,suspicious_device,REVIEW
445.94,0.21389563381671906,0.3579531547881678,velocity_abuse,REVIEW
395.89,0.20417706668376923,0.36370588365181955,velocity_abuse,REVIEW
770.42,0.4278436005115509,0.43072527696629864,suspicious_device,REVIEW
160.16,0.44874194264411926,0.4428215996504747,velocity_abuse,REVIEW
486.49,0.3814139664173126,0.42717616106259687,velocity_abuse,REVIEW
373.35,0.28025439381599426,0.4157516642206471,velocity_abuse,REVIEW
461.19,0.24750900268554688,0.39234937765866507,velocity_abuse,REVIEW
397.18,0.5674024224281311,0.4444107499588423,suspicious_device,REVIEW
99.98,0.2969034016132355,0.359021096522538,suspicious_device,REVIEW
396.08,0.2462906688451767,0.3903474259281515,velocity_abuse,REVIEW
287.94,0.20563197135925293,0.3656008721939249,suspicious_device,REVIEW
172.04,0.23876827955245972,0.3836107864730169,suspicious_device,REVIEW
403.63,0.3438895642757416,0.40403919624097756,velocity_abuse,REVIEW
363.59,0.5943194031715393,0.44638244277494415,suspicious_device,REVIEW
413.12,0.4338148236274719,0.42782129111862,suspicious_device,REVIEW
240.56,0.35612961649894714,0.47856322341981367,account_takeover,REVIEW
542.98,0.4862230122089386,0.45809499410880095,account_takeover,REVIEW
97.91,0.42228537797927856,0.4419503507473953,suspicious_device,REVIEW
117.75,0.26593735814094543,0.40830908858750403,suspicious_device,REVIEW
612.56,0.22896307706832886,0.36026897318953965,suspicious_device,REVIEW
143.72,0.1559777408838272,0.405355468615161,Clean,ALLOW
830.66,0.40833917260169983,0.40745071218744844,velocity_abuse,REVIEW
2233.79,0.32435059547424316,0.4844106717325397,suspicious_device,REVIEW
327.77,0.2122037559747696,0.4320927441531427,account_takeover,REVIEW
346.1,0.2138683944940567,0.4053830812917131,velocity_abuse,REVIEW
464.73,0.21104104816913605,0.3678925450012458,suspicious_device,REVIEW
466.45,0.1920621246099472,0.37030607498618245,Clean,ALLOW
64.0,0.2650565207004547,0.3650720406062035,velocity_abuse,REVIEW
402.63,0.22475793957710266,0.358620710200852,velocity_abuse,REVIEW
506.21,0.1992352455854416,0.361921013523929,Clean,ALLOW
886.34,0.19074192643165588,0.40699343304469743,Clean,ALLOW
283.41,0.17340147495269775,0.4134822867827332,Clean,ALLOW
361.5,0.15994232892990112,0.39039624345147794,Clean,ALLOW
610.77,0.7152690291404724,0.45213727001919163,account_takeover,REVIEW
682.12,0.22337807714939117,0.4485380986829673,suspicious_device,REVIEW
250.89,0.26426008343696594,0.4007368985339346,velocity_abuse,REVIEW
603.08,0.20231571793556213,0.3929430328013471,velocity_abuse,REVIEW
846.51,0.25181666016578674,0.3962600041365674,velocity_abuse,REVIEW
313.55,0.3289397060871124,0.458212237318973,account_takeover,REVIEW
282.44,0.3052530884742737,0.39863402738850506,velocity_abuse,REVIEW
292.5,0.26490285992622375,0.4165233266419613,velocity_abuse,REVIEW
502.24,0.1274920403957367,0.40108262900084923,Clean,ALLOW
531.74,0.23626889288425446,0.4075147741606064,velocity_abuse,REVIEW
188.05,0.22833311557769775,0.3871257274328862,suspicious_device,REVIEW
350.01,0.26894092559814453,0.40203821510518095,velocity_abuse,REVIEW
918.69,0.25205349922180176,0.3942650792622818,velocity_abuse,REVIEW
840.86,0.3340674340724945,0.4543857475576919,velocity_abuse,REVIEW
361.11,0.3312654495239258,0.42138843006676446,velocity_abuse,REVIEW
206.54,0.2132939249277115,0.36469643584671085,suspicious_device,REVIEW
354.14,0.17666395008563995,0.3896605916400816,Clean,ALLOW
130.36,0.16084714233875275,0.41553866235674486,Clean,ALLOW
1108.09,0.48335155844688416,0.4982340999218235,suspicious_device,REVIEW
119.82,0.19988903403282166,0.386021631254722,Clean,ALLOW
162.7,0.1812184751033783,0.3947366969442068,Clean,ALLOW
160.56,0.18266186118125916,0.36660332920595656,Clean,ALLOW
186.75,0.20388641953468323,0.3880177807117357,suspicious_device,REVIEW
662.24,0.2307671159505844,0.3681577718941812,suspicious_device,REVIEW
808.68,0.19558900594711304,0.43584776955131965,Clean,ALLOW
343.38,0.17953047156333923,0.4050594151861775,Clean,ALLOW
281.76,0.4735220968723297,0.4136076886058662,suspicious_device,REVIEW
255.32,0.4400622248649597,0.42511715424308666,velocity_abuse,REVIEW
123.56,0.23780383169651031,0.3615033902032185,suspicious_device,REVIEW
802.55,0.23695163428783417,0.3647598542891304,velocity_abuse,REVIEW
1045.05,0.277637779712677,0.3785114262587174,velocity_abuse,REVIEW
1391.13,0.3383512496948242,0.3668429695088776,suspicious_device,REVIEW
98.22,0.32264477014541626,0.40853175741543984,suspicious_device,REVIEW
283.7,0.3260139524936676,0.39845160041120475,unusual_amount,REVIEW
130.15,0.5079756379127502,0.4223831745304432,suspicious_device,REVIEW
302.43,0.1861530840396881,0.35719312898778993,Clean,ALLOW
10309.79,0.6634243130683899,0.46765695808655855,unusual_amount,REVIEW
92.77,0.2595907151699066,0.3579790595535936,suspicious_device,REVIEW
103.37,0.2788994610309601,0.335959746066252,suspicious_device,REVIEW
161.7,0.4179978370666504,0.4662762156333444,unusual_amount,REVIEW
1484.26,0.24035446345806122,0.3573470997892915,unusual_amount,REVIEW
631.7,0.22374843060970306,0.34015079390293457,velocity_abuse,REVIEW
199.0,0.3670094907283783,0.41225761562756374,velocity_abuse,REVIEW
392.75,0.26041701436042786,0.3759301373625701,velocity_abuse,REVIEW
1643.53,0.2068106234073639,0.35513256357870937,suspicious_device,REVIEW
1529.12,0.26056504249572754,0.3483656641712302,suspicious_device,REVIEW
199.33,0.22352516651153564,0.3432141968460348,velocity_abuse,REVIEW
296.21,0.22967872023582458,0.34388990689154453,velocity_abuse,REVIEW
270.0,0.2360367476940155,0.3513913319876071,velocity_abuse,REVIEW
361.32,0.2107761651277542,0.3581608234644954,velocity_abuse,REVIEW
397.82,0.24025775492191315,0.33715019894520903,velocity_abuse,REVIEW
255.9,0.17074482142925262,0.3507102866702582,Clean,ALLOW
500.59,0.3242701590061188,0.37888391340588123,velocity_abuse,REVIEW
95.95,0.3024241030216217,0.3361660385825882,velocity_abuse,REVIEW
701.71,0.23543886840343475,0.35745676778465535,velocity_abuse,REVIEW
795.37,0.33174556493759155,0.38421531582741697,suspicious_device,REVIEW
238.46,0.7859688401222229,0.4817490321757029,account_takeover,BLOCK
153.86,0.18939708173274994,0.3466148878291735,Clean,ALLOW
64.72,0.4422409236431122,0.41548709496984726,unusual_amount,REVIEW
215.62,0.26355642080307007,0.3751044450491833,velocity_abuse,REVIEW
178.07,0.22858284413814545,0.3353732554993879,suspicious_device,REVIEW
224.55,0.23116694390773773,0.34036507244062697,suspicious_device,REVIEW
310.41,0.22066503763198853,0.3445457881799604,velocity_abuse,REVIEW
430.4,0.21870826184749603,0.3396220610476047,velocity_abuse,REVIEW
185.49,0.24197088181972504,0.3465036913111837,suspicious_device,REVIEW
179.97,0.24885223805904388,0.35817560528078674,suspicious_device,REVIEW
169.7,0.31227678060531616,0.3444339900669006,suspicious_device,REVIEW
299.47,0.3973095417022705,0.3834340383649048,velocity_abuse,REVIEW
345.88,0.17083647847175598,0.4033659527761356,Clean,ALLOW
323.72,0.2584809362888336,0.3512016577497932,suspicious_device,REVIEW
48.67,0.22317031025886536,0.346309135093336,velocity_abuse,REVIEW
217.83,0.20524545013904572,0.35152848142401344,suspicious_device,REVIEW
79.56,0.3663388788700104,0.3448667976060678,velocity_abuse,REVIEW
481.87,0.15626855194568634,0.3435683086086096,Clean,ALLOW
569.32,0.1683712601661682,0.3463332551943197,Clean,ALLOW
663.55,0.2389463633298874,0.3424520695373822,velocity_abuse,REVIEW
424.96,0.21005107462406158,0.33348727849349724,suspicious_device,REVIEW
138.13,0.21416670083999634,0.41080988474289554,suspicious_device,REVIEW
956.62,0.2071560174226761,0.35112269373882066,velocity_abuse,REVIEW
295.45,0.4442223608493805,0.39543003549081285,velocity_abuse,REVIEW
63.94,0.3779912292957306,0.35832260193844384,velocity_abuse,REVIEW
346.28,0.22664879262447357,0.3525083556495244,velocity_abuse,REVIEW
404.52,0.21809914708137512,0.34258006135521246,velocity_abuse,REVIEW
633.37,0.22036133706569672,0.3368208679169036,velocity_abuse,REVIEW
178.54,0.5474914908409119,0.4475328559014491,account_takeover,REVIEW
449.33,0.20721837878227234,0.3580799920676125,velocity_abuse,REVIEW
1427.1,0.5083143711090088,0.4201727008886285,account_takeover,REVIEW
731.26,0.20177587866783142,0.336795524399945,suspicious_device,REVIEW
93.85,0.356232225894928,0.3796213983642854,suspicious_device,REVIEW
770.5,0.22793208062648773,0.336312917172407,suspicious_device,REVIEW
817.8,0.2525630295276642,0.3374132065894501,velocity_abuse,REVIEW
442.81,0.3424737751483917,0.3877424782516848,suspicious_device,REVIEW
190.44,0.25603893399238586,0.4510577723522466,unusual_amount,REVIEW
262.44,0.30021393299102783,0.4846634844476816,unusual_amount,REVIEW
168.28,0.3977070152759552,0.4041620508147183,suspicious_device,REVIEW
116.56,0.28699439764022827,0.3332629516475426,suspicious_device,REVIEW
315.56,0.2311290055513382,0.3356483290703871,velocity_abuse,REVIEW
93.51,0.2489282786846161,0.3524469849024869,velocity_abuse,REVIEW
192.76,0.23958024382591248,0.3319258379873708,suspicious_device,REVIEW
636.03,0.22481001913547516,0.33548534015904513,suspicious_device,REVIEW
408.88,0.3857129216194153,0.4263275096258015,suspicious_device,REVIEW
376.6,0.23678690195083618,0.36617968427288666,suspicious_device,REVIEW
215.99,0.2152283638715744,0.33428975064391175,velocity_abuse,REVIEW
396.37,0.22780407965183258,0.3613692777016653,velocity_abuse,REVIEW
523.14,0.20332194864749908,0.36931987705762187,velocity_abuse,REVIEW
567.94,0.16487953066825867,0.37075191355369086,Clean,ALLOW
168.91,0.24393963813781738,0.3438285073043552,suspicious_device,REVIEW
316.65,0.20888541638851166,0.38631247410326935,velocity_abuse,REVIEW
1017.85,0.28160226345062256,0.34304497804838924,velocity_abuse,REVIEW
1318.0,0.27377602458000183,0.37106152012502375,suspicious_device,REVIEW
196.9,0.1966066062450409,0.3305102564181438,Clean,ALLOW
417.76,0.16950687766075134,0.33997660134768687,Clean,ALLOW
623.98,0.20767520368099213,0.34148508337402017,velocity_abuse,REVIEW
319.23,0.15573318302631378,0.40156146221288774,Clean,ALLOW
297.01,0.1908121258020401,0.3678639832481618,Clean,ALLOW
307.54,0.2683085799217224,0.3433354283603052,velocity_abuse,REVIEW
241.58,0.3161203861236572,0.4016221590348618,unusual_amount,REVIEW
114.0,0.250282347202301,0.3575098078037626,velocity_abuse,REVIEW
503.89,0.19681000709533691,0.3371179774624083,Clean,ALLOW
424.7,0.17632350325584412,0.3251594788721968,Clean,ALLOW
149.16,0.13687899708747864,0.3340824458955554,Clean,ALLOW
645.46,0.21487560868263245,0.34823582839575085,velocity_abuse,REVIEW
1006.62,0.24595989286899567,0.3355965576295599,suspicious_device,REVIEW
290.03,0.19569924473762512,0.32543495354062973,Clean,ALLOW
201.31,0.34697338938713074,0.3879148618150952,velocity_abuse,REVIEW
264.02,0.20470838248729706,0.3241887663637548,suspicious_device,REVIEW
60.61,0.28952932357788086,0.33751842157212025,velocity_abuse,REVIEW
40.57,0.14922519028186798,0.335504253539897,Clean,ALLOW
245.94,0.5729634761810303,0.3557937676611968,suspicious_device,REVIEW
209.25,0.23275788128376007,0.35938028342031364,suspicious_device,REVIEW
1178.28,0.3012365996837616,0.3541694715144287,suspicious_device,REVIEW
285.04,0.8044548034667969,0.44764331564815607,suspicious_device,BLOCK
127.44,0.21612387895584106,0.34187540376188874,suspicious_device,REVIEW
373.16,0.3624599874019623,0.38712684761518834,suspicious_device,REVIEW
365.9,0.1759762018918991,0.3404120189241967,Clean,ALLOW
1198.98,0.275898814201355,0.35324226061502917,unusual_amount,REVIEW
132.89,0.18399985134601593,0.35505999214443246,Clean,ALLOW
546.24,0.2023875117301941,0.35130685655717564,velocity_abuse,REVIEW
326.52,0.22735513746738434,0.3690569954730116,account_takeover,REVIEW
304.85,0.22382566332817078,0.3365439446222096,velocity_abuse,REVIEW
94.1,0.25194600224494934,0.3370641310568679,suspicious_device,REVIEW
380.33,0.3493647873401642,0.3822949740161297,suspicious_device,REVIEW
117.43,0.3172973692417145,0.35192667100517366,suspicious_device,REVIEW
700.1,0.2630888819694519,0.3473724239930635,suspicious_device,REVIEW
65.6,0.510014533996582,0.4045797999073315,velocity_abuse,REVIEW
498.1,0.20263899862766266,0.3421478887995864,velocity_abuse,REVIEW
1122.19,0.2264820784330368,0.3710924909651407,suspicious_device,REVIEW
1290.0,0.317524790763855,0.3590024459761065,suspicious_device,REVIEW
961.91,0.2154151201248169,0.3508265755466583,suspicious_device,REVIEW
160.37,0.23550507426261902,0.3380617806731352,suspicious_device,REVIEW
227.27,0.3967245817184448,0.40746386872476703,suspicious_device,REVIEW
267.92,0.23815371096134186,0.33738249373529017,suspicious_device,REVIEW
963.96,0.22531117498874664,0.3507276015389831,velocity_abuse,REVIEW
145.21,0.16514968872070312,0.3595199739793865,Clean,ALLOW
69.89,0.39993447065353394,0.3681873000186617,account_takeover,REVIEW
145.23,0.16585104167461395,0.3537196774094565,Clean,ALLOW
170.92,0.2435738444328308,0.34673374353529607,suspicious_device,REVIEW
1098.75,0.2062772959470749,0.3540573383589089,suspicious_device,REVIEW
392.8,0.24843622744083405,0.357496897702486,velocity_abuse,REVIEW
629.53,0.20760102570056915,0.3472495747800638,suspicious_device,REVIEW
1762.92,0.348414808511734,0.37015500593487005,suspicious_device,REVIEW
34.0,0.2548300623893738,0.3579421113436336,velocity_abuse,REVIEW
336.08,0.25926172733306885,0.3888486411057614,velocity_abuse,REVIEW
386.9,0.42750847339630127,0.3793696449321655,suspicious_device,REVIEW
170.62,0.23624035716056824,0.3455080205389552,suspicious_device,REVIEW
545.1,0.16396264731884003,0.42061136277267863,Clean,ALLOW
216.68,0.21694470942020416,0.3367159504621148,suspicious_device,REVIEW
592.82,0.21786512434482574,0.37381582610202435,velocity_abuse,REVIEW
130.97,0.19461441040039062,0.35423704667010397,Clean,ALLOW
269.81,0.14425179362297058,0.36566738963851825,Clean,ALLOW
617.89,0.21889728307724,0.3489216667665136,velocity_abuse,REVIEW
1182.12,0.35668423771858215,0.4248468474158334,suspicious_device,REVIEW
543.73,0.1746387928724289,0.3440891323784547,Clean,ALLOW
115.39,0.23403407633304596,0.3365624168247224,suspicious_device,REVIEW
89.28,0.33480364084243774,0.3960422736283909,account_takeover,REVIEW
217.46,0.21258315443992615,0.3377034246221216,suspicious_device,REVIEW
281.15,0.11308181285858154,0.3734698449009417,Clean,ALLOW
283.83,0.18557260930538177,0.3567501614381351,Clean,ALLOW
785.67,0.18012434244155884,0.4157397911592953,Clean,ALLOW
487.29,0.20294640958309174,0.37166547053790544,velocity_abuse,REVIEW
206.74,0.35857927799224854,0.3837870449738954,suspicious_device,REVIEW
407.56,0.20918409526348114,0.3411818494123067,velocity_abuse,REVIEW
348.54,0.19983482360839844,0.36660903293443786,Clean,ALLOW
97.62,0.2722790837287903,0.3549750017698208,suspicious_device,REVIEW
509.12,0.1374797821044922,0.392165381142906,Clean,ALLOW
264.34,0.1935838758945465,0.3718434659978725,Clean,ALLOW
697.82,0.21115081012248993,0.3528924043023838,suspicious_device,REVIEW
129.19,0.2301420122385025,0.42213748369897414,suspicious_device,REVIEW
1160.79,0.5675684213638306,0.43380171606907786,suspicious_device,REVIEW
120.94,0.6369428038597107,0.43406858884412636,suspicious_device,REVIEW
322.54,0.25708991289138794,0.3779110040650829,velocity_abuse,REVIEW
691.42,0.21132345497608185,0.3935724926509154,velocity_abuse,REVIEW
427.63,0.317477285861969,0.4250713177538729,suspicious_device,REVIEW
371.65,0.2110176384449005,0.3580091678952332,velocity_abuse,REVIEW
579.12,0.2886252701282501,0.41554185496454066,suspicious_device,REVIEW
127.36,0.1885683536529541,0.3642344876993547,Clean,ALLOW
648.9,0.33110231161117554,0.4291410966845976,unusual_amount,REVIEW
562.21,0.17728130519390106,0.3681444303272018,Clean,ALLOW
189.44,0.3302101194858551,0.420781954336674,unusual_amount,REVIEW
491.34,0.1938246488571167,0.3683797418388672,Clean,ALLOW
282.02,0.19094312191009521,0.3661804773082872,Clean,ALLOW
153.0,0.26750829815864563,0.42622304008350703,velocity_abuse,REVIEW
1461.54,0.29801827669143677,0.39212073905132844,suspicious_device,REVIEW
438.94,0.2044057995080948,0.37164164082789053,velocity_abuse,REVIEW
341.85,0.24546630680561066,0.3705851829970079,velocity_abuse,REVIEW
975.2,0.217902272939682,0.38108007799478666,velocity_abuse,REVIEW
678.97,0.2701479196548462,0.3597212333345892,velocity_abuse,REVIEW
163.3,0.38618865609169006,0.4003217504295094,suspicious_device,REVIEW
141.41,0.17757882177829742,0.41776151166304115,Clean,ALLOW
505.54,0.13459910452365875,0.4000643112521626,Clean,ALLOW
530.69,0.18224720656871796,0.3687128085731689,Clean,ALLOW
654.95,0.2739979028701782,0.3880738719721404,suspicious_device,REVIEW
3508.74,0.3134118616580963,0.4079026700582661,unusual_amount,REVIEW
788.99,0.16951745748519897,0.4353930723442853,Clean,ALLOW
2022.16,0.2589207887649536,0.4136527616152197,velocity_abuse,REVIEW
708.76,0.2423003911972046,0.3582233953386186,suspicious_device,REVIEW
465.83,0.2243824452161789,0.3850890940616722,velocity_abuse,REVIEW
261.39,0.21758511662483215,0.35979009515170846,suspicious_device,REVIEW
404.77,0.2456457018852234,0.3940742162147785,velocity_abuse,REVIEW
887.1,0.3564085364341736,0.43060345748193374,velocity_abuse,REVIEW
207.92,0.23161230981349945,0.38898664853092835,suspicious_device,REVIEW
225.64,0.17636780440807343,0.3916811747921167,Clean,ALLOW
1097.21,0.36880967020988464,0.4004643935361768,velocity_abuse,REVIEW
204.88,0.23591391742229462,0.4067562535557649,account_takeover,REVIEW
1842.14,0.2327512949705124,0.3958997380357346,unusual_amount,REVIEW
340.24,0.2168530523777008,0.3647022651333294,suspicious_device,REVIEW
103.21,0.3702750504016876,0.4386061434464931,velocity_abuse,REVIEW
209.13,0.1780274361371994,0.425136636260987,Clean,ALLOW
794.6,0.26339760422706604,0.4130234291491585,suspicious_device,REVIEW
93.15,0.27902257442474365,0.4100382311861615,velocity_abuse,REVIEW
946.62,0.22526617348194122,0.376469704590831,suspicious_device,REVIEW
80.75,0.3757685124874115,0.3893177438281124,velocity_abuse,REVIEW
130.61,0.43090173602104187,0.4228224487261486,velocity_abuse,REVIEW
429.22,0.1657174825668335,0.36369934093024536,Clean,ALLOW
506.49,0.24611309170722961,0.3663440301430318,velocity_abuse,REVIEW
463.54,0.2129984050989151,0.37417142798565184,velocity_abuse,REVIEW
90.45,0.3419184684753418,0.36452827225642953,velocity_abuse,REVIEW
787.32,0.6927202343940735,0.43859490728526584,suspicious_device,REVIEW
270.59,0.16226619482040405,0.3511799145330309,Clean,ALLOW
1214.24,0.1944444626569748,0.40138676201193524,Clean,ALLOW
239.14,0.39368972182273865,0.4028531847857978,suspicious_device,REVIEW
675.97,0.4380970895290375,0.3948110260853589,velocity_abuse,REVIEW
1310.3,0.2944754660129547,0.36994630601521933,velocity_abuse,REVIEW
1149.73,0.2360403835773468,0.3805341364680324,unusual_amount,REVIEW
607.34,0.2937999367713928,0.3587027156286435,velocity_abuse,REVIEW
309.43,0.252718061208725,0.34926419617559423,velocity_abuse,REVIEW
167.73,0.41105926036834717,0.38427793713109043,velocity_abuse,REVIEW
2153.02,0.29306119680404663,0.3671081686126898,velocity_abuse,REVIEW
212.31,0.1994287520647049,0.3606739621969662,Clean,ALLOW
259.56,0.21806880831718445,0.3720017560722431,velocity_abuse,REVIEW
1615.35,0.6124506592750549,0.43529454492142133,account_takeover,REVIEW
164.09,0.3204286992549896,0.3665045415929686,velocity_abuse,REVIEW
208.61,0.21289809048175812,0.3497663367349399,suspicious_device,REVIEW
497.75,0.2160061150789261,0.3549819551643079,velocity_abuse,REVIEW
1586.79,0.3501072824001312,0.37936713333724936,velocity_abuse,REVIEW
611.7,0.22457660734653473,0.35400861932364247,velocity_abuse,REVIEW
855.33,0.21927960216999054,0.36206177487971913,velocity_abuse,REVIEW
131.45,0.2663674056529999,0.34273092043258196,velocity_abuse,REVIEW
399.08,0.16637593507766724,0.35549264643291895,Clean,ALLOW
1061.97,0.46107304096221924,0.42078930015719934,suspicious_device,REVIEW
114.13,0.4257264733314514,0.3781116314116507,suspicious_device,REVIEW
263.98,0.25233203172683716,0.3426534904650047,velocity_abuse,REVIEW
775.68,0.2300650030374527,0.35596637558387845,velocity_abuse,REVIEW
82.31,0.3226664364337921,0.3386182451897098,velocity_abuse,REVIEW
172.62,0.4290931522846222,0.41110243924828976,suspicious_device,REVIEW
187.43,0.42167583107948303,0.43473972887142837,suspicious_device,REVIEW
332.8,0.8166886568069458,0.44629137797509993,account_takeover,BLOCK
207.49,0.20200729370117188,0.36641249315767416,suspicious_device,REVIEW
218.93,0.273913711309433,0.3882886999730658,unusual_amount,REVIEW
1205.59,0.3517952263355255,0.42333273435584856,suspicious_device,REVIEW
190.25,0.9512913823127747,0.4953586203774492,account_takeover,BLOCK
126.1,0.2434663027524948,0.34647832537972617,suspicious_device,REVIEW
200.69,0.21834884583950043,0.33094438664228776,suspicious_device,REVIEW
159.73,0.2686758041381836,0.36556025086124644,suspicious_device,REVIEW
491.83,0.21526654064655304,0.3309417638642255,velocity_abuse,REVIEW
395.16,0.4523892104625702,0.3931883794943831,velocity_abuse,REVIEW
279.03,0.5569071769714355,0.4078378969716875,velocity_abuse,REVIEW
479.84,0.22758325934410095,0.33346319648876765,velocity_abuse,REVIEW
1135.85,0.40814265608787537,0.3794423990702003,suspicious_device,REVIEW
1507.98,0.24173809587955475,0.35705900992160666,velocity_abuse,REVIEW
145.18,0.18757815659046173,0.35208615837393376,Clean,ALLOW
68.99,0.4486253261566162,0.35737702533525567,velocity_abuse,REVIEW
647.51,0.29381099343299866,0.34756585553334346,velocity_abuse,REVIEW
142.12,0.21428555250167847,0.3385198989728309,velocity_abuse,REVIEW
501.99,0.21096362173557281,0.34755553931300565,suspicious_device,REVIEW
466.21,0.22866660356521606,0.3444964179349995,velocity_abuse,REVIEW
467.95,0.2164836972951889,0.36193064377116,velocity_abuse,REVIEW
196.52,0.25804653763771057,0.3824396216419291,velocity_abuse,REVIEW
317.03,0.23824748396873474,0.38260104654569826,velocity_abuse,REVIEW
731.07,0.22470998764038086,0.34643952090071256,velocity_abuse,REVIEW
367.18,0.2175486534833908,0.33911701718917636,velocity_abuse,REVIEW
354.62,0.23356300592422485,0.4038344112841367,velocity_abuse,REVIEW
326.75,0.20034803450107574,0.40755304710231155,velocity_abuse,REVIEW
113.37,0.23768283426761627,0.3611662035621617,velocity_abuse,REVIEW
227.83,0.21937614679336548,0.34461029780854724,velocity_abuse,REVIEW
305.29,0.192208930850029,0.3445603836528564,Clean,ALLOW
512.31,0.21972034871578217,0.35176309360426355,suspicious_device,REVIEW
683.42,0.27329927682876587,0.3505655904401321,velocity_abuse,REVIEW
345.96,0.20456251502037048,0.3393034952411968,velocity_abuse,REVIEW
1216.88,0.29547086358070374,0.34819545773893307,suspicious_device,REVIEW
2145.12,0.29923802614212036,0.3506481024672054,unusual_amount,REVIEW
1548.45,0.28260403871536255,0.40095066507252725,velocity_abuse,REVIEW
170.07,0.2668811082839966,0.3729910899928909,suspicious_device,REVIEW
173.49,0.48003506660461426,0.37490392372541137,suspicious_device,REVIEW
356.44,0.17954884469509125,0.3495657749854255,Clean,ALLOW
242.28,0.24034307897090912,0.344252263858508,suspicious_device,REVIEW
350.68,0.18886394798755646,0.3700303125804216,Clean,ALLOW
941.29,0.42775991559028625,0.4605834719474519,velocity_abuse,REVIEW
492.9,0.20983409881591797,0.3386393864458881,suspicious_device,REVIEW
172.11,0.31761234998703003,0.3989327965755627,suspicious_device,REVIEW
819.6,0.424931138753891,0.3607643190823984,suspicious_device,REVIEW
27534.37,0.654107928276062,0.5032893454974054,unusual_amount,REVIEW
164.02,0.23741847276687622,0.3544049716942188,suspicious_device,REVIEW
223.59,0.20852971076965332,0.32954164668889385,suspicious_device,REVIEW
751.57,0.2118247151374817,0.3498496724077252,suspicious_device,REVIEW
3979.34,0.4274671971797943,0.4184830561941962,unusual_amount,REVIEW
444.78,0.30751314759254456,0.3803017927891857,velocity_abuse,REVIEW
209.46,0.3562316298484802,0.377234593498161,velocity_abuse,REVIEW
213.62,0.18309935927391052,0.33736718248401343,Clean,ALLOW
452.65,0.1716606169939041,0.3407449770669911,Clean,ALLOW
255.21,0.7178624272346497,0.40901606986688327,velocity_abuse,REVIEW
197.86,0.45018666982650757,0.3496510497557423,suspicious_device,REVIEW
409.31,0.21454811096191406,0.41935254117352,unusual_amount,REVIEW
215.38,0.36361628770828247,0.4340871680564398,account_takeover,REVIEW
757.44,0.9098219871520996,0.4862051489798973,account_takeover,BLOCK
71.73,0.2382321059703827,0.34456324261776117,velocity_abuse,REVIEW
169.62,0.17970755696296692,0.4026323246631829,Clean,ALLOW
122.87,0.18096168339252472,0.36514293139726334,Clean,ALLOW
967.84,0.2501881420612335,0.38478186260548325,velocity_abuse,REVIEW
412.0,0.21753840148448944,0.3650212193672519,velocity_abuse,REVIEW
391.73,0.47120457887649536,0.3906211416277869,suspicious_device,REVIEW
100.71,0.23737476766109467,0.34989645692547966,suspicious_device,REVIEW
192.34,0.45753350853919983,0.4405031063205659,suspicious_device,REVIEW
132.19,0.4863540828227997,0.4060977544235533,velocity_abuse,REVIEW
851.56,0.14506100118160248,0.374029252576606,Clean,ALLOW
344.56,0.1904556006193161,0.3323806230403976,Clean,ALLOW
198.12,0.24430938065052032,0.3916535358989521,suspicious_device,REVIEW
132.8,0.14707207679748535,0.35048512594099285,Clean,ALLOW
373.97,0.2433151751756668,0.34557154537602164,suspicious_device,REVIEW
220.21,0.20145295560359955,0.3312838195535869,suspicious_device,REVIEW
1295.9,0.581285834312439,0.3992459158761467,suspicious_device,REVIEW
628.79,0.20682692527770996,0.3336979617140332,suspicious_device,REVIEW
195.17,0.5514352917671204,0.3975482435223438,suspicious_device,REVIEW
83.91,0.43885567784309387,0.3916211862259845,account_takeover,REVIEW
222.58,0.15022563934326172,0.3658459274418751,Clean,ALLOW
198.64,0.2784069776535034,0.3391657602004489,suspicious_device,REVIEW
97.82,0.25951266288757324,0.3368046867245888,suspicious_device,REVIEW
322.12,0.1968420445919037,0.34338279592101506,Clean,ALLOW
217.18,0.31598737835884094,0.3855651179709495,suspicious_device,REVIEW
522.42,0.6928690075874329,0.4589202709245033,account_takeover,REVIEW
325.06,0.25924593210220337,0.36598398255454395,velocity_abuse,REVIEW
268.48,0.27938446402549744,0.3806927098224311,velocity_abuse,REVIEW
822.28,0.44894182682037354,0.4114629933870442,suspicious_device,REVIEW
860.43,0.21729160845279694,0.35128356647749864,suspicious_device,REVIEW
90.59,0.24576151371002197,0.36451222726923527,velocity_abuse,REVIEW
199.04,0.21754778921604156,0.347911855606285,suspicious_device,REVIEW
90.83,0.28364476561546326,0.3669324672870477,velocity_abuse,REVIEW
157.58,0.2788766026496887,0.46158628295712617,suspicious_device,REVIEW
343.74,0.4911739230155945,0.3786278313520795,suspicious_device,REVIEW
42.75,0.16512548923492432,0.3582022625257162,Clean,ALLOW
357.85,0.18051935732364655,0.33586363707976147,Clean,ALLOW
393.31,0.20146040618419647,0.35875484472791,velocity_abuse,REVIEW
329.71,0.17402316629886627,0.3839521509371029,Clean,ALLOW
367.48,0.15142057836055756,0.3559513460651903,Clean,ALLOW
149.53,0.1475697159767151,0.41515965834083385,Clean,ALLOW
439.61,0.17651352286338806,0.34966726821928557,Clean,ALLOW
715.09,0.24467860162258148,0.3533849248102401,velocity_abuse,REVIEW
1847.36,0.21736587584018707,0.4447110313815068,suspicious_device,REVIEW
336.86,0.1886897087097168,0.3395333923998029,Clean,ALLOW
646.7,0.3844155967235565,0.39398522897450405,velocity_abuse,REVIEW
939.95,0.18999646604061127,0.35615414468732887,Clean,ALLOW
473.41,0.20188799500465393,0.36461608957802466,velocity_abuse,REVIEW
765.29,0.20312808454036713,0.3748107504205939,velocity_abuse,REVIEW
554.82,0.679742157459259,0.4903029550357025,account_takeover,REVIEW
414.45,0.21233199536800385,0.3377349522535033,suspicious_device,REVIEW
549.72,0.1977439522743225,0.3343225810323985,Clean,ALLOW
164.47,0.1788932830095291,0.3558789521240533,Clean,ALLOW
734.03,0.2171148657798767,0.34808770448016796,suspicious_device,REVIEW
673.86,0.18296942114830017,0.3802276427523404,Clean,ALLOW
165.08,0.19996942579746246,0.36879770172765625,Clean,ALLOW
293.21,0.20396831631660461,0.3540232071294168,velocity_abuse,REVIEW
305.14,0.217823326587677,0.37553046643667104,suspicious_device,REVIEW
119.25,0.37047091126441956,0.4220524752467364,suspicious_device,REVIEW
2186.72,0.3112242519855499,0.3868802121342666,unusual_amount,REVIEW
2178.89,0.25271937251091003,0.4184551582757089,suspicious_device,REVIEW
259.29,0.4722714424133301,0.46041247082449516,account_takeover,REVIEW
397.22,0.172322079539299,0.46867165937513583,Clean,ALLOW
422.25,0.2537749707698822,0.392763777592709,velocity_abuse,REVIEW
222.74,0.44603127241134644,0.4421305354094096,suspicious_device,REVIEW
785.1,0.6361268162727356,0.43505202843359964,account_takeover,REVIEW
80.34,0.33953413367271423,0.36532557162551577,suspicious_device,REVIEW
166.0,0.2525794804096222,0.3899966099384835,velocity_abuse,REVIEW
289.6,0.20131060481071472,0.37070095984423623,suspicious_device,REVIEW
379.73,0.17666271328926086,0.3664745281009011,Clean,ALLOW
970.5,0.21956615149974823,0.4271737855874896,velocity_abuse,REVIEW
303.1,0.22695468366146088,0.3720352279293443,velocity_abuse,REVIEW
319.8,0.47580933570861816,0.4433224823074243,account_takeover,REVIEW
241.71,0.3984120190143585,0.4695914061769229,account_takeover,REVIEW
349.47,0.6273938417434692,0.4326301118177905,suspicious_device,REVIEW
1191.82,0.2823526859283447,0.4279275131982475,velocity_abuse,REVIEW
253.93,0.288237065076828,0.4071596006519583,suspicious_device,REVIEW
379.53,0.2006039321422577,0.4422525326143576,velocity_abuse,REVIEW
1088.27,0.24385754764080048,0.38575116086549716,velocity_abuse,REVIEW
382.39,0.16543041169643402,0.3966545707179829,Clean,ALLOW
143.86,0.11387839913368225,0.37399396383697886,Clean,ALLOW
451.59,0.3142280578613281,0.45509969239265446,velocity_abuse,REVIEW
92.98,0.22533318400382996,0.3735530673254219,velocity_abuse,REVIEW
162.99,0.23635122179985046,0.4322245933228702,suspicious_device,REVIEW
932.16,0.285447359085083,0.3770956288741368,velocity_abuse,REVIEW
376.84,0.20412805676460266,0.38185521941658246,suspicious_device,REVIEW
358.16,0.2120988517999649,0.37890006745101584,velocity_abuse,REVIEW
146.95,0.13977855443954468,0.37367093609341095,Clean,ALLOW
165.61,0.22146788239479065,0.37196730601456257,suspicious_device,REVIEW
553.63,0.1980791985988617,0.3708914497349498,Clean,ALLOW
282.83,0.22795560956001282,0.4222664631060527,velocity_abuse,REVIEW
179.86,0.40875956416130066,0.4316509945984454,suspicious_device,REVIEW
253.75,0.21398711204528809,0.3864095721530699,suspicious_device,REVIEW
1361.91,0.46463608741760254,0.476382554403262,unusual_amount,REVIEW
967.44,0.2657673954963684,0.3644753409622234,velocity_abuse,REVIEW
937.47,0.21686215698719025,0.377285178821699,suspicious_device,REVIEW
955.59,0.17318081855773926,0.4052584301498172,Clean,ALLOW
150.86,0.15771545469760895,0.3814520308082555,Clean,ALLOW
356.04,0.2759843170642853,0.38655383052424147,suspicious_device,REVIEW
938.54,0.1940007358789444,0.3806021369923149,Clean,ALLOW
252.97,0.2653440833091736,0.3719656595782287,velocity_abuse,REVIEW
369.72,0.18817923963069916,0.39007762137261054,Clean,ALLOW
162.17,0.7747587561607361,0.4692826202226764,suspicious_device,BLOCK
147.75,0.14089439809322357,0.370612836884177,Clean,ALLOW
270.27,0.1453765481710434,0.4390239205024303,Clean,ALLOW
192.89,0.1920432448387146,0.39378989556507527,Clean,ALLOW
1556.88,0.27162015438079834,0.37497610108688595,suspicious_device,REVIEW
441.22,0.19535264372825623,0.4131084591204618,Clean,ALLOW
173.66,0.23343665897846222,0.3592034569049952,suspicious_device,REVIEW
39.08,0.2999916970729828,0.44364200922859587,velocity_abuse,REVIEW
426.07,0.19899095594882965,0.36342799409603777,Clean,ALLOW
230.61,0.20911504328250885,0.3734208741077838,suspicious_device,REVIEW
215.6,0.1566952019929886,0.4347156722251942,Clean,ALLOW
263.26,0.1494067758321762,0.42209972411005736,Clean,ALLOW
90.53,0.25472572445869446,0.37517041219137487,suspicious_device,REVIEW
349.69,0.21946382522583008,0.38957369483852106,suspicious_device,REVIEW
180.3,0.3143019676208496,0.4157158705629136,suspicious_device,REVIEW
1393.49,0.19475451111793518,0.402805716470925,Clean,ALLOW
1513.62,0.2410689741373062,0.39374988227180097,suspicious_device,REVIEW
351.94,0.2686494290828705,0.41505333738496314,velocity_abuse,REVIEW
654.86,0.1733551174402237,0.4599570170800045,Clean,ALLOW
636.9,0.5386130809783936,0.47412619497415326,account_takeover,REVIEW
1140.11,0.2623125910758972,0.4342906859362633,velocity_abuse,REVIEW
306.94,0.3975939154624939,0.44683596977786466,velocity_abuse,REVIEW
183.37,0.21936112642288208,0.36868673645424743,suspicious_device,REVIEW
249.31,0.1916058212518692,0.4094840674896838,Clean,ALLOW
1549.76,0.21624264121055603,0.42092648142035993,velocity_abuse,REVIEW
669.7,0.15737499296665192,0.4313621959826384,Clean,ALLOW
494.03,0.1473953127861023,0.47257536871405037,Clean,ALLOW
671.22,0.2179054319858551,0.35449965329829636,velocity_abuse,REVIEW
483.97,0.18316754698753357,0.4517870339748368,Clean,ALLOW
154.22,0.8389410972595215,0.48141217217570764,suspicious_device,BLOCK
118.38,0.3457735776901245,0.48154576239903374,suspicious_device,REVIEW
313.75,0.22730639576911926,0.4517653708466727,unusual_amount,REVIEW
1227.82,0.5664946436882019,0.4091665960302425,suspicious_device,REVIEW
1742.61,0.2627429962158203,0.3721048193241089,suspicious_device,REVIEW
1079.49,0.28137630224227905,0.3629039774189903,velocity_abuse,REVIEW
407.37,0.25037673115730286,0.3548009548890247,velocity_abuse,REVIEW
280.25,0.3875149190425873,0.4473101885046424,account_takeover,REVIEW
714.11,0.5654996633529663,0.4030705844571997,suspicious_device,REVIEW
99.41,0.33772414922714233,0.38542082940413563,velocity_abuse,REVIEW
306.38,0.47261983156204224,0.40498832758697867,suspicious_device,REVIEW
742.91,0.28774553537368774,0.34590595525163154,velocity_abuse,REVIEW
1791.45,0.254729688167572,0.3739808460891324,velocity_abuse,REVIEW
301.05,0.4688122570514679,0.40930610480989754,velocity_abuse,REVIEW
313.1,0.24074134230613708,0.4068078880247303,velocity_abuse,REVIEW
2459.96,0.2236592322587967,0.3968950143667734,unusual_amount,REVIEW
277.67,0.3776920437812805,0.40847898395842436,unusual_amount,REVIEW
378.68,0.18701626360416412,0.3569666887215204,Clean,ALLOW
1056.58,0.2673053741455078,0.43010414159019933,velocity_abuse,REVIEW
701.77,0.40536168217658997,0.40868574825205317,suspicious_device,REVIEW
230.57,0.287718266248703,0.4107995273401656,suspicious_device,REVIEW
456.68,0.6473759412765503,0.506257152630095,account_takeover,REVIEW
115.77,0.7232041954994202,0.4098581953390589,suspicious_device,REVIEW
432.1,0.517146646976471,0.40065706790570094,velocity_abuse,REVIEW
1360.32,0.26661786437034607,0.3801611323372221,unusual_amount,REVIEW
152.56,0.21641264855861664,0.34565983456059923,suspicious_device,REVIEW
247.45,0.2549681067466736,0.3514790896342666,velocity_abuse,REVIEW
387.33,0.3532353937625885,0.38609758942820116,velocity_abuse,REVIEW
223.91,0.27872538566589355,0.3600537330512224,velocity_abuse,REVIEW
473.98,0.23341265320777893,0.3609374487859241,velocity_abuse,REVIEW
505.63,0.2203683853149414,0.3428366471357034,velocity_abuse,REVIEW
118.75,0.2482425421476364,0.3421705371357952,suspicious_device,REVIEW
656.97,0.5673926472663879,0.40471057153117707,suspicious_device,REVIEW
256.64,0.2953834533691406,0.36012684986600935,velocity_abuse,REVIEW
234.58,0.3421086072921753,0.40302746760869734,suspicious_device,REVIEW
95.32,0.36121952533721924,0.38386746697477986,velocity_abuse,REVIEW
767.39,0.26154544949531555,0.3693881311366677,velocity_abuse,REVIEW
186.59,0.22673849761486053,0.3778142177267589,suspicious_device,REVIEW
2641.56,0.18654772639274597,0.38479273324566016,Clean,ALLOW
945.22,0.2459467202425003,0.3841892908431871,velocity_abuse,REVIEW
223.96,0.24289821088314056,0.345157509576279,velocity_abuse,REVIEW
341.67,0.2112162858247757,0.3405483212810974,velocity_abuse,REVIEW
215.61,0.24503155052661896,0.36643788973913644,velocity_abuse,REVIEW
242.63,0.36775338649749756,0.3870394023340498,suspicious_device,REVIEW
640.51,0.33074894547462463,0.3843903478050132,suspicious_device,REVIEW
384.41,0.23881874978542328,0.35927908968747857,velocity_abuse,REVIEW
479.08,0.24682621657848358,0.34538586678711686,velocity_abuse,REVIEW
430.58,0.3285307288169861,0.38712791999405594,velocity_abuse,REVIEW
773.27,0.27244535088539124,0.3672320938144851,velocity_abuse,REVIEW
308.51,0.20628789067268372,0.3397100338977469,suspicious_device,REVIEW
456.28,0.24864329397678375,0.35616339436678907,velocity_abuse,REVIEW
752.57,0.3766680955886841,0.4230847915284121,unusual_amount,REVIEW
1575.07,0.33795446157455444,0.38700823403562323,suspicious_device,REVIEW
120.34,0.2927456498146057,0.3379537795026171,suspicious_device,REVIEW
445.17,0.2180473506450653,0.35121070022287065,velocity_abuse,REVIEW
1378.25,0.21245235204696655,0.36818266420555323,suspicious_device,REVIEW
2237.2,0.20763713121414185,0.38050324232067473,suspicious_device,REVIEW
815.62,0.4040403366088867,0.38887209626536,velocity_abuse,REVIEW
341.74,0.4058656096458435,0.4226530335316495,suspicious_device,REVIEW
205.56,0.2728380858898163,0.39881254208950745,velocity_abuse,REVIEW
477.38,0.29144051671028137,0.37767089164662404,suspicious_device,REVIEW
2393.39,0.2181326299905777,0.4121468713620938,unusual_amount,REVIEW
705.14,0.19305144250392914,0.34746844459861054,Clean,ALLOW
962.09,0.25583207607269287,0.3640378298568061,suspicious_device,REVIEW
439.34,0.5960170030593872,0.40744530368623155,account_takeover,REVIEW
133.04,0.25961852073669434,0.3926578203308588,suspicious_device,REVIEW
338.44,0.21103501319885254,0.3446893562745186,suspicious_device,REVIEW
958.15,0.24962648749351501,0.35843719773409816,velocity_abuse,REVIEW
220.29,0.26902320981025696,0.3669063746219655,velocity_abuse,REVIEW
259.69,0.335861474275589,0.3538336140172233,velocity_abuse,REVIEW
494.13,0.23526735603809357,0.3498209260523432,velocity_abuse,REVIEW
400.99,0.4315532445907593,0.4270905164719444,velocity_abuse,REVIEW
1138.84,0.38253289461135864,0.37898082132694727,velocity_abuse,REVIEW
284.84,0.2485186606645584,0.35361178464414467,velocity_abuse,REVIEW
519.29,0.2802963852882385,0.3606545614549539,velocity_abuse,REVIEW
1814.46,0.14963339269161224,0.3827278422922631,Clean,ALLOW
406.91,0.22168035805225372,0.33402755967786785,velocity_abuse,REVIEW
336.56,0.24161700904369354,0.3525518515569904,suspicious_device,REVIEW
121.03,0.5655820369720459,0.4031749615975517,suspicious_device,REVIEW
248.57,0.26361939311027527,0.3665995808326654,suspicious_device,REVIEW
581.75,0.1866062432527542,0.3389432204503437,Clean,ALLOW
302.5,0.210424542427063,0.35781133079995514,velocity_abuse,REVIEW
258.84,0.2833961546421051,0.36043695757687394,velocity_abuse,REVIEW
62.0,0.43926477432250977,0.3408268228981102,velocity_abuse,REVIEW
284.87,0.26661187410354614,0.3802866927668972,velocity_abuse,REVIEW
4844.73,0.702779233455658,0.4661915076321575,unusual_amount,REVIEW
408.53,0.1695926934480667,0.3578662411034551,Clean,ALLOW
113.1,0.40430644154548645,0.42826657326577355,velocity_abuse,REVIEW
1537.55,0.27511531114578247,0.35735643441439685,suspicious_device,REVIEW
226.7,0.3262975215911865,0.43958192249105627,unusual_amount,REVIEW
1027.07,0.2478184849023819,0.38270933100263704,suspicious_device,REVIEW
1699.96,0.48723387718200684,0.3867309405450957,suspicious_device,REVIEW
752.03,0.24751973152160645,0.3446548888451416,suspicious_device,REVIEW
451.94,0.2544972896575928,0.35248249658075365,suspicious_device,REVIEW
1474.38,0.23929809033870697,0.393299515518047,suspicious_device,REVIEW
236.96,0.2502098083496094,0.34022100236282327,velocity_abuse,REVIEW
630.61,0.29150447249412537,0.3717816191487521,suspicious_device,REVIEW
1858.73,0.3772706985473633,0.40040171347611064,unusual_amount,REVIEW
367.96,0.34026679396629333,0.3899140507667403,velocity_abuse,REVIEW
610.63,0.20706617832183838,0.34953960261156386,velocity_abuse,REVIEW
225.88,0.40767985582351685,0.3749525306030436,velocity_abuse,REVIEW
1556.04,0.29275980591773987,0.35268867145928745,velocity_abuse,REVIEW
315.5,0.35027286410331726,0.41071593794380196,suspicious_device,REVIEW
142.8,0.3464435935020447,0.4024277060023028,suspicious_device,REVIEW
232.81,0.5097087025642395,0.42729464718452836,velocity_abuse,REVIEW
346.47,0.38353225588798523,0.3836111478696769,suspicious_device,REVIEW
588.62,0.43521901965141296,0.4043218820295616,suspicious_device,REVIEW
558.66,0.19579742848873138,0.34728716584060665,Clean,ALLOW
342.23,0.21029268205165863,0.36388633187393227,suspicious_device,REVIEW
130.96,0.25271156430244446,0.3707886815366439,velocity_abuse,REVIEW
322.61,0.38453564047813416,0.4017768525084617,suspicious_device,REVIEW
865.39,0.2349693328142166,0.3408693185221789,velocity_abuse,REVIEW
652.26,0.22668246924877167,0.3774958034026801,velocity_abuse,REVIEW
211.87,0.2079700231552124,0.37012427294534256,suspicious_device,REVIEW
576.92,0.1991971731185913,0.36024493592811685,Clean,ALLOW
760.08,0.2037597894668579,0.3633583549347923,suspicious_device,REVIEW
72.7,0.30183175206184387,0.3610868732586053,velocity_abuse,REVIEW
1411.27,0.5160884261131287,0.4022440363956918,suspicious_device,REVIEW
1035.81,0.2686527967453003,0.34374208627848335,velocity_abuse,REVIEW
506.21,0.204905167222023,0.3594418817373496,velocity_abuse,REVIEW
276.74,0.19604112207889557,0.4359703368907287,Clean,ALLOW
1244.88,0.428442120552063,0.4377631435799876,velocity_abuse,REVIEW
197.1,0.1998281478881836,0.434461384344932,Clean,ALLOW
349.11,0.3328442871570587,0.38126326445788933,velocity_abuse,REVIEW
286.1,0.39917445182800293,0.38393049584552064,suspicious_device,REVIEW
218.83,0.24654515087604523,0.34004064768321624,velocity_abuse,REVIEW
418.46,0.19714833796024323,0.36651929234221864,Clean,ALLOW
477.34,0.1950533390045166,0.34885387860850214,Clean,ALLOW
94.78,0.2780596613883972,0.34307949180135777,velocity_abuse,REVIEW
210.54,0.25366121530532837,0.34408377827255565,suspicious_device,REVIEW
546.36,0.18115325272083282,0.3379872171925445,Clean,ALLOW
1961.94,0.2976401448249817,0.4456065779356591,unusual_amount,REVIEW
640.85,0.1640804409980774,0.3602212493924979,Clean,ALLOW
327.79,0.5286561250686646,0.40376012473508405,suspicious_device,REVIEW
257.36,0.2777285575866699,0.36117346658068933,velocity_abuse,REVIEW
1714.79,0.34577682614326477,0.4051697629932263,suspicious_device,REVIEW
1739.48,0.22007955610752106,0.37971850642516347,suspicious_device,REVIEW
117.3,0.4148123860359192,0.3977096118161927,suspicious_device,REVIEW
573.54,0.1848641335964203,0.3367662310557829,Clean,ALLOW
258.78,0.24863603711128235,0.3440860132793125,suspicious_device,REVIEW
435.66,0.18293514847755432,0.3487791162918344,Clean,ALLOW
676.53,0.21289582550525665,0.3400700488051261,suspicious_device,REVIEW
634.63,0.20437109470367432,0.335445533171724,velocity_abuse,REVIEW
697.27,0.2286328822374344,0.3461573340567915,suspicious_device,REVIEW
55.88,0.25937843322753906,0.34293742515867304,velocity_abuse,REVIEW
700.26,0.21729961037635803,0.35256707045434565,suspicious_device,REVIEW
421.21,0.14641064405441284,0.3570568087452894,Clean,ALLOW
1664.02,0.3518977761268616,0.3910199333179856,suspicious_device,REVIEW
327.35,0.23296748101711273,0.3610736166291267,velocity_abuse,REVIEW
268.69,0.18810895085334778,0.3448819446389704,Clean,ALLOW
400.45,0.19503581523895264,0.3375143132475616,Clean,ALLOW
33.43,0.19156621396541595,0.33711315239854084,Clean,ALLOW
65.93,0.31311893463134766,0.36116382903856736,velocity_abuse,REVIEW
267.36,0.30287474393844604,0.4019429050137729,unusual_amount,REVIEW
472.32,0.1858752816915512,0.3355909846702225,Clean,ALLOW
1095.97,0.20451727509498596,0.3504617505813977,suspicious_device,REVIEW
2655.27,0.2620689272880554,0.3881641907417128,suspicious_device,REVIEW
162.31,0.7127369046211243,0.45558379240532165,suspicious_device,REVIEW
231.79,0.22282464802265167,0.34766894761099815,suspicious_device,REVIEW
460.27,0.19372160732746124,0.3427295669534206,Clean,ALLOW
423.33,0.17426654696464539,0.35590484965443653,Clean,ALLOW
1139.51,0.42177674174308777,0.4108661078933244,velocity_abuse,REVIEW
411.21,0.21789945662021637,0.35771225507300614,velocity_abuse,REVIEW
203.64,0.208106130361557,0.3598899751049865,suspicious_device,REVIEW
219.47,0.1930931806564331,0.40826819241857604,Clean,ALLOW
139.48,0.20250163972377777,0.3631747815091443,velocity_abuse,REVIEW
313.13,0.325283020734787,0.47448090443899105,account_takeover,REVIEW
1302.84,0.7910987734794617,0.5317280983023437,account_takeover,BLOCK
617.34,0.21340739727020264,0.36091874951745073,suspicious_device,REVIEW
244.53,0.20499899983406067,0.3759139598362025,suspicious_device,REVIEW
4641.09,0.6579996347427368,0.42136630555773064,unusual_amount,REVIEW
397.84,0.22734779119491577,0.3452611652902614,velocity_abuse,REVIEW
1674.7,0.2372754067182541,0.3859371136325538,suspicious_device,REVIEW
806.63,0.44406911730766296,0.4621588514098895,velocity_abuse,REVIEW
60.21,0.38494008779525757,0.3584166667780661,velocity_abuse,REVIEW
1554.01,0.19159601628780365,0.3802514950662055,Clean,ALLOW
258.5,0.20474869012832642,0.34767968757386586,suspicious_device,REVIEW
287.36,0.1686866134405136,0.42945502371197863,Clean,ALLOW
424.78,0.19290338456630707,0.3527162514809266,Clean,ALLOW
333.31,0.18681804835796356,0.3570895581469186,Clean,ALLOW
163.03,0.22499556839466095,0.3483260262854548,suspicious_device,REVIEW
181.17,0.19175468385219574,0.36910560705775436,Clean,ALLOW
2355.61,0.16317535936832428,0.40750555953749396,Clean,ALLOW
837.13,0.22690321505069733,0.35416722966061387,velocity_abuse,REVIEW
444.3,0.21136699616909027,0.38299027475237113,velocity_abuse,REVIEW
252.96,0.23716798424720764,0.37888030268828166,suspicious_device,REVIEW
172.82,0.40992119908332825,0.44699963678101995,suspicious_device,REVIEW
271.81,0.1801987588405609,0.3386060128139748,Clean,ALLOW
697.59,0.19742411375045776,0.35887894392988395,Clean,ALLOW
688.68,0.23713421821594238,0.41447138451411336,velocity_abuse,REVIEW
327.39,0.2720363438129425,0.4149251526590804,suspicious_device,REVIEW
562.73,0.1868988275527954,0.37884175965353867,Clean,ALLOW
598.86,0.2222176492214203,0.36729497026421004,velocity_abuse,REVIEW
313.78,0.37125110626220703,0.4632077337518789,suspicious_device,REVIEW
517.4,0.22485095262527466,0.41671268714357523,velocity_abuse,REVIEW
426.37,0.19989226758480072,0.38150200526741224,Clean,ALLOW
667.23,0.2438724935054779,0.37678654939884176,velocity_abuse,REVIEW
66.86,0.6276960968971252,0.41506681167470594,account_takeover,REVIEW
277.14,0.46455124020576477,0.41259900420288453,suspicious_device,REVIEW
410.51,0.16626538336277008,0.4655793506445484,Clean,ALLOW
688.61,0.5981307625770569,0.3879618153546975,suspicious_device,REVIEW
526.69,0.2034466415643692,0.40303039363174,velocity_abuse,REVIEW
277.19,0.3273748755455017,0.4579261850305198,suspicious_device,REVIEW
132.67,0.15349867939949036,0.3606346220096726,Clean,ALLOW
220.45,0.2090870887041092,0.37789640835499855,suspicious_device,REVIEW
194.74,0.35980138182640076,0.4092150453442551,suspicious_device,REVIEW
297.98,0.20028674602508545,0.3793564649938089,suspicious_device,REVIEW
1638.6,0.2715373635292053,0.37910983073413496,suspicious_device,REVIEW
386.5,0.2745613157749176,0.3613868723501955,velocity_abuse,REVIEW
417.81,0.2846454977989197,0.3992739755819194,velocity_abuse,REVIEW
1727.48,0.403312623500824,0.43912851052571356,suspicious_device,REVIEW
772.25,0.31056487560272217,0.407261627256547,account_takeover,REVIEW
2774.09,0.19993524253368378,0.4306383331899834,Clean,ALLOW
6591.52,0.7788389325141907,0.4352655601018085,unusual_amount,BLOCK
328.02,0.20472371578216553,0.36491303465674657,suspicious_device,REVIEW
719.74,0.228823721408844,0.36862061375670235,suspicious_device,REVIEW
85.4,0.25690463185310364,0.38983357307120214,suspicious_device,REVIEW
610.39,0.5643057823181152,0.467948431145061,suspicious_device,REVIEW
599.55,0.2494349181652069,0.39157787188257587,suspicious_device,REVIEW
540.92,0.17008991539478302,0.42265264681154047,Clean,ALLOW
153.19,0.1717098355293274,0.36520918516852624,Clean,ALLOW
100.42,0.2435772567987442,0.3821108819866092,suspicious_device,REVIEW
250.92,0.2182263284921646,0.37014411892708754,suspicious_device,REVIEW
139.95,0.22458383440971375,0.39654838504331147,velocity_abuse,REVIEW
1236.95,0.26240110397338867,0.40208519423270267,suspicious_device,REVIEW
105.58,0.24464240670204163,0.36699295363646023,suspicious_device,REVIEW
117.95,0.23606909811496735,0.3714496150596323,suspicious_device,REVIEW
693.14,0.3621002733707428,0.3924695547776138,velocity_abuse,REVIEW
175.08,0.22514013946056366,0.37240409764295873,suspicious_device,REVIEW
107.4,0.3511355221271515,0.4170364373384514,velocity_abuse,REVIEW
251.85,0.2285073697566986,0.3780382009469655,suspicious_device,REVIEW
90.05,0.26842328906059265,0.39831521573403894,velocity_abuse,REVIEW
383.56,0.17409032583236694,0.3975097155244881,Clean,ALLOW
148.63,0.17189182341098785,0.40156448974065545,Clean,ALLOW
258.66,0.20608387887477875,0.37152472679506515,velocity_abuse,REVIEW
536.5,0.5185079574584961,0.5105523955727718,suspicious_device,REVIEW
888.12,0.2268998771905899,0.37653243903106026,suspicious_device,REVIEW
1617.96,0.2955162525177002,0.40785171623050415,velocity_abuse,REVIEW
204.38,0.26740384101867676,0.46080430505661857,unusual_amount,REVIEW
864.12,0.43500351905822754,0.42749563135717905,suspicious_device,REVIEW
297.47,0.2551014721393585,0.39699605896298185,suspicious_device,REVIEW
278.87,0.22894185781478882,0.3794306056265082,suspicious_device,REVIEW
334.89,0.3001461327075958,0.4038219624354243,velocity_abuse,REVIEW
639.53,0.1834278255701065,0.43538355138953994,Clean,ALLOW
98.03,0.2865285873413086,0.37778656213780015,velocity_abuse,REVIEW
163.76,0.2176848202943802,0.40439627572038706,suspicious_device,REVIEW
1697.34,0.2811475992202759,0.39628873935506004,suspicious_device,REVIEW
335.57,0.23562319576740265,0.4959146612231337,velocity_abuse,REVIEW
685.66,0.5634052157402039,0.47783544856108195,account_takeover,REVIEW
803.92,0.27878764271736145,0.3831879987888358,suspicious_device,REVIEW
203.22,0.23753122985363007,0.40484610036188845,suspicious_device,REVIEW
172.12,0.31723085045814514,0.41880236554527994,velocity_abuse,REVIEW
297.11,0.3738115727901459,0.41000311891505403,suspicious_device,REVIEW
111.43,0.7320426106452942,0.45463602668820285,account_takeover,REVIEW
894.54,0.19779546558856964,0.39981284345708096,Clean,ALLOW
205.26,0.24399535357952118,0.3984594396683186,suspicious_device,REVIEW
170.26,0.22593186795711517,0.4109234366525971,suspicious_device,REVIEW
829.64,0.2532387673854828,0.3992479297537844,velocity_abuse,REVIEW
605.21,0.1647878885269165,0.3881957052877833,Clean,ALLOW
624.09,0.2508830428123474,0.39264839896937526,suspicious_device,REVIEW
327.04,0.40152379870414734,0.436005752453873,suspicious_device,REVIEW
462.7,0.21122899651527405,0.3732566515337586,suspicious_device,REVIEW
736.66,0.17480245232582092,0.3961055798506933,Clean,ALLOW
176.1,0.43179234862327576,0.4146718967590277,suspicious_device,REVIEW
193.09,0.6404714584350586,0.5142950164792195,account_takeover,REVIEW
264.05,0.21903425455093384,0.40741434667992243,suspicious_device,REVIEW
875.62,0.22535991668701172,0.37054037668000334,suspicious_device,REVIEW
1211.73,0.27879172563552856,0.39646107701340777,suspicious_device,REVIEW
284.81,0.19403059780597687,0.4546588189967263,Clean,ALLOW
904.69,0.2790152430534363,0.4219539726974762,velocity_abuse,REVIEW
267.44,0.8058582544326782,0.5461858727838554,account_takeover,BLOCK
273.99,0.7341967225074768,0.5246204217448348,account_takeover,REVIEW
231.04,0.42416736483573914,0.4137822551646698,velocity_abuse,REVIEW
214.19,0.28318071365356445,0.37606725457228823,velocity_abuse,REVIEW
1339.58,0.2369469404220581,0.3865914000607271,velocity_abuse,REVIEW
83.73,0.9141728281974792,0.4830520713347617,account_takeover,BLOCK
893.22,0.4368232190608978,0.43666292025304887,suspicious_device,REVIEW
97.31,0.36026716232299805,0.3610004852152088,velocity_abuse,REVIEW
926.81,0.5671008825302124,0.45802633275257915,account_takeover,REVIEW
102.58,0.4069780111312866,0.3600869096894943,velocity_abuse,REVIEW
138.92,0.6994288563728333,0.43435847305078173,suspicious_device,REVIEW
218.44,0.20551972091197968,0.4008727128758203,velocity_abuse,REVIEW
508.54,0.5039514899253845,0.4061550880801254,velocity_abuse,REVIEW
221.84,0.6006478667259216,0.41281131029738555,suspicious_device,REVIEW
579.49,0.2550073266029358,0.3668550301823621,velocity_abuse,REVIEW
129.31,0.33730196952819824,0.3644943668413769,velocity_abuse,REVIEW
954.24,0.292919784784317,0.35872978118059434,suspicious_device,REVIEW
442.12,0.26842594146728516,0.3598844180068605,velocity_abuse,REVIEW
382.52,0.8119978904724121,0.46192074223289326,account_takeover,BLOCK
393.55,0.2640238106250763,0.3565425745157975,velocity_abuse,REVIEW
742.73,0.20513853430747986,0.36973394770312684,unusual_amount,REVIEW
103.21,0.3053376078605652,0.3578324880974143,velocity_abuse,REVIEW
369.55,0.29901084303855896,0.35497380164417286,velocity_abuse,REVIEW
1451.06,0.2549506723880768,0.37936702717598425,suspicious_device,REVIEW
387.2,0.772217869758606,0.5006993403212436,account_takeover,BLOCK
277.54,0.2515755295753479,0.35009935093542094,velocity_abuse,REVIEW
1087.48,0.3125019073486328,0.38692943417438896,velocity_abuse,REVIEW
935.49,0.7620022296905518,0.4728605229620996,account_takeover,BLOCK
668.28,0.4035123884677887,0.43592324796954984,velocity_abuse,REVIEW
539.62,0.49523165822029114,0.40975497432172653,suspicious_device,REVIEW
747.98,0.2665172517299652,0.3683012707825999,velocity_abuse,REVIEW
590.15,0.2420005351305008,0.3737552763895206,velocity_abuse,REVIEW
108.68,0.29320961236953735,0.41517329828684785,velocity_abuse,REVIEW
241.2,0.26897913217544556,0.35834916249188714,velocity_abuse,REVIEW
255.63,0.26164576411247253,0.35662956540744895,velocity_abuse,REVIEW
227.2,0.29272666573524475,0.36471987608058537,suspicious_device,REVIEW
334.47,0.27412694692611694,0.364383262914236,velocity_abuse,REVIEW
312.37,0.32132625579833984,0.37816709655717856,velocity_abuse,REVIEW
97.87,0.3013455867767334,0.39011804706530934,unusual_amount,REVIEW
259.91,0.26768794655799866,0.36147720982753395,velocity_abuse,REVIEW
433.18,0.26274651288986206,0.39002087710068123,velocity_abuse,REVIEW
895.52,0.3830181062221527,0.4238133854747225,unusual_amount,REVIEW
269.48,0.3801898658275604,0.39047282102699016,velocity_abuse,REVIEW
238.43,0.32078808546066284,0.3697900760330693,suspicious_device,REVIEW
392.81,0.4331585764884949,0.4166586920093984,velocity_abuse,REVIEW
419.21,0.1592158079147339,0.38169515038395124,Clean,ALLOW
297.38,0.2743835747241974,0.36463986151840894,velocity_abuse,REVIEW
211.62,0.30245500802993774,0.3853546878412588,velocity_abuse,REVIEW
129.06,0.45251592993736267,0.38074303191069364,velocity_abuse,REVIEW
151.51,0.1869499683380127,0.3833430654031678,Clean,ALLOW
528.02,0.27961915731430054,0.35100422052343433,velocity_abuse,REVIEW
253.87,0.2946731150150299,0.35681370671213003,suspicious_device,REVIEW
579.3,0.30385762453079224,0.40214769249007776,velocity_abuse,REVIEW
66.08,0.3989805579185486,0.3626329466463009,velocity_abuse,REVIEW
58.17,0.43318694829940796,0.4106869347746472,unusual_amount,REVIEW
180.75,0.30764639377593994,0.3540470211805326,suspicious_device,REVIEW
394.78,0.23143945634365082,0.35529615909535683,velocity_abuse,REVIEW
118.03,0.34185996651649475,0.38817068690457557,suspicious_device,REVIEW
489.25,0.42486098408699036,0.39957370985405877,velocity_abuse,REVIEW
156.3,0.2291889786720276,0.3573190584143372,velocity_abuse,REVIEW
89.88,0.31678250432014465,0.3896834243399464,velocity_abuse,REVIEW
345.44,0.7033112049102783,0.4078855179854322,suspicious_device,REVIEW
290.66,0.6874616742134094,0.4341544619562224,velocity_abuse,REVIEW
908.5,0.2732117176055908,0.36697034897212477,suspicious_device,REVIEW
291.07,0.6585482954978943,0.41870802172354743,suspicious_device,REVIEW
751.67,0.2693689167499542,0.35612886139338085,velocity_abuse,REVIEW
541.23,0.33816638588905334,0.38010182240637697,velocity_abuse,REVIEW
146.76,0.5594239234924316,0.43174125008361586,suspicious_device,REVIEW
370.77,0.2734754979610443,0.36174972225933855,suspicious_device,REVIEW
274.01,0.30553820729255676,0.35304391325133017,velocity_abuse,REVIEW
462.88,0.426309198141098,0.4964778931446448,velocity_abuse,REVIEW
114.94,0.3285999596118927,0.37591365368956187,suspicious_device,REVIEW
196.82,0.4644555449485779,0.40473248314501886,suspicious_device,REVIEW
195.48,0.31605827808380127,0.3568906941927216,velocity_abuse,REVIEW
225.67,0.27152860164642334,0.37736408467393473,suspicious_device,REVIEW
122.95,0.31411948800086975,0.36940478767972484,suspicious_device,REVIEW
608.22,0.4858611226081848,0.40951632272958893,velocity_abuse,REVIEW
101.95,0.4217166602611542,0.4065202812978603,velocity_abuse,REVIEW
327.22,0.25445356965065,0.35420559604091684,velocity_abuse,REVIEW
147.64,0.20574089884757996,0.3504015158935226,suspicious_device,REVIEW
288.84,0.2022569477558136,0.3885425018692812,suspicious_device,REVIEW
533.3,0.16717708110809326,0.36569282537304826,Clean,ALLOW
359.19,0.22849129140377045,0.3661130260861574,suspicious_device,REVIEW
222.09,0.2908349931240082,0.3550852492330304,velocity_abuse,REVIEW
733.27,0.28715386986732483,0.38230112612399536,suspicious_device,REVIEW
651.52,0.32015788555145264,0.3528348656281726,velocity_abuse,REVIEW
338.29,0.20340628921985626,0.35932480305520764,velocity_abuse,REVIEW
1954.18,0.2494470775127411,0.43423118287404344,unusual_amount,REVIEW
135.03,0.25247424840927124,0.37905151986777896,velocity_abuse,REVIEW
900.43,0.5494353175163269,0.4128173699615162,suspicious_device,REVIEW
455.77,0.3303547501564026,0.38572859507970897,velocity_abuse,REVIEW
481.95,0.20533454418182373,0.35804305596262725,velocity_abuse,REVIEW
488.5,0.253834068775177,0.3458862327633488,velocity_abuse,REVIEW
1025.47,0.26606351137161255,0.43095921075081634,unusual_amount,REVIEW
195.47,0.31581905484199524,0.3573478872645925,velocity_abuse,REVIEW
93.75,0.22472161054611206,0.38012895226483684,velocity_abuse,REVIEW
475.79,0.3172256648540497,0.38584745817648497,suspicious_device,REVIEW
370.31,0.14971093833446503,0.37895164036425144,Clean,ALLOW
285.08,0.22515666484832764,0.373085257674041,suspicious_device,REVIEW
223.26,0.2358412742614746,0.3544324871796171,velocity_abuse,REVIEW
141.58,0.22642016410827637,0.342924017446733,suspicious_device,REVIEW
149.37,0.1963595300912857,0.3667666199410635,Clean,ALLOW
73.67,0.36151042580604553,0.4525590963177807,velocity_abuse,REVIEW
290.26,0.20905794203281403,0.3738463101010857,suspicious_device,REVIEW
365.33,0.19145208597183228,0.36016627041484384,Clean,ALLOW
384.17,0.2827693223953247,0.36364014777561365,velocity_abuse,REVIEW
230.85,0.1991584151983261,0.3607317644914607,Clean,ALLOW
122.91,0.31840696930885315,0.4056739827526429,velocity_abuse,REVIEW
138.65,0.36177942156791687,0.3727840870535047,velocity_abuse,REVIEW
134.62,0.7406545877456665,0.4921506665077672,suspicious_device,REVIEW
119.57,0.27315235137939453,0.3522774845293166,suspicious_device,REVIEW
240.96,0.2094593197107315,0.3582038610058353,suspicious_device,REVIEW
84.1,0.2454216480255127,0.38486760579788004,velocity_abuse,REVIEW
200.05,0.3334738314151764,0.36877259972989884,velocity_abuse,REVIEW
481.03,0.22642387449741364,0.35058850334480757,velocity_abuse,REVIEW
118.16,0.21644455194473267,0.3538245919591767,suspicious_device,REVIEW
1381.49,0.34869062900543213,0.36656010339947365,suspicious_device,REVIEW
168.57,0.2326667457818985,0.345215164059428,suspicious_device,REVIEW
68.85,0.36836814880371094,0.38628948258043244,velocity_abuse,REVIEW
485.64,0.2160198986530304,0.35043787665443354,velocity_abuse,REVIEW
734.31,0.20181724429130554,0.3952617724285771,velocity_abuse,REVIEW
315.03,0.2711714208126068,0.3703933348359802,velocity_abuse,REVIEW
382.95,0.2535991072654724,0.37642857226090337,velocity_abuse,REVIEW
819.1,0.21312138438224792,0.3737188668908155,velocity_abuse,REVIEW
99.64,0.570534348487854,0.4379717261044159,velocity_abuse,REVIEW
336.93,0.22330552339553833,0.39182887708807174,velocity_abuse,REVIEW
1756.36,0.2505173087120056,0.3869665849651722,unusual_amount,REVIEW
236.62,0.4225771129131317,0.38181551480977055,velocity_abuse,REVIEW
115.92,0.2562352418899536,0.3848221360715869,suspicious_device,REVIEW
156.89,0.15041935443878174,0.4231163313809861,Clean,ALLOW
1000.47,0.28866663575172424,0.3682408357142808,suspicious_device,REVIEW
357.54,0.5988951325416565,0.4371137336855252,suspicious_device,REVIEW
273.31,0.39934098720550537,0.45672664021781323,suspicious_device,REVIEW
475.72,0.406053364276886,0.39895760178772544,velocity_abuse,REVIEW
321.8,0.3948197066783905,0.41576837446323356,velocity_abuse,REVIEW
234.32,0.26038703322410583,0.38496473221000654,velocity_abuse,REVIEW
303.99,0.23566587269306183,0.3729762737768321,suspicious_device,REVIEW
197.65,0.28838416934013367,0.3483301919864191,suspicious_device,REVIEW
389.55,0.24817350506782532,0.36589116785463366,unusual_amount,REVIEW
316.39,0.20832252502441406,0.3549150394426138,suspicious_device,REVIEW
69.02,0.32388418912887573,0.35989090910406146,suspicious_device,REVIEW
258.89,0.5850605964660645,0.47193356205223436,account_takeover,REVIEW
168.76,0.25732967257499695,0.3833000539456303,suspicious_device,REVIEW
701.39,0.26279473304748535,0.34624769389831617,unusual_amount,REVIEW
622.76,0.2942778468132019,0.4365254447215613,unusual_amount,REVIEW
451.21,0.19215530157089233,0.3656869696612023,Clean,ALLOW
115.06,0.30213186144828796,0.3941773005670317,velocity_abuse,REVIEW
624.52,0.2265036255121231,0.3560558175179186,suspicious_device,REVIEW
324.17,0.23298129439353943,0.3864824495281793,suspicious_device,REVIEW
631.26,0.21239598095417023,0.3467447015945146,suspicious_device,REVIEW
1020.61,0.3013295829296112,0.3633557903611158,suspicious_device,REVIEW
1172.71,0.23054371774196625,0.45047841926476373,velocity_abuse,REVIEW
496.84,0.3833540380001068,0.42362142414513926,velocity_abuse,REVIEW
510.58,0.20883481204509735,0.36320851561620365,suspicious_device,REVIEW
83.14,0.47976958751678467,0.3936096543890222,account_takeover,REVIEW
194.03,0.258208304643631,0.371747782758452,suspicious_device,REVIEW
531.79,0.2146563082933426,0.3679038709294403,velocity_abuse,REVIEW
355.52,0.21401217579841614,0.3723395068877142,velocity_abuse,REVIEW
499.92,0.19343292713165283,0.35322919606576386,Clean,ALLOW
620.24,0.26485675573349,0.361603272448451,velocity_abuse,REVIEW
344.12,0.2232741415500641,0.4479678735284619,velocity_abuse,REVIEW
83.44,0.2784990966320038,0.38026726673509303,velocity_abuse,REVIEW
82.34,0.34073400497436523,0.38096864255758683,velocity_abuse,REVIEW
356.41,0.2555767595767975,0.35600939589485564,suspicious_device,REVIEW
318.66,0.16390840709209442,0.3785734521477362,Clean,ALLOW
21.12,0.29999488592147827,0.3770416103736909,unusual_amount,REVIEW
439.82,0.16928844153881073,0.3954689206156795,Clean,ALLOW
241.68,0.2125106006860733,0.4003894310953948,suspicious_device,REVIEW
178.32,0.2393275797367096,0.40726505394484913,suspicious_device,REVIEW
1916.16,0.2874719798564911,0.42323859235314115,suspicious_device,REVIEW
887.56,0.25089067220687866,0.38450411714406313,velocity_abuse,REVIEW
134.68,0.19084227085113525,0.47335680142236414,Clean,ALLOW
349.54,0.26395416259765625,0.39626248156659777,velocity_abuse,REVIEW
64.88,0.46341902017593384,0.40665738856387806,velocity_abuse,REVIEW
416.68,0.21637898683547974,0.402943854734489,suspicious_device,REVIEW
500.06,0.26313090324401855,0.3905994167758154,suspicious_device,REVIEW
4411.11,0.5196479558944702,0.4384610904934595,unusual_amount,REVIEW
881.07,0.2676824629306793,0.39130545252871807,velocity_abuse,REVIEW
1241.44,0.24950863420963287,0.4897609246197789,velocity_abuse,REVIEW
415.51,0.22648966312408447,0.4153278774287091,suspicious_device,REVIEW
92.29,0.3021490275859833,0.40001680626462977,velocity_abuse,REVIEW
399.32,0.2576087713241577,0.3983102552668096,suspicious_device,REVIEW
383.82,0.24507221579551697,0.38720862022287045,suspicious_device,REVIEW
689.63,0.25026121735572815,0.3733994759971451,suspicious_device,REVIEW
208.71,0.2217552661895752,0.39331338208507055,suspicious_device,REVIEW
2246.64,0.3430664837360382,0.42152808926298047,unusual_amount,REVIEW
485.59,0.17968979477882385,0.393548776152289,Clean,ALLOW
48.72,0.26022404432296753,0.39121834588942794,velocity_abuse,REVIEW
1521.81,0.2924216091632843,0.3923331256549607,suspicious_device,REVIEW
92.47,0.4785461723804474,0.47980930948778344,velocity_abuse,REVIEW
502.61,0.22485972940921783,0.3973450099842541,suspicious_device,REVIEW
867.94,0.25312453508377075,0.4061868995988899,suspicious_device,REVIEW
222.66,0.2929602563381195,0.4126733472490375,suspicious_device,REVIEW
656.88,0.3042953610420227,0.393547199002761,suspicious_device,REVIEW
647.43,0.2319403737783432,0.3922622027059794,suspicious_device,REVIEW
562.73,0.2563518285751343,0.4346629667345399,suspicious_device,REVIEW
1074.34,0.4373183846473694,0.4443304875340196,suspicious_device,REVIEW
81.84,0.6759274005889893,0.5305504669017157,account_takeover,REVIEW
827.7,0.25642910599708557,0.3995968860716698,suspicious_device,REVIEW
2326.8,0.1709296703338623,0.485819819580845,Clean,ALLOW
289.52,0.24234957993030548,0.3889995051770798,velocity_abuse,REVIEW
1016.41,0.3602047562599182,0.39217673109861695,suspicious_device,REVIEW
570.14,0.18829534947872162,0.38954994357560924,Clean,ALLOW
606.9,0.22696425020694733,0.39590895947262816,suspicious_device,REVIEW
247.36,0.23252816498279572,0.37988290816139403,suspicious_device,REVIEW
577.73,0.6326263546943665,0.5441239511006433,account_takeover,REVIEW
366.89,0.23205150663852692,0.39402920293918864,suspicious_device,REVIEW
569.81,0.39060086011886597,0.47764107542339124,suspicious_device,REVIEW
509.17,0.22293196618556976,0.3942882045133437,suspicious_device,REVIEW
380.26,0.2203489989042282,0.4030290270031178,suspicious_device,REVIEW
307.82,0.27482643723487854,0.38085155428689094,suspicious_device,REVIEW
923.65,0.41126465797424316,0.471715009445657,velocity_abuse,REVIEW
665.58,0.26340922713279724,0.4233713408556421,suspicious_device,REVIEW
200.04,0.8321897983551025,0.5114968183339322,suspicious_device,BLOCK
138.03,0.25054439902305603,0.4349512072072023,suspicious_device,REVIEW
540.63,0.2298920899629593,0.3891448966417018,velocity_abuse,REVIEW
178.94,0.20145952701568604,0.424548248571359,velocity_abuse,REVIEW
226.43,0.5637874007225037,0.4940512448526798,suspicious_device,REVIEW
115.12,0.3509078919887543,0.48110163319451466,suspicious_device,REVIEW
461.59,0.3096328377723694,0.4611406690951251,velocity_abuse,REVIEW
124.05,0.2512132227420807,0.43248959689048927,suspicious_device,REVIEW
215.56,0.5532790422439575,0.45053786169878385,account_takeover,REVIEW
178.29,0.19741573929786682,0.3845255486215487,Clean,ALLOW
366.54,0.19244147837162018,0.36440686820737206,Clean,ALLOW
2256.56,0.2441847026348114,0.39029187044453295,unusual_amount,REVIEW
305.29,0.23089608550071716,0.3963101984954414,velocity_abuse,REVIEW
244.96,0.22447848320007324,0.3687039333294416,velocity_abuse,REVIEW
242.94,0.23174826800823212,0.36719619040277574,suspicious_device,REVIEW
327.07,0.22071069478988647,0.37882417889267517,suspicious_device,REVIEW
70.09,0.32219359278678894,0.3657263302812523,suspicious_device,REVIEW
1783.72,0.28973808884620667,0.4593523596838028,account_takeover,REVIEW
160.69,0.24970586597919464,0.38757996081051,suspicious_device,REVIEW
113.85,0.28722110390663147,0.38812166943856635,suspicious_device,REVIEW
531.8,0.37632668018341064,0.4184823459850493,suspicious_device,REVIEW
163.24,0.19238470494747162,0.3918235107308689,Clean,ALLOW
323.51,0.7857799530029297,0.47160902637843133,account_takeover,BLOCK
378.88,0.2147938758134842,0.37180514072870924,suspicious_device,REVIEW
390.26,0.2349889725446701,0.3618961562820204,velocity_abuse,REVIEW
324.99,0.22656315565109253,0.3770655522703847,suspicious_device,REVIEW
1104.7,0.4486377537250519,0.4122423652432388,velocity_abuse,REVIEW
1080.73,0.5554612278938293,0.42545041386960714,unusual_amount,REVIEW
283.56,0.23821234703063965,0.38827124021357257,velocity_abuse,REVIEW
388.08,0.28091028332710266,0.3741897004857632,velocity_abuse,REVIEW
529.44,0.4444461762905121,0.44336532706343373,velocity_abuse,REVIEW
161.73,0.2189057320356369,0.37538955389851114,suspicious_device,REVIEW
325.19,0.4203982353210449,0.40682830186039787,suspicious_device,REVIEW
1246.09,0.25611552596092224,0.4030361570065265,velocity_abuse,REVIEW
514.62,0.3894326686859131,0.4074404743804015,velocity_abuse,REVIEW
806.59,0.23808708786964417,0.373385122408943,velocity_abuse,REVIEW
136.36,0.283441424369812,0.39187183734735914,unusual_amount,REVIEW
507.76,0.20930655300617218,0.3678613318727864,velocity_abuse,REVIEW
677.27,0.22779645025730133,0.3612812852152135,suspicious_device,REVIEW
502.43,0.19112467765808105,0.3723787847537846,Clean,ALLOW
346.64,0.20061072707176208,0.3677754134766867,suspicious_device,REVIEW
463.23,0.22375886142253876,0.3685724766067572,suspicious_device,REVIEW
204.66,0.7949241399765015,0.48847113834197536,account_takeover,BLOCK
520.68,0.22812512516975403,0.36393570024091726,suspicious_device,REVIEW
1054.84,0.21543321013450623,0.3753170124450373,suspicious_device,REVIEW
349.84,0.2627791166305542,0.36985061788028284,velocity_abuse,REVIEW
336.73,0.3511349856853485,0.38899704830629733,suspicious_device,REVIEW
161.79,0.192650705575943,0.3610817659402543,Clean,ALLOW
539.66,0.21156486868858337,0.37257270884163707,velocity_abuse,REVIEW
134.08,0.8492008447647095,0.4819489267109629,account_takeover,BLOCK
2844.02,0.22899310290813446,0.4210379639647061,suspicious_device,REVIEW
119.92,0.3025306165218353,0.4121940282285251,suspicious_device,REVIEW
845.92,0.23148155212402344,0.38483118709369285,suspicious_device,REVIEW
81.47,0.23525141179561615,0.36316681171809945,velocity_abuse,REVIEW
1047.92,0.3119528889656067,0.3940579369181154,velocity_abuse,REVIEW
402.69,0.24711360037326813,0.38574562302365456,velocity_abuse,REVIEW
166.51,0.2356320321559906,0.37949268208972614,suspicious_device,REVIEW
299.44,0.23728002607822418,0.35668414944931887,suspicious_device,REVIEW
223.67,0.25218719244003296,0.3640126854689736,suspicious_device,REVIEW
126.83,0.2755405008792877,0.36994012215993094,velocity_abuse,REVIEW
370.05,0.2445237934589386,0.3614719831776252,suspicious_device,REVIEW
2899.72,0.35833725333213806,0.3985254694365564,unusual_amount,REVIEW
224.13,0.19376681745052338,0.37173230244747135,Clean,ALLOW
2126.64,0.3014666736125946,0.37583108016607975,unusual_amount,REVIEW
403.5,0.26950308680534363,0.3835705916954732,velocity_abuse,REVIEW
366.96,0.2412451207637787,0.3653465195996562,suspicious_device,REVIEW
2234.6,0.522453784942627,0.44211610142399954,suspicious_device,REVIEW
230.24,0.18174225091934204,0.376542433300509,Clean,ALLOW
175.74,0.6763012409210205,0.41463600293394154,suspicious_device,REVIEW
472.55,0.2211276888847351,0.35795716941267086,velocity_abuse,REVIEW
483.97,0.21859705448150635,0.37109762429605786,suspicious_device,REVIEW
393.31,0.1879870742559433,0.3649666219357432,Clean,ALLOW
1031.94,0.38799411058425903,0.39211995466763194,velocity_abuse,REVIEW
361.35,0.19311662018299103,0.3524560780683327,Clean,ALLOW
580.34,0.27923479676246643,0.384963297058017,unusual_amount,REVIEW
3534.91,0.258861780166626,0.42104075503550775,unusual_amount,REVIEW
352.94,0.18814003467559814,0.3606359995749751,Clean,ALLOW
106.1,0.4543071985244751,0.41658332441046464,suspicious_device,REVIEW
100.79,0.2860216796398163,0.4010516025571667,velocity_abuse,REVIEW
264.34,0.7848074436187744,0.4628105378296878,account_takeover,BLOCK
146.6,0.1820039004087448,0.4008871758688362,Clean,ALLOW
1209.93,0.2873898446559906,0.40944740767780996,velocity_abuse,REVIEW
1556.25,0.22863692045211792,0.38575914173565345,suspicious_device,REVIEW
432.41,0.18737679719924927,0.3617119189521508,Clean,ALLOW
147.59,0.22636224329471588,0.35808063222873654,suspicious_device,REVIEW
779.19,0.24700167775154114,0.3596151796852815,suspicious_device,REVIEW
677.17,0.18140271306037903,0.3867795114079238,Clean,ALLOW
495.5,0.3742956519126892,0.39842397332915164,suspicious_device,REVIEW
306.2,0.3154723644256592,0.4022710671799786,velocity_abuse,REVIEW
2387.86,0.5133081674575806,0.4925414506476277,account_takeover,REVIEW
356.31,0.31049826741218567,0.4045298682278604,velocity_abuse,REVIEW
243.75,0.2958086431026459,0.383025031987052,suspicious_device,REVIEW
949.32,0.23104305565357208,0.36725703933874354,suspicious_device,REVIEW
3980.24,0.40507370233535767,0.4873912911396003,unusual_amount,REVIEW
522.48,0.17463792860507965,0.4174361634010825,Clean,ALLOW
1091.58,0.3969615697860718,0.40354225397517457,velocity_abuse,REVIEW
81.39,0.33504995703697205,0.35292465742537366,suspicious_device,REVIEW
109.88,0.4179592728614807,0.3950550831730543,suspicious_device,REVIEW
1380.93,0.23882006108760834,0.3841992366391964,unusual_amount,REVIEW
904.32,0.1856698840856552,0.3591903364359686,Clean,ALLOW
338.33,0.18860384821891785,0.375442948943923,Clean,ALLOW
318.02,0.1546178013086319,0.41099924470755517,Clean,ALLOW
392.5,0.3224141597747803,0.3812793889359558,unusual_amount,REVIEW
287.63,0.41040027141571045,0.4074493132569834,suspicious_device,REVIEW
187.78,0.307165265083313,0.37580802443642636,unusual_amount,REVIEW
291.32,0.275429368019104,0.3724057237221026,suspicious_device,REVIEW
159.13,0.4664507210254669,0.40797276876852984,suspicious_device,REVIEW
134.04,0.4454202651977539,0.4145284397311337,suspicious_device,REVIEW
952.38,0.3819948434829712,0.40313524197398826,suspicious_device,REVIEW
284.91,0.18850935995578766,0.38500249003777287,Clean,ALLOW
662.1,0.22052302956581116,0.35798056766365033,velocity_abuse,REVIEW
350.41,0.2148909717798233,0.35817692365204584,suspicious_device,REVIEW
1904.51,0.2597830891609192,0.37211106665416877,unusual_amount,REVIEW
351.25,0.34960389137268066,0.4059688120090808,suspicious_device,REVIEW
265.58,0.2174133062362671,0.36928878774994117,suspicious_device,REVIEW
674.7,0.24629445374011993,0.3588659513477374,unusual_amount,REVIEW
124.22,0.5690793991088867,0.44049960329752763,suspicious_device,REVIEW
128.75,0.24673685431480408,0.3787019386196168,suspicious_device,REVIEW
245.19,0.2287779599428177,0.37221755753362756,suspicious_device,REVIEW
823.7,0.3078458309173584,0.35610374318690213,suspicious_device,REVIEW
1686.15,0.3127940595149994,0.38679215438720077,suspicious_device,REVIEW
734.12,0.22104792296886444,0.3609280462492521,velocity_abuse,REVIEW
93.86,0.21587319672107697,0.36279586057999524,suspicious_device,REVIEW
469.62,0.19548870623111725,0.3776856303596043,Clean,ALLOW
1006.96,0.2624540328979492,0.35817181347131216,suspicious_device,REVIEW
1192.18,0.4685376286506653,0.4057307385412877,unusual_amount,REVIEW
726.93,0.4674939215183258,0.41090912773002647,account_takeover,REVIEW
117.95,0.3610905110836029,0.40835234385858066,suspicious_device,REVIEW
51.49,0.17175567150115967,0.4084221260994199,Clean,ALLOW
540.25,0.20336930453777313,0.3732962363313458,suspicious_device,REVIEW
167.3,0.222780242562294,0.3671561925862559,suspicious_device,REVIEW
661.5,0.38399189710617065,0.42388496725291697,suspicious_device,REVIEW
499.77,0.22359411418437958,0.3728263140716408,velocity_abuse,REVIEW
676.66,0.5929524898529053,0.4596729473353992,suspicious_device,REVIEW
267.21,0.19743652641773224,0.41923419007880175,Clean,ALLOW
647.86,0.19643668830394745,0.347303892275615,Clean,ALLOW
3034.27,0.38213711977005005,0.4211064016074392,unusual_amount,REVIEW
673.46,0.46680498123168945,0.4639678664089078,account_takeover,REVIEW
174.13,0.2256188541650772,0.38153188683707057,suspicious_device,REVIEW
539.59,0.35253676772117615,0.41126915331710057,account_takeover,REVIEW
870.23,0.22365303337574005,0.36058163382898933,velocity_abuse,REVIEW
1985.13,0.22859883308410645,0.39019540549325266,unusual_amount,REVIEW
914.7,0.36724141240119934,0.4109733466908832,account_takeover,REVIEW
497.53,0.20547741651535034,0.39955932215987,account_takeover,REVIEW
265.26,0.23969757556915283,0.38345015361710144,unusual_amount,REVIEW
1070.17,0.329781711101532,0.3897785045005466,suspicious_device,REVIEW
165.16,0.2108723372220993,0.3646465463758304,suspicious_device,REVIEW
480.46,0.1790963113307953,0.3774366611090692,Clean,ALLOW
163.34,0.1999615728855133,0.3688645184023202,Clean,ALLOW
378.27,0.21495525538921356,0.4004791403103705,suspicious_device,REVIEW
554.5,0.25371256470680237,0.38454973314959306,suspicious_device,REVIEW
578.13,0.16780772805213928,0.36465079864096933,Clean,ALLOW
181.86,0.2840915322303772,0.38731314264201505,account_takeover,REVIEW
351.68,0.20861133933067322,0.3729642526898283,suspicious_device,REVIEW
892.5,0.20221266150474548,0.36441410944882274,suspicious_device,REVIEW
921.74,0.27624601125717163,0.3770960993780158,suspicious_device,REVIEW
382.73,0.21647994220256805,0.4058335668347627,velocity_abuse,REVIEW
1019.56,0.2859663665294647,0.3666827211533594,suspicious_device,REVIEW
392.35,0.2189263105392456,0.3659668664990153,suspicious_device,REVIEW
795.2,0.273393452167511,0.3735047287912287,velocity_abuse,REVIEW
105.77,0.6976305246353149,0.4310567753703743,account_takeover,REVIEW
145.87,0.1826094537973404,0.37424440932351744,Clean,ALLOW
1921.36,0.2629941403865814,0.38554215497823635,unusual_amount,REVIEW
202.0,0.8127214312553406,0.48972066900764066,account_takeover,BLOCK
547.94,0.17442713677883148,0.38301423305057714,Clean,ALLOW
867.29,0.20110389590263367,0.3752812258835206,suspicious_device,REVIEW
150.5,0.635891854763031,0.4247849908279644,suspicious_device,REVIEW
1262.09,0.24707338213920593,0.38186439152370477,unusual_amount,REVIEW
1536.89,0.6331608891487122,0.45566778514357326,suspicious_device,REVIEW
429.96,0.1947445124387741,0.36739608960604503,Clean,ALLOW
563.13,0.20268401503562927,0.40699657894881247,suspicious_device,REVIEW
829.35,0.2584715485572815,0.390921722724096,suspicious_device,REVIEW
208.14,0.21462957561016083,0.41535044221667183,suspicious_device,REVIEW
508.22,0.2728942632675171,0.38469959401036463,velocity_abuse,REVIEW
174.76,0.23172220587730408,0.38272347715711336,suspicious_device,REVIEW
493.71,0.22202078998088837,0.3841742079653578,velocity_abuse,REVIEW
943.11,0.2515297830104828,0.39349466090912627,suspicious_device,REVIEW
731.08,0.4433440566062927,0.4449150537538309,account_takeover,REVIEW
86.48,0.39758485555648804,0.3998381199949695,suspicious_device,REVIEW
54.58,0.2921263575553894,0.39934376186469284,suspicious_device,REVIEW
866.18,0.23756663501262665,0.37355186197445067,velocity_abuse,REVIEW
172.02,0.2552880644798279,0.4221849282095221,suspicious_device,REVIEW
886.81,0.19809119403362274,0.3986946299208038,Clean,ALLOW
484.74,0.20574383437633514,0.3849016080074854,suspicious_device,REVIEW
182.17,0.2967921495437622,0.3893275362960159,velocity_abuse,REVIEW
1042.53,0.6053652763366699,0.44436693527863536,suspicious_device,REVIEW
1348.99,0.27418768405914307,0.4002608787094018,suspicious_device,REVIEW
374.29,0.22259841859340668,0.3915459280651858,suspicious_device,REVIEW
287.29,0.7773564457893372,0.5295641329835106,account_takeover,BLOCK
84.48,0.34449106454849243,0.40733095088072874,velocity_abuse,REVIEW
329.3,0.1826649010181427,0.44527785486138666,Clean,ALLOW
277.84,0.1858668029308319,0.3927222212911547,Clean,ALLOW
229.6,0.4329463243484497,0.4151069691530952,suspicious_device,REVIEW
286.48,0.23891115188598633,0.4366485394848818,suspicious_device,REVIEW
91.95,0.39361822605133057,0.428366594373847,account_takeover,REVIEW
613.97,0.19026942551136017,0.40466718809134017,Clean,ALLOW
1478.03,0.2679547965526581,0.4178714805667995,suspicious_device,REVIEW
314.33,0.19388630986213684,0.41016814739767454,Clean,ALLOW
4717.35,0.646155595779419,0.4562260861373071,unusual_amount,REVIEW
459.91,0.20540256798267365,0.37388191163902595,velocity_abuse,REVIEW
383.88,0.1661512553691864,0.3959181533499634,Clean,ALLOW
269.79,0.22330552339553833,0.37830709191589085,velocity_abuse,REVIEW
612.46,0.22680199146270752,0.387290628168642,suspicious_device,REVIEW
293.37,0.41592392325401306,0.41433308409614217,suspicious_device,REVIEW
374.87,0.20586134493350983,0.4112589766997181,suspicious_device,REVIEW
372.6,0.2040718048810959,0.3883737732104701,suspicious_device,REVIEW
1131.92,0.24397841095924377,0.47075257558958555,velocity_abuse,REVIEW
2935.05,0.24977587163448334,0.44819753395814355,unusual_amount,REVIEW
613.39,0.21773625910282135,0.3856092416753519,suspicious_device,REVIEW
4650.15,0.6992377042770386,0.43414538359350824,unusual_amount,REVIEW
1677.62,0.2541998624801636,0.41100044599114866,suspicious_device,REVIEW
448.85,0.16656093299388885,0.44444345072489777,Clean,ALLOW
243.15,0.2247183471918106,0.40104675454222427,suspicious_device,REVIEW
355.11,0.22484846413135529,0.40287367670253393,velocity_abuse,REVIEW
80.83,0.38043951988220215,0.3867523279861414,suspicious_device,REVIEW
205.23,0.5554905533790588,0.4625056219107236,suspicious_device,REVIEW
99.08,0.25107625126838684,0.4259111202248289,velocity_abuse,REVIEW
112.08,0.4037553369998932,0.410313501959045,suspicious_device,REVIEW
1681.61,0.27511221170425415,0.4138209544174179,suspicious_device,REVIEW
464.06,0.30964094400405884,0.4379484495423661,suspicious_device,REVIEW
583.55,0.1975107342004776,0.43513286127407924,Clean,ALLOW
819.32,0.20218810439109802,0.4216796019791303,velocity_abuse,REVIEW
363.57,0.16017475724220276,0.4350357625061867,Clean,ALLOW
110.9,0.3764202892780304,0.47350735969477153,suspicious_device,REVIEW
293.78,0.22569027543067932,0.43779535705852035,velocity_abuse,REVIEW
93.9,0.45395591855049133,0.4077687364689385,velocity_abuse,REVIEW
1899.6,0.20345520973205566,0.38253117135558734,unusual_amount,REVIEW
246.9,0.35209065675735474,0.44376635604371206,suspicious_device,REVIEW
861.51,0.2217363715171814,0.3644099871768767,velocity_abuse,REVIEW
234.58,0.2351607382297516,0.4066973694719457,unusual_amount,REVIEW
283.24,0.25186899304389954,0.3781551058841104,velocity_abuse,REVIEW
111.3,0.21486753225326538,0.3794648155659142,suspicious_device,REVIEW
312.38,0.2569515109062195,0.35066489481134266,velocity_abuse,REVIEW
375.85,0.19688637554645538,0.37211003419387684,Clean,ALLOW
2126.74,0.2639831602573395,0.3998886514144837,unusual_amount,REVIEW
236.89,0.20481644570827484,0.3715442153600714,suspicious_device,REVIEW
355.44,0.10714408755302429,0.43638672408425583,Clean,ALLOW
703.14,0.5357186198234558,0.42439316678527156,suspicious_device,REVIEW
412.9,0.21305310726165771,0.38498869675446346,velocity_abuse,REVIEW
320.84,0.19230107963085175,0.3757062020371135,Clean,ALLOW
6078.04,0.6022272109985352,0.4864165464356991,unusual_amount,REVIEW
378.94,0.2590698301792145,0.3544259334659688,suspicious_device,REVIEW
265.55,0.2345210611820221,0.3531113944078074,velocity_abuse,REVIEW
235.09,0.3009271025657654,0.43329495129553575,velocity_abuse,REVIEW
313.85,0.20169518887996674,0.3638945250614048,velocity_abuse,REVIEW
1459.93,0.7721685767173767,0.45413198151266637,suspicious_device,BLOCK
172.79,0.22143228352069855,0.37695810067066743,suspicious_device,REVIEW
1714.97,0.2786242365837097,0.3678201359030079,unusual_amount,REVIEW
425.63,0.22156132757663727,0.37704779187805243,velocity_abuse,REVIEW
259.91,0.6521346569061279,0.42238272950808514,suspicious_device,REVIEW
116.87,0.25204694271087646,0.36877437612344316,suspicious_device,REVIEW
674.79,0.23119550943374634,0.34903373034443286,velocity_abuse,REVIEW
275.08,0.2146485149860382,0.36152139759732244,velocity_abuse,REVIEW
898.95,0.31329789757728577,0.3744191671284187,velocity_abuse,REVIEW
233.67,0.20343320071697235,0.3513500832102855,suspicious_device,REVIEW
524.65,0.4201069474220276,0.4117915510907402,velocity_abuse,REVIEW
723.63,0.27901679277420044,0.36036906076158326,suspicious_device,REVIEW
1942.67,0.656449556350708,0.45016163277609966,account_takeover,REVIEW
196.13,0.26778629422187805,0.39654357177675514,velocity_abuse,REVIEW
96.45,0.478353351354599,0.42539282159686825,suspicious_device,REVIEW
260.8,0.20425191521644592,0.37974016794581983,suspicious_device,REVIEW
325.4,0.4014485478401184,0.3956088176011174,velocity_abuse,REVIEW
332.21,0.2306884229183197,0.356731798184845,velocity_abuse,REVIEW
1271.02,0.31772294640541077,0.3816073419441059,suspicious_device,REVIEW
253.51,0.27699556946754456,0.38610256522713093,velocity_abuse,REVIEW
261.38,0.21894198656082153,0.35693501117066634,velocity_abuse,REVIEW
194.17,0.3792877197265625,0.40417401742696923,velocity_abuse,REVIEW
240.54,0.23420551419258118,0.3702161166653761,suspicious_device,REVIEW
445.14,0.6654099822044373,0.42694992517168,account_takeover,REVIEW
190.29,0.6111611127853394,0.4384471610224905,suspicious_device,REVIEW
136.21,0.2249448150396347,0.34888102363087764,suspicious_device,REVIEW
3761.07,0.36858493089675903,0.419780893649608,unusual_amount,REVIEW
718.07,0.23785188794136047,0.34938999940686205,velocity_abuse,REVIEW
431.44,0.21069873869419098,0.3483017560024696,velocity_abuse,REVIEW
466.21,0.22805963456630707,0.35849225430868126,velocity_abuse,REVIEW
246.47,0.23932364583015442,0.36848179173812384,velocity_abuse,REVIEW
208.05,0.2298593819141388,0.42869372566998826,unusual_amount,REVIEW
289.03,0.5547323822975159,0.3988381477749449,suspicious_device,REVIEW
5321.94,0.725329577922821,0.43132780737126486,unusual_amount,REVIEW
115.03,0.2753312587738037,0.37233978585294647,velocity_abuse,REVIEW
1306.35,0.3774123191833496,0.4264463423673635,suspicious_device,REVIEW
821.07,0.24584859609603882,0.35296534321066936,suspicious_device,REVIEW
329.28,0.22914129495620728,0.376760460529466,suspicious_device,REVIEW
155.88,0.20579907298088074,0.3571438460872642,suspicious_device,REVIEW
528.47,0.23092207312583923,0.3524557891807032,velocity_abuse,REVIEW
119.35,0.44163018465042114,0.4181577740108428,suspicious_device,REVIEW
472.76,0.20108692348003387,0.35685201426791285,velocity_abuse,REVIEW
263.07,0.2510642111301422,0.3485408130626566,velocity_abuse,REVIEW
544.58,0.40239107608795166,0.4159202191776159,suspicious_device,REVIEW
1042.35,0.2680223286151886,0.35014699903235535,velocity_abuse,REVIEW
131.4,0.529609203338623,0.3915884839306136,suspicious_device,REVIEW
259.31,0.23908011615276337,0.3684894037354184,velocity_abuse,REVIEW
421.38,0.20507603883743286,0.3530760805593644,velocity_abuse,REVIEW
1108.48,0.35372260212898254,0.4158968921895736,suspicious_device,REVIEW
170.96,0.2267211377620697,0.3682819881215894,suspicious_device,REVIEW
799.96,0.21680623292922974,0.36962110083985317,velocity_abuse,REVIEW
1392.16,0.26194772124290466,0.3637440381089708,suspicious_device,REVIEW
3052.17,0.5510362386703491,0.4821817838160738,unusual_amount,REVIEW
146.07,0.1702549159526825,0.3586048431470332,Clean,ALLOW
109.59,0.6297991871833801,0.4360776621424868,suspicious_device,REVIEW
225.28,0.18175606429576874,0.37224714517918384,Clean,ALLOW
275.33,0.2867869436740875,0.3617154490680361,velocity_abuse,REVIEW
1205.62,0.20599853992462158,0.36608046281218043,suspicious_device,REVIEW
265.55,0.20851843059062958,0.35206382046865525,suspicious_device,REVIEW
515.79,0.1947283297777176,0.3555598795113633,Clean,ALLOW
206.95,0.2145790159702301,0.3433621388261547,suspicious_device,REVIEW
2344.69,0.1669006496667862,0.38796055188634393,Clean,ALLOW
2740.12,0.20817875862121582,0.3852755811686382,unusual_amount,REVIEW
1365.04,0.3457444906234741,0.36578656371666923,velocity_abuse,REVIEW
105.62,0.2479041963815689,0.38213335267596155,suspicious_device,REVIEW
67.69,0.32209885120391846,0.35554885704640926,velocity_abuse,REVIEW
621.0,0.20828412473201752,0.3390907253825069,velocity_abuse,REVIEW
164.48,0.2002030909061432,0.3786734977694338,suspicious_device,REVIEW
354.26,0.16109538078308105,0.35874016667270187,Clean,ALLOW
504.99,0.20072424411773682,0.35754758364255634,suspicious_device,REVIEW
475.92,0.26175233721733093,0.3855111032368724,suspicious_device,REVIEW
2249.63,0.18025030195713043,0.43001376440200634,Clean,ALLOW
783.57,0.2427985966205597,0.35942535351565835,suspicious_device,REVIEW
288.98,0.3126595914363861,0.3740379904411685,velocity_abuse,REVIEW
556.44,0.1793036162853241,0.34640956411793866,Clean,ALLOW
901.83,0.22851793467998505,0.35649392461987356,suspicious_device,REVIEW
561.61,0.1503051519393921,0.3785815088124711,Clean,ALLOW
115.47,0.1828840970993042,0.3508488751499792,Clean,ALLOW
626.27,0.2784307599067688,0.3783464182171147,unusual_amount,REVIEW
284.29,0.48036113381385803,0.450785281271565,velocity_abuse,REVIEW
710.6,0.19100099802017212,0.35985355096568966,Clean,ALLOW
385.94,0.18161530792713165,0.36503928417809284,Clean,ALLOW
350.73,0.19060881435871124,0.3723613611812941,Clean,ALLOW
364.99,0.4119078516960144,0.43869532268511,account_takeover,REVIEW
116.75,0.31755927205085754,0.38356950179974686,suspicious_device,REVIEW
587.62,0.20560209453105927,0.3602689443017827,suspicious_device,REVIEW
67.49,0.35341376066207886,0.3825963524774559,velocity_abuse,REVIEW
662.17,0.2127654105424881,0.36405626082869935,suspicious_device,REVIEW
344.52,0.18839006125926971,0.36623539683268536,Clean,ALLOW
776.69,0.21671751141548157,0.35189244690377564,unusual_amount,REVIEW
197.15,0.21100252866744995,0.3692289698385058,suspicious_device,REVIEW
160.71,0.2193237543106079,0.3637284127229956,suspicious_device,REVIEW
316.24,0.1872117966413498,0.3485839497569159,Clean,ALLOW
164.18,0.3744412064552307,0.42147720020677953,suspicious_device,REVIEW
108.96,0.2756953239440918,0.3704435377832717,suspicious_device,REVIEW
448.91,0.193484827876091,0.35921999608606997,Clean,ALLOW
236.65,0.3387796878814697,0.43066936719564236,suspicious_device,REVIEW
593.69,0.6116432547569275,0.41326084394134777,suspicious_device,REVIEW
2722.87,0.3646363317966461,0.44812801256901763,suspicious_device,REVIEW
265.11,0.5629598498344421,0.43246179000758284,suspicious_device,REVIEW
382.5,0.43540921807289124,0.4165670448291244,suspicious_device,REVIEW
377.31,0.3198842406272888,0.40699953180230175,suspicious_device,REVIEW
376.93,0.6670272350311279,0.48604513600807786,account_takeover,REVIEW
838.51,0.39853301644325256,0.4060541206911567,velocity_abuse,REVIEW
797.83,0.19631434977054596,0.35479418477972524,Clean,ALLOW
436.3,0.42204615473747253,0.4393618615903682,account_takeover,REVIEW
413.06,0.15352900326251984,0.3724356283582963,Clean,ALLOW
479.36,0.19509026408195496,0.3553903307165881,Clean,ALLOW
725.06,0.3149230480194092,0.423475371968553,velocity_abuse,REVIEW
331.98,0.7417204976081848,0.46776767942450187,account_takeover,REVIEW
981.13,0.4533247649669647,0.39660800460062207,suspicious_device,REVIEW
307.36,0.4334262013435364,0.4651919775882308,velocity_abuse,REVIEW
225.45,0.22288566827774048,0.3837814964796427,suspicious_device,REVIEW
209.8,0.39669594168663025,0.418098265019103,suspicious_device,REVIEW
637.31,0.18600523471832275,0.37083960659619564,Clean,ALLOW
835.88,0.19670112431049347,0.38523431059756114,Clean,ALLOW
205.31,0.19495216012001038,0.3828681239653345,Clean,ALLOW
73.3,0.45218369364738464,0.4095434993605002,velocity_abuse,REVIEW
385.38,0.2875151038169861,0.4235536368296369,velocity_abuse,REVIEW
1262.5,0.26896965503692627,0.3920616861643875,velocity_abuse,REVIEW
580.39,0.7633132934570312,0.48913427290013695,account_takeover,BLOCK
388.06,0.2287796288728714,0.4523586225982308,velocity_abuse,REVIEW
101.61,0.3612000048160553,0.4357434756719558,velocity_abuse,REVIEW
458.02,0.4313491880893707,0.5085002691231311,velocity_abuse,REVIEW
791.04,0.239946648478508,0.37379530268854244,velocity_abuse,REVIEW
927.87,0.32894203066825867,0.4172493800250329,velocity_abuse,REVIEW
104.45,0.45974135398864746,0.41917731772350053,velocity_abuse,REVIEW
401.17,0.2159314751625061,0.3745231705250934,suspicious_device,REVIEW
325.63,0.17293600738048553,0.3896806015651617,Clean,ALLOW
3843.57,0.44021838903427124,0.44413371011941777,unusual_amount,REVIEW
271.62,0.12199462205171585,0.3979218792544917,Clean,ALLOW
1474.05,0.24556027352809906,0.41384798929024885,suspicious_device,REVIEW
45.1,0.18291983008384705,0.3972293219921079,Clean,ALLOW
283.98,0.23172806203365326,0.37426525110346986,suspicious_device,REVIEW
989.34,0.23900625109672546,0.37838987812338437,velocity_abuse,REVIEW
952.2,0.23658756911754608,0.3878723252343532,suspicious_device,REVIEW
507.08,0.20573706924915314,0.41310889471848555,velocity_abuse,REVIEW
667.03,0.35352635383605957,0.43462542176620667,velocity_abuse,REVIEW
978.47,0.2555200159549713,0.3768429260582597,suspicious_device,REVIEW
377.14,0.22846589982509613,0.37846283029358685,suspicious_device,REVIEW
153.9,0.1645958572626114,0.377734969683136,Clean,ALLOW
3224.79,0.305848628282547,0.43228399479017887,unusual_amount,REVIEW
833.18,0.18664801120758057,0.3936290554815105,Clean,ALLOW
3060.81,0.27336904406547546,0.3999219555884894,unusual_amount,REVIEW
98.07,0.2651667892932892,0.40468353062697576,velocity_abuse,REVIEW
272.62,0.20601965487003326,0.3990942483818662,velocity_abuse,REVIEW
169.54,0.20700427889823914,0.3881614935236074,suspicious_device,REVIEW
649.23,0.2587248682975769,0.38087528515883334,velocity_abuse,REVIEW
185.15,0.2815867066383362,0.3841730623071603,suspicious_device,REVIEW
360.16,0.16422955691814423,0.36774699097854857,Clean,ALLOW
943.82,0.2138955146074295,0.3867974687904415,suspicious_device,REVIEW
1184.12,0.6040587425231934,0.4795052984607911,suspicious_device,REVIEW
128.93,0.1590089648962021,0.3889717047432651,Clean,ALLOW
1737.4,0.24166639149188995,0.46958060010328495,suspicious_device,REVIEW
236.07,0.29045814275741577,0.3791067461870039,suspicious_device,REVIEW
101.56,0.2797013521194458,0.4043288958258586,velocity_abuse,REVIEW
1259.77,0.23833125829696655,0.41699649732969346,suspicious_device,REVIEW
1485.05,0.29564303159713745,0.4006334347926286,suspicious_device,REVIEW
421.35,0.5823463797569275,0.4860411495911656,suspicious_device,REVIEW
272.34,0.21310345828533173,0.4099256236260319,velocity_abuse,REVIEW
97.69,0.16752201318740845,0.41684523291271675,Clean,ALLOW
200.73,0.22563469409942627,0.3803972449541642,suspicious_device,REVIEW
345.19,0.18445321917533875,0.385781432681595,Clean,ALLOW
1323.78,0.25091004371643066,0.42213371577020115,unusual_amount,REVIEW
1554.1,0.2856614589691162,0.4198865627631316,velocity_abuse,REVIEW
412.96,0.19804169237613678,0.4008665212576822,Clean,ALLOW
166.87,0.21692101657390594,0.38958407029998077,suspicious_device,REVIEW
734.35,0.3658183217048645,0.41249594313308646,suspicious_device,REVIEW
306.7,0.29263225197792053,0.4111879541661093,velocity_abuse,REVIEW
503.14,0.15573418140411377,0.38326327960652623,Clean,ALLOW
435.23,0.17800955474376678,0.3739007183391736,Clean,ALLOW
3411.37,0.32832708954811096,0.42334857836174566,unusual_amount,REVIEW
81.2,0.4129028916358948,0.417455220236793,velocity_abuse,REVIEW
759.16,0.4563225209712982,0.4870139950621851,velocity_abuse,REVIEW
195.52,0.1796465367078781,0.41525352870490645,Clean,ALLOW
102.92,0.23980486392974854,0.38712153054457704,velocity_abuse,REVIEW
479.32,0.19897663593292236,0.3833094804922849,Clean,ALLOW
912.67,0.15124943852424622,0.4206942954006226,Clean,ALLOW
471.34,0.4727303683757782,0.4303651415520464,suspicious_device,REVIEW
658.62,0.2400573492050171,0.37202255609826185,velocity_abuse,REVIEW
1858.04,0.29650384187698364,0.4301924209321907,unusual_amount,REVIEW
778.54,0.23538507521152496,0.36107747902305815,velocity_abuse,REVIEW
202.58,0.4095267355442047,0.4279207982426976,account_takeover,REVIEW
508.47,0.16354762017726898,0.40841713927274503,Clean,ALLOW
420.33,0.2181767076253891,0.35557516593572924,velocity_abuse,REVIEW
64.57,0.28631728887557983,0.4002656247651395,velocity_abuse,REVIEW
111.6,0.4337795674800873,0.41572241643542157,velocity_abuse,REVIEW
1988.75,0.3517996072769165,0.39958182640900664,unusual_amount,REVIEW
981.75,0.22063453495502472,0.36200660289373626,velocity_abuse,REVIEW
567.98,0.2019967883825302,0.3472551317484789,velocity_abuse,REVIEW
183.58,0.22229458391666412,0.3450563557465139,suspicious_device,REVIEW
91.19,0.3371790945529938,0.3491626185345799,velocity_abuse,REVIEW
1266.69,0.2983890473842621,0.36892885922578184,velocity_abuse,REVIEW
2631.08,0.26947838068008423,0.38018536066202047,unusual_amount,REVIEW
987.62,0.2770655155181885,0.3672265573124816,unusual_amount,REVIEW
188.9,0.2439834624528885,0.3588199923307716,suspicious_device,REVIEW
773.75,0.2686944901943207,0.40177711541729016,suspicious_device,REVIEW
1169.13,0.23510777950286865,0.37635721562197466,velocity_abuse,REVIEW
677.92,0.3210817873477936,0.3677883869040977,velocity_abuse,REVIEW
424.19,0.21138599514961243,0.3591022124553871,velocity_abuse,REVIEW
76.8,0.33729544281959534,0.3448511094575764,velocity_abuse,REVIEW
1610.79,0.3163684010505676,0.36578375323753165,velocity_abuse,REVIEW
245.56,0.20904000103473663,0.349085874691469,velocity_abuse,REVIEW
616.86,0.40136289596557617,0.42245555591463047,velocity_abuse,REVIEW
1298.44,0.27808207273483276,0.4044849393995664,velocity_abuse,REVIEW
261.62,0.20002004504203796,0.36506668611259485,velocity_abuse,REVIEW
55.16,0.35709571838378906,0.4264806771636623,velocity_abuse,REVIEW
239.81,0.22915807366371155,0.36925121731116756,velocity_abuse,REVIEW
238.86,0.18240691721439362,0.35717247966096777,Clean,ALLOW
668.47,0.23523388803005219,0.3584326768554016,velocity_abuse,REVIEW
278.94,0.5573410391807556,0.40437711845842456,suspicious_device,REVIEW
324.33,0.20596061646938324,0.36672810816508294,velocity_abuse,REVIEW
460.31,0.4157310128211975,0.3993311934532171,velocity_abuse,REVIEW
320.34,0.21161893010139465,0.3374775476634124,velocity_abuse,REVIEW
312.94,0.27918800711631775,0.3794336358703737,unusual_amount,REVIEW
195.7,0.2401222437620163,0.366926403554305,velocity_abuse,REVIEW
808.62,0.22033683955669403,0.34426284215204744,velocity_abuse,REVIEW
625.49,0.20135003328323364,0.3531100133196655,suspicious_device,REVIEW
632.63,0.23991195857524872,0.34998563520279174,suspicious_device,REVIEW
556.65,0.6754404902458191,0.4817026172058702,account_takeover,REVIEW
278.37,0.32184532284736633,0.3492878740975379,velocity_abuse,REVIEW
489.94,0.41059842705726624,0.3922064232417024,velocity_abuse,REVIEW
63.23,0.43501025438308716,0.3740947351336038,velocity_abuse,REVIEW
621.86,0.24043571949005127,0.3615372697418259,velocity_abuse,REVIEW
150.35,0.13709630072116852,0.3513607174446934,Clean,ALLOW
280.85,0.25247105956077576,0.35300238008763296,velocity_abuse,REVIEW
670.39,0.61655193567276,0.3947180807571904,velocity_abuse,REVIEW
575.44,0.3301401138305664,0.4125464408402277,velocity_abuse,REVIEW
201.89,0.2435595840215683,0.36779243167559067,velocity_abuse,REVIEW
533.68,0.3253301978111267,0.40878143625789365,unusual_amount,REVIEW
1514.09,0.24098455905914307,0.363439510463805,unusual_amount,REVIEW
335.18,0.21080820262432098,0.34869657804112986,velocity_abuse,REVIEW
373.0,0.3804321587085724,0.38759650594007106,velocity_abuse,REVIEW
142.52,0.1816600263118744,0.3461950948165063,Clean,ALLOW
205.72,0.22043316066265106,0.40756859541634954,unusual_amount,REVIEW
322.8,0.2495979517698288,0.3534820593715964,suspicious_device,REVIEW
114.82,0.26062455773353577,0.36840201794693717,velocity_abuse,REVIEW
2269.75,0.3261825740337372,0.40512590421977507,unusual_amount,REVIEW
317.32,0.2076711356639862,0.33908234493388045,velocity_abuse,REVIEW
107.31,0.266812264919281,0.33746927092141077,velocity_abuse,REVIEW
393.26,0.2153550535440445,0.3523433842417391,suspicious_device,REVIEW
208.01,0.23551999032497406,0.36417883045924954,velocity_abuse,REVIEW
485.45,0.22685277462005615,0.34738628359758517,velocity_abuse,REVIEW
339.38,0.3036862909793854,0.3644470804208582,velocity_abuse,REVIEW
716.94,0.22823156416416168,0.3551881120433665,velocity_abuse,REVIEW
385.98,0.20844028890132904,0.3632056983500501,unusual_amount,REVIEW
303.71,0.3199635148048401,0.350823345950163,velocity_abuse,REVIEW
203.36,0.7867961525917053,0.46360840795501146,account_takeover,BLOCK
777.82,0.2405063360929489,0.3461809528948882,suspicious_device,REVIEW
314.7,0.3178894519805908,0.36855523797288287,velocity_abuse,REVIEW
745.97,0.31087765097618103,0.36609834102401934,suspicious_device,REVIEW
188.17,0.2534947097301483,0.35119163955284904,suspicious_device,REVIEW
390.59,0.7667676210403442,0.4308305688079115,account_takeover,BLOCK
191.3,0.45459264516830444,0.4005915741244025,suspicious_device,REVIEW
503.51,0.2117563784122467,0.334395748840367,velocity_abuse,REVIEW
1082.13,0.5476670265197754,0.42096632635764536,account_takeover,REVIEW
1216.34,0.2454782873392105,0.35583046462141876,suspicious_device,REVIEW
229.32,0.19774141907691956,0.35245586702561915,Clean,ALLOW
1312.74,0.2650633156299591,0.3936150767306027,velocity_abuse,REVIEW
99.25,0.22759808599948883,0.3537753788093527,velocity_abuse,REVIEW
349.04,0.16344451904296875,0.4171853292295318,Clean,ALLOW
215.79,0.23327748477458954,0.3461156446584576,suspicious_device,REVIEW
57.56,0.39235058426856995,0.41030100222041216,velocity_abuse,REVIEW
523.16,0.7248376607894897,0.4412207674282069,account_takeover,REVIEW
415.63,0.17243382334709167,0.34535205448938217,Clean,ALLOW
1664.91,0.46670547127723694,0.4095460955118744,suspicious_device,REVIEW
62.62,0.4677938222885132,0.43243252497267176,unusual_amount,REVIEW
151.14,0.2060931921005249,0.3508804859395443,suspicious_device,REVIEW
194.6,0.24934807419776917,0.3605445364860519,suspicious_device,REVIEW
343.79,0.306689977645874,0.37406710783388913,suspicious_device,REVIEW
554.39,0.33604225516319275,0.3594013145842732,suspicious_device,REVIEW
820.37,0.19980183243751526,0.3535595157687676,Clean,ALLOW
42.43,0.3275628685951233,0.3777803364149533,velocity_abuse,REVIEW
303.69,0.2119424194097519,0.38237319133916586,velocity_abuse,REVIEW
361.61,0.1772257387638092,0.35011616984911703,Clean,ALLOW
1764.24,0.6126006841659546,0.509835751685269,account_takeover,REVIEW
498.26,0.1684400886297226,0.3500900176169427,Clean,ALLOW
279.25,0.21170629560947418,0.33816580804811824,suspicious_device,REVIEW
100.5,0.2443084418773651,0.34233592855452444,velocity_abuse,REVIEW
4484.53,0.5081096887588501,0.43582456536745745,unusual_amount,REVIEW
69.37,0.5608434081077576,0.4075131356929381,account_takeover,REVIEW
121.84,0.25149980187416077,0.4353698138209572,unusual_amount,REVIEW
161.53,0.21059416234493256,0.3418227558982501,suspicious_device,REVIEW
526.51,0.21290408074855804,0.3472817175760735,velocity_abuse,REVIEW
601.38,0.21328333020210266,0.3436281690646878,velocity_abuse,REVIEW
198.44,0.17486952245235443,0.37954506923495096,Clean,ALLOW
378.2,0.22579795122146606,0.34192208690807374,velocity_abuse,REVIEW
408.01,0.20615316927433014,0.353038687445892,suspicious_device,REVIEW
423.36,0.2066928893327713,0.3537156651042623,suspicious_device,REVIEW
589.52,0.19961340725421906,0.36947953644085996,Clean,ALLOW
602.75,0.1854018121957779,0.40619228744825303,Clean,ALLOW
209.33,0.19694839417934418,0.3688585763568389,Clean,ALLOW
2498.64,0.43094128370285034,0.47004426899058965,suspicious_device,REVIEW
285.96,0.2215198576450348,0.3549040014881686,suspicious_device,REVIEW
135.29,0.23581835627555847,0.3595109177039028,suspicious_device,REVIEW
187.75,0.42208918929100037,0.39218675314441503,suspicious_device,REVIEW
840.24,0.27281954884529114,0.36559949303348854,velocity_abuse,REVIEW
525.93,0.20743295550346375,0.36390590210057355,suspicious_device,REVIEW
157.34,0.45751819014549255,0.4152764272430394,suspicious_device,REVIEW
697.89,0.2020796835422516,0.34964469683800553,velocity_abuse,REVIEW
659.07,0.4578753411769867,0.42003378447146844,suspicious_device,REVIEW
1799.85,0.2520492374897003,0.37130309745843415,unusual_amount,REVIEW
565.92,0.5965882539749146,0.42890039649274575,account_takeover,REVIEW
58.49,0.47197777032852173,0.37003737068763853,velocity_abuse,REVIEW
550.98,0.18281446397304535,0.4023835071448302,Clean,ALLOW
1195.39,0.7897891402244568,0.5139014231280012,account_takeover,BLOCK
533.28,0.5544641613960266,0.39934528885357934,suspicious_device,REVIEW
301.22,0.2073901891708374,0.36941660271794025,suspicious_device,REVIEW
646.31,0.6258782744407654,0.453116993194288,account_takeover,REVIEW
955.71,0.41385287046432495,0.40621532695722073,suspicious_device,REVIEW
643.05,0.24378617107868195,0.42999510348853615,velocity_abuse,REVIEW
222.16,0.3250121474266052,0.4224331411179316,suspicious_device,REVIEW
118.21,0.18660901486873627,0.37701815674455436,Clean,ALLOW
1282.39,0.2768087685108185,0.37151792736581774,velocity_abuse,REVIEW
998.11,0.24334420263767242,0.3636213312391414,velocity_abuse,REVIEW
301.06,0.2500093877315521,0.3818099682994045,velocity_abuse,REVIEW
157.37,0.16955889761447906,0.3918070485141715,Clean,ALLOW
742.53,0.19074857234954834,0.3852064084206809,Clean,ALLOW
712.61,0.22541697323322296,0.37564928262537434,velocity_abuse,REVIEW
342.95,0.17018039524555206,0.40039321721526855,Clean,ALLOW
331.15,0.7407694458961487,0.451590875762262,suspicious_device,REVIEW
871.22,0.13796667754650116,0.4756625945837419,Clean,ALLOW
71.43,0.37816038727760315,0.4048900240558171,velocity_abuse,REVIEW
247.62,0.37691134214401245,0.43189995313732166,velocity_abuse,REVIEW
146.85,0.14197447896003723,0.408308728579628,Clean,ALLOW
121.66,0.22071529924869537,0.3813561633816577,suspicious_device,REVIEW
164.0,0.3846040368080139,0.4390510619230701,suspicious_device,REVIEW
584.57,0.41921818256378174,0.4308310903621348,velocity_abuse,REVIEW
212.84,0.19143590331077576,0.4410772814790809,Clean,ALLOW
1727.67,0.5553387403488159,0.41762372792804314,suspicious_device,REVIEW
357.56,0.22705604135990143,0.46897386728882673,velocity_abuse,REVIEW
347.03,0.31199225783348083,0.434358981641432,suspicious_device,REVIEW
1054.84,0.3943064510822296,0.3837861974439876,velocity_abuse,REVIEW
1626.76,0.5048422813415527,0.4200813083011714,suspicious_device,REVIEW
540.5,0.3390806317329407,0.420678113870298,suspicious_device,REVIEW
839.7,0.22188585996627808,0.3712979075738355,velocity_abuse,REVIEW
212.9,0.2369050532579422,0.3787422980563071,velocity_abuse,REVIEW
307.5,0.620919942855835,0.4414106516314764,suspicious_device,REVIEW
375.16,0.1941772848367691,0.37669709684567604,Clean,ALLOW
197.2,0.21892543137073517,0.4107178243719008,suspicious_device,REVIEW
732.04,0.18431706726551056,0.4109500408439662,Clean,ALLOW
1043.52,0.25884395837783813,0.3822694059436185,velocity_abuse,REVIEW
243.64,0.2155301421880722,0.38147169099835687,suspicious_device,REVIEW
248.45,0.239206001162529,0.3893203042280201,suspicious_device,REVIEW
738.16,0.21962563693523407,0.4053876537954968,suspicious_device,REVIEW
108.18,0.3293973207473755,0.3743958169162565,velocity_abuse,REVIEW
226.84,0.23141084611415863,0.3904766528620618,suspicious_device,REVIEW
1599.14,0.29316672682762146,0.38777490832793376,suspicious_device,REVIEW
156.71,0.34045204520225525,0.4302939412240326,velocity_abuse,REVIEW
1591.9,0.4676136374473572,0.4213860193692287,suspicious_device,REVIEW
972.86,0.24124477803707123,0.37097195959327445,suspicious_device,REVIEW
105.96,0.6866664290428162,0.48850151036910794,suspicious_device,REVIEW
471.39,0.6397521495819092,0.4488789167954271,suspicious_device,REVIEW
151.66,0.1274484097957611,0.3752395071090208,Clean,ALLOW
496.25,0.1930597424507141,0.38217928842759763,Clean,ALLOW
508.98,0.19166378676891327,0.3773083530256092,Clean,ALLOW
393.31,0.1897072046995163,0.4044895393528569,Clean,ALLOW
1086.53,0.17667751014232635,0.4834372131480279,Clean,ALLOW
465.49,0.17704060673713684,0.4094150226628892,Clean,ALLOW
279.01,0.19264757633209229,0.38966965502790235,Clean,ALLOW
515.03,0.21047142148017883,0.37527709188716435,velocity_abuse,REVIEW
212.85,0.2041824907064438,0.34753833084557295,suspicious_device,REVIEW
528.26,0.2286779284477234,0.35999280583104915,velocity_abuse,REVIEW
648.61,0.2054719179868698,0.36848322184697213,suspicious_device,REVIEW
859.95,0.22119387984275818,0.3618406718548425,velocity_abuse,REVIEW
607.8,0.2595701217651367,0.36121713175240777,velocity_abuse,REVIEW
342.72,0.5936237573623657,0.40537863488002784,suspicious_device,REVIEW
231.86,0.2380865514278412,0.3574416730999905,velocity_abuse,REVIEW
284.0,0.18655084073543549,0.367009137297103,Clean,ALLOW
3038.76,0.23856894671916962,0.3790469795591966,unusual_amount,REVIEW
741.45,0.1685127317905426,0.369262015561007,Clean,ALLOW
257.36,0.2667577266693115,0.359553964634476,velocity_abuse,REVIEW
1191.2,0.38874387741088867,0.37940554011727246,velocity_abuse,REVIEW
116.3,0.28728774189949036,0.3772278880638341,suspicious_device,REVIEW
412.81,0.6024214029312134,0.41115277926841287,account_takeover,REVIEW
135.81,0.2092345952987671,0.3419613863600637,suspicious_device,REVIEW
598.39,0.3667094111442566,0.3874578519664149,velocity_abuse,REVIEW
537.92,0.20117267966270447,0.4146076561763775,velocity_abuse,REVIEW
464.78,0.5182381272315979,0.37126198992321213,suspicious_device,REVIEW
563.53,0.21908710896968842,0.3423698390211288,velocity_abuse,REVIEW
216.28,0.20735803246498108,0.34428535528994403,velocity_abuse,REVIEW
489.32,0.2211819887161255,0.3526847963521601,velocity_abuse,REVIEW
840.22,0.22498932480812073,0.35120364515267233,velocity_abuse,REVIEW
124.73,0.22324644029140472,0.34137332359881595,suspicious_device,REVIEW
1253.34,0.5088866353034973,0.42015214859158545,velocity_abuse,REVIEW
362.52,0.20931051671504974,0.3347509356434965,velocity_abuse,REVIEW
641.65,0.23499175906181335,0.3401245740115655,velocity_abuse,REVIEW
111.8,0.2466515451669693,0.3380912683581493,velocity_abuse,REVIEW
610.56,0.18855342268943787,0.35239513906493786,Clean,ALLOW
712.81,0.19500336050987244,0.3407888552524062,Clean,ALLOW
567.89,0.1586686223745346,0.34636771430125973,Clean,ALLOW
638.53,0.19890499114990234,0.3467395360224296,Clean,ALLOW
164.53,0.2065262645483017,0.3509391287853479,velocity_abuse,REVIEW
813.63,0.6677085757255554,0.4174449156627022,account_takeover,REVIEW
303.84,0.19207504391670227,0.3432173900773606,Clean,ALLOW
641.57,0.20736032724380493,0.35291735391572393,suspicious_device,REVIEW
246.21,0.25198501348495483,0.34431851518726003,suspicious_device,REVIEW
721.59,0.21529963612556458,0.36496156942933466,velocity_abuse,REVIEW
689.81,0.23801849782466888,0.34620296223060837,velocity_abuse,REVIEW
357.18,0.20140127837657928,0.34504631975125455,velocity_abuse,REVIEW
437.72,0.5066103339195251,0.43638235100998785,velocity_abuse,REVIEW
553.7,0.3053559362888336,0.37972952102015894,velocity_abuse,REVIEW
140.81,0.5616797804832458,0.41859058943601357,suspicious_device,REVIEW
324.3,0.4003710150718689,0.3967713616457402,velocity_abuse,REVIEW
179.71,0.22910076379776,0.3510368839913336,suspicious_device,REVIEW
181.77,0.21866947412490845,0.43079445563491653,unusual_amount,REVIEW
676.47,0.20114660263061523,0.34776499222658686,velocity_abuse,REVIEW
816.32,0.272440642118454,0.3644305643299671,suspicious_device,REVIEW
649.1,0.23248176276683807,0.37399157455919707,velocity_abuse,REVIEW
232.43,0.26052719354629517,0.3611043014879978,unusual_amount,REVIEW
766.8,0.2984008193016052,0.347336351678547,suspicious_device,REVIEW
598.75,0.5769031047821045,0.4004900403269752,account_takeover,REVIEW
431.09,0.1984500288963318,0.37737117351097194,Clean,ALLOW
686.32,0.291763573884964,0.38129585762352025,velocity_abuse,REVIEW
824.85,0.21047717332839966,0.35530615808076926,velocity_abuse,REVIEW
1264.69,0.2758009135723114,0.351621535210146,velocity_abuse,REVIEW
414.65,0.23821993172168732,0.361201546912964,velocity_abuse,REVIEW
139.93,0.23015069961547852,0.3430272959948858,velocity_abuse,REVIEW
256.12,0.2599690854549408,0.3426186023897937,velocity_abuse,REVIEW
418.66,0.22548454999923706,0.35094551594161283,velocity_abuse,REVIEW
923.04,0.57228022813797,0.4087693896525717,velocity_abuse,REVIEW
166.36,0.2480289489030838,0.3373349743504192,suspicious_device,REVIEW
691.93,0.19360196590423584,0.34909698057297134,Clean,ALLOW
187.57,0.3998732268810272,0.38753996371138105,suspicious_device,REVIEW
110.73,0.2714308798313141,0.3443005866840952,velocity_abuse,REVIEW
326.78,0.3701968193054199,0.3936493571495704,suspicious_device,REVIEW
9364.71,0.45795533061027527,0.4328237427315975,unusual_amount,REVIEW
147.66,0.15092897415161133,0.3420068795295627,Clean,ALLOW
318.58,0.20804116129875183,0.33495362933677375,velocity_abuse,REVIEW
502.2,0.201229527592659,0.32881310675508724,velocity_abuse,REVIEW
644.08,0.39154312014579773,0.4091060200713283,suspicious_device,REVIEW
113.42,0.34057027101516724,0.3632464737108179,suspicious_device,REVIEW
110.55,0.25969260931015015,0.3443445900869337,velocity_abuse,REVIEW
96.71,0.24869465827941895,0.36474808379739154,velocity_abuse,REVIEW
206.57,0.22674909234046936,0.3433537326797086,suspicious_device,REVIEW
658.46,0.20792479813098907,0.35386851790177026,suspicious_device,REVIEW
250.68,0.21763119101524353,0.36580364087235545,velocity_abuse,REVIEW
946.21,0.30544888973236084,0.382252885111364,velocity_abuse,REVIEW
557.68,0.1666961908340454,0.3363706224441937,Clean,ALLOW
113.66,0.5414011478424072,0.4400705990359562,suspicious_device,REVIEW
1777.69,0.24610145390033722,0.3603767334025797,suspicious_device,REVIEW
984.34,0.1927676647901535,0.35106096336036713,Clean,ALLOW
605.53,0.16907896101474762,0.34559615411108935,Clean,ALLOW
366.01,0.24329990148544312,0.3805549142747924,suspicious_device,REVIEW
170.73,0.3806059658527374,0.38051536270915187,suspicious_device,REVIEW
131.66,0.3951815366744995,0.4109715767299517,suspicious_device,REVIEW
759.59,0.1568814218044281,0.3555811179213757,Clean,ALLOW
755.89,0.24573549628257751,0.3476345691400535,velocity_abuse,REVIEW
132.54,0.7332465648651123,0.4303844590136179,account_takeover,REVIEW
188.26,0.16576607525348663,0.35808570263380285,Clean,ALLOW
282.41,0.28360047936439514,0.38357694476887283,velocity_abuse,REVIEW
876.27,0.20886799693107605,0.3382174915912163,suspicious_device,REVIEW
236.6,0.21580438315868378,0.35783178912215424,velocity_abuse,REVIEW
536.39,0.2392720729112625,0.3624365052717843,velocity_abuse,REVIEW
141.68,0.21652978658676147,0.3462934069104051,suspicious_device,REVIEW
456.66,0.18031109869480133,0.33445186237808616,Clean,ALLOW
714.26,0.21643413603305817,0.33130221015967737,velocity_abuse,REVIEW
238.76,0.2158506214618683,0.37656801878502977,suspicious_device,REVIEW
400.61,0.17540256679058075,0.3388593021927189,Clean,ALLOW
371.46,0.2113543301820755,0.3613832653869566,velocity_abuse,REVIEW
322.99,0.19258920848369598,0.3478181328277299,Clean,ALLOW
138.25,0.16834287345409393,0.37191350725499184,Clean,ALLOW
1806.34,0.2523787319660187,0.3547408283727753,suspicious_device,REVIEW
785.65,0.34603551030158997,0.41580380738945577,suspicious_device,REVIEW
1967.11,0.4579293429851532,0.423440277947637,suspicious_device,REVIEW
282.28,0.2061249315738678,0.3483489189525655,suspicious_device,REVIEW
211.21,0.3325336277484894,0.3964163810717214,unusual_amount,REVIEW
512.22,0.24825693666934967,0.34537009835822396,suspicious_device,REVIEW
857.25,0.25066256523132324,0.3934628075588187,velocity_abuse,REVIEW
47.54,0.23639635741710663,0.3460247625101738,suspicious_device,REVIEW
480.84,0.17570309340953827,0.3437233358603896,Clean,ALLOW
159.04,0.2898237109184265,0.34632177904226263,velocity_abuse,REVIEW
743.87,0.19924324750900269,0.3528483625226273,Clean,ALLOW
1250.6,0.3142184317111969,0.3625447034712842,velocity_abuse,REVIEW
135.93,0.20045483112335205,0.3644349371842047,suspicious_device,REVIEW
811.31,0.21859806776046753,0.34349432864552787,suspicious_device,REVIEW
743.41,0.40362748503685,0.4167754601766585,account_takeover,REVIEW
853.7,0.23467352986335754,0.3435953469638516,velocity_abuse,REVIEW
97.64,0.2463233917951584,0.3747792856734519,velocity_abuse,REVIEW
340.81,0.1696157306432724,0.41374467046653934,Clean,ALLOW
374.48,0.6975234150886536,0.4165182771680699,suspicious_device,REVIEW
487.61,0.24173927307128906,0.3802404482392534,account_takeover,REVIEW
936.2,0.22442126274108887,0.3709616211938844,suspicious_device,REVIEW
343.73,0.1956024467945099,0.37928192993133125,Clean,ALLOW
380.21,0.19836336374282837,0.3431637542803856,Clean,ALLOW
663.04,0.20281192660331726,0.34519591013352124,velocity_abuse,REVIEW
162.8,0.17969954013824463,0.3778631951352642,Clean,ALLOW
819.84,0.4224812090396881,0.4272370042680294,account_takeover,REVIEW
192.19,0.23192355036735535,0.371483994436073,suspicious_device,REVIEW
362.06,0.3443011939525604,0.38730148061360153,suspicious_device,REVIEW
405.11,0.8185798525810242,0.4640556016862467,account_takeover,BLOCK
1272.61,0.5020520091056824,0.42825911980646375,velocity_abuse,REVIEW
773.56,0.22193028032779694,0.36518045724744325,velocity_abuse,REVIEW
638.01,0.25543731451034546,0.3702163918503484,suspicious_device,REVIEW
1309.73,0.2649387717247009,0.37942698644171585,suspicious_device,REVIEW
213.72,0.20365361869335175,0.37334508996340726,suspicious_device,REVIEW
463.63,0.17250117659568787,0.37209221799477615,Clean,ALLOW
478.26,0.1803339570760727,0.3725197356471512,Clean,ALLOW
70.2,0.4595929980278015,0.4131100812588883,account_takeover,REVIEW
320.79,0.21593941748142242,0.3640182108773831,velocity_abuse,REVIEW
99.37,0.4828779697418213,0.41572615046271777,suspicious_device,REVIEW
3634.31,0.326177179813385,0.43045228141369274,unusual_amount,REVIEW
258.1,0.21209967136383057,0.3793859958484543,suspicious_device,REVIEW
405.39,0.2554265856742859,0.4073810621492347,velocity_abuse,REVIEW
1105.91,0.2665393054485321,0.39272290447277497,suspicious_device,REVIEW
216.78,0.22737792134284973,0.3820229715201163,suspicious_device,REVIEW
143.87,0.14626073837280273,0.35559926128534225,Clean,ALLOW
2474.21,0.23181013762950897,0.41442917924662,suspicious_device,REVIEW
177.68,0.2623785436153412,0.360156718127833,suspicious_device,REVIEW
100.33,0.26029321551322937,0.3704911778621996,suspicious_device,REVIEW
141.14,0.19163209199905396,0.36088533923995636,Clean,ALLOW
2856.99,0.5297903418540955,0.44549446299647066,suspicious_device,REVIEW
546.01,0.1703660786151886,0.37525265228231963,Clean,ALLOW
193.69,0.27251821756362915,0.3914554521444103,suspicious_device,REVIEW
1641.43,0.2782334089279175,0.3689950204957479,suspicious_device,REVIEW
531.56,0.2526669502258301,0.37634515525110984,suspicious_device,REVIEW
386.4,0.3344241976737976,0.41996961437360764,velocity_abuse,REVIEW
274.69,0.6608990430831909,0.4917440201371908,suspicious_device,REVIEW
429.87,0.1894851177930832,0.37227966040932037,Clean,ALLOW
926.66,0.23463545739650726,0.39232363288811334,velocity_abuse,REVIEW
482.13,0.19007563591003418,0.3522040877627573,Clean,ALLOW
1373.8,0.32019463181495667,0.4289738278605144,account_takeover,REVIEW
712.33,0.5579955577850342,0.4107058812542433,suspicious_device,REVIEW
422.93,0.16666974127292633,0.3893242097141873,Clean,ALLOW
339.06,0.264586478471756,0.4238106577974331,velocity_abuse,REVIEW
872.64,0.3003412187099457,0.3867433448761841,velocity_abuse,REVIEW
629.84,0.3954654335975647,0.4481619033769135,velocity_abuse,REVIEW
204.71,0.19411273300647736,0.3791569976010967,Clean,ALLOW
614.21,0.32780131697654724,0.40643528818151736,suspicious_device,REVIEW
541.59,0.20660525560379028,0.36489524768529175,velocity_abuse,REVIEW
1277.17,0.4593316316604614,0.4466641880497217,suspicious_device,REVIEW
363.12,0.19476008415222168,0.3794784546232176,Clean,ALLOW
875.68,0.2863803207874298,0.38488259084760906,velocity_abuse,REVIEW
390.19,0.18382716178894043,0.37406882289019905,Clean,ALLOW
230.49,0.21144217252731323,0.36560360177639,velocity_abuse,REVIEW
219.67,0.6148741841316223,0.43984347630486154,suspicious_device,REVIEW
109.64,0.23546826839447021,0.4245343360183269,suspicious_device,REVIEW
1974.76,0.47662869095802307,0.44285434356591,unusual_amount,REVIEW
72.28,0.5854107141494751,0.4774601641353232,account_takeover,REVIEW
212.24,0.2802864611148834,0.3948042042574054,suspicious_device,REVIEW
359.68,0.23234443366527557,0.37497966770116514,velocity_abuse,REVIEW
344.27,0.2059575468301773,0.37754690079388686,suspicious_device,REVIEW
2690.09,0.5166067481040955,0.5022426352881861,account_takeover,REVIEW
576.81,0.18972405791282654,0.3773696592919791,Clean,ALLOW
528.05,0.21785858273506165,0.3972837096359579,suspicious_device,REVIEW
826.76,0.39838001132011414,0.44834810349679866,suspicious_device,REVIEW
163.48,0.18890950083732605,0.36552754576569896,Clean,ALLOW
1046.44,0.26800987124443054,0.39907845419459925,suspicious_device,REVIEW
667.96,0.2621070444583893,0.43676924024070685,velocity_abuse,REVIEW
3047.27,0.21045608818531036,0.517299080537919,unusual_amount,REVIEW
163.94,0.20640620589256287,0.43933655761102575,velocity_abuse,REVIEW
309.68,0.16775354743003845,0.3830635102151815,Clean,ALLOW
344.31,0.201217383146286,0.39939219510127505,velocity_abuse,REVIEW
84.35,0.19922642409801483,0.38598201529774573,Clean,ALLOW
470.61,0.4098440706729889,0.43025369689431686,velocity_abuse,REVIEW
102.04,0.28336772322654724,0.43817614324215176,velocity_abuse,REVIEW
295.07,0.19736182689666748,0.38001831384616497,Clean,ALLOW
708.51,0.257822185754776,0.3550011626090866,velocity_abuse,REVIEW
377.74,0.7210910320281982,0.43902038436653784,account_takeover,REVIEW
312.74,0.2053920477628708,0.37204208535659716,velocity_abuse,REVIEW
133.58,0.7284106016159058,0.4118037368738422,velocity_abuse,REVIEW
364.09,0.22856412827968597,0.3379029983860152,velocity_abuse,REVIEW
290.19,0.2072315663099289,0.3622079063836167,velocity_abuse,REVIEW
169.14,0.7733519077301025,0.44624454110311057,suspicious_device,BLOCK
274.84,0.22757472097873688,0.3484086131043726,suspicious_device,REVIEW
395.08,0.24630498886108398,0.42859051008251,velocity_abuse,REVIEW
843.7,0.8765304088592529,0.5292837228884415,account_takeover,BLOCK
1029.62,0.4279334247112274,0.3516804181145375,velocity_abuse,REVIEW
925.1,0.22977814078330994,0.34814229788760187,suspicious_device,REVIEW
221.57,0.4699191749095917,0.38573284084482656,suspicious_device,REVIEW
775.43,0.2587052285671234,0.34049814979049164,velocity_abuse,REVIEW
1038.6,0.30247968435287476,0.34761374804572975,velocity_abuse,REVIEW
211.84,0.23811514675617218,0.3376130737251288,suspicious_device,REVIEW
166.58,0.25320562720298767,0.34353451706914795,suspicious_device,REVIEW
325.97,0.23357973992824554,0.36160694330658477,suspicious_device,REVIEW
305.29,0.3382084369659424,0.3962871552817848,velocity_abuse,REVIEW
748.32,0.25707682967185974,0.4053216439761243,velocity_abuse,REVIEW
318.53,0.2684563398361206,0.36466711895543397,velocity_abuse,REVIEW
583.77,0.29610106348991394,0.3612646809399715,velocity_abuse,REVIEW
1084.97,0.23210866749286652,0.4102258383622623,velocity_abuse,REVIEW
2247.1,0.26636675000190735,0.35801842103363507,unusual_amount,REVIEW
484.61,0.3977908790111542,0.3813348928308384,velocity_abuse,REVIEW
2044.59,0.304178923368454,0.3614859101781836,unusual_amount,REVIEW
566.18,0.3316872715950012,0.39420992394405246,unusual_amount,REVIEW
550.31,0.32560044527053833,0.37009147703221573,velocity_abuse,REVIEW
320.12,0.22200626134872437,0.3679650967138825,suspicious_device,REVIEW
70.34,0.37118905782699585,0.35869162837554647,velocity_abuse,REVIEW
259.62,0.21395455300807953,0.370729767871676,velocity_abuse,REVIEW
299.31,0.25594156980514526,0.3515267650677409,suspicious_device,REVIEW
1734.25,0.8955462574958801,0.48928263445772374,account_takeover,BLOCK
110.63,0.3527330160140991,0.3798519591634927,unusual_amount,REVIEW
427.28,0.22775237262248993,0.3564144352479944,velocity_abuse,REVIEW
422.72,0.21991904079914093,0.3362115841245179,velocity_abuse,REVIEW
404.37,0.23210790753364563,0.34175107380507774,velocity_abuse,REVIEW
369.1,0.2002587467432022,0.3570005944544848,velocity_abuse,REVIEW
881.8,0.5236805081367493,0.44027224711096685,velocity_abuse,REVIEW
301.64,0.49071699380874634,0.39802518181221924,suspicious_device,REVIEW
262.09,0.2125314474105835,0.341323052210894,velocity_abuse,REVIEW
120.47,0.2923492193222046,0.3387226775101532,velocity_abuse,REVIEW
732.08,0.6087285280227661,0.39934662393813375,velocity_abuse,REVIEW
298.66,0.6705543994903564,0.4264709519808238,suspicious_device,REVIEW
156.32,0.2564801573753357,0.3854361593222911,velocity_abuse,REVIEW
329.8,0.42503008246421814,0.4064619545655199,velocity_abuse,REVIEW
192.43,0.27367669343948364,0.337264140529713,velocity_abuse,REVIEW
764.54,0.25299784541130066,0.342179172989217,suspicious_device,REVIEW
193.41,0.7399092316627502,0.4415014320043906,account_takeover,REVIEW
168.0,0.24758057296276093,0.33805644915634253,velocity_abuse,REVIEW
284.61,0.2452906370162964,0.33924228526170874,velocity_abuse,REVIEW
803.32,0.2395324856042862,0.34547703236280125,suspicious_device,REVIEW
221.15,0.24273839592933655,0.33583008728538755,suspicious_device,REVIEW
542.74,0.27525970339775085,0.3432338220384002,suspicious_device,REVIEW
374.6,0.6048708558082581,0.43428550541401456,suspicious_device,REVIEW
358.45,0.5831772089004517,0.3879477430222173,suspicious_device,REVIEW
450.48,0.1977292150259018,0.3285837227143879,Clean,ALLOW
477.91,0.27301332354545593,0.4343960000416075,velocity_abuse,REVIEW
171.9,0.29061824083328247,0.3637337476101511,suspicious_device,REVIEW
262.93,0.6136615872383118,0.4458017626799206,suspicious_device,REVIEW
111.51,0.24435046315193176,0.4203068530546231,velocity_abuse,REVIEW
348.17,0.22579744458198547,0.34270446816026306,velocity_abuse,REVIEW
108.72,0.36748141050338745,0.3816995258188709,velocity_abuse,REVIEW
198.44,0.21428757905960083,0.3308333925217927,velocity_abuse,REVIEW
91.5,0.2906603515148163,0.3518829858971014,velocity_abuse,REVIEW
422.98,0.48181864619255066,0.39574703618689927,unusual_amount,REVIEW
50.56,0.7459672093391418,0.44541838233821723,account_takeover,REVIEW
191.77,0.2474106401205063,0.33485181264466607,suspicious_device,REVIEW
673.48,0.2228756546974182,0.32928743958749285,suspicious_device,REVIEW
486.97,0.21148639917373657,0.35501460369337906,suspicious_device,REVIEW
4575.16,0.4539789855480194,0.4074271114646458,unusual_amount,REVIEW
396.77,0.2189316600561142,0.33064184265039165,velocity_abuse,REVIEW
103.13,0.22667968273162842,0.3976625020633873,velocity_abuse,REVIEW
261.99,0.21303418278694153,0.3469426991695466,suspicious_device,REVIEW
423.39,0.2055947482585907,0.34388807545480055,velocity_abuse,REVIEW
94.69,0.2798531651496887,0.3335796665435126,velocity_abuse,REVIEW
82.91,0.21726273000240326,0.33260329564681007,suspicious_device,REVIEW
203.03,0.20849846303462982,0.337149759154532,velocity_abuse,REVIEW
1033.26,0.23520992696285248,0.3560306341506318,velocity_abuse,REVIEW
146.75,0.1800166219472885,0.34323064505388,Clean,ALLOW
151.93,0.1779979020357132,0.36380151169021196,Clean,ALLOW
750.63,0.2178218811750412,0.3566744789366708,velocity_abuse,REVIEW
634.64,0.15226273238658905,0.3582592666284369,Clean,ALLOW
410.93,0.204823300242424,0.33327691761647765,velocity_abuse,REVIEW
147.41,0.16466480493545532,0.34159198059318263,Clean,ALLOW
747.28,0.29315024614334106,0.36491378071272124,velocity_abuse,REVIEW
702.77,0.30427661538124084,0.35030985331885633,velocity_abuse,REVIEW
265.28,0.29561200737953186,0.36432582842283345,suspicious_device,REVIEW
94.95,0.2872816026210785,0.34405900754485524,velocity_abuse,REVIEW
242.36,0.20379120111465454,0.3400061763459838,suspicious_device,REVIEW
80.64,0.2909781038761139,0.35345057981528394,velocity_abuse,REVIEW
69.58,0.3386070430278778,0.33896512909974147,suspicious_device,REVIEW
243.91,0.2181115299463272,0.3344731233028401,suspicious_device,REVIEW
112.89,0.7985873222351074,0.45549292121664947,account_takeover,BLOCK
243.94,0.20920999348163605,0.3441862124450747,velocity_abuse,REVIEW
305.68,0.2177158147096634,0.3299089338000308,velocity_abuse,REVIEW
96.39,0.20495302975177765,0.41068967105544374,velocity_abuse,REVIEW
1384.57,0.3216930031776428,0.35298706310460737,velocity_abuse,REVIEW
377.16,0.7521718144416809,0.4272409061219561,account_takeover,BLOCK
2967.24,0.23997609317302704,0.3715648969935433,unusual_amount,REVIEW
1708.13,0.2550775110721588,0.3554464694100292,unusual_amount,REVIEW
684.44,0.8336572647094727,0.4492527408432612,account_takeover,BLOCK
123.08,0.18084578216075897,0.3564331731958488,Clean,ALLOW
112.8,0.2255605310201645,0.33143861954264037,velocity_abuse,REVIEW
63.7,0.37631142139434814,0.3316412509873951,suspicious_device,REVIEW
810.44,0.20870232582092285,0.34016598551373156,suspicious_device,REVIEW
690.31,0.3051902949810028,0.3637299308365468,suspicious_device,REVIEW
26.88,0.28334522247314453,0.43868339262297723,velocity_abuse,REVIEW
168.65,0.2304033488035202,0.34417671000276345,suspicious_device,REVIEW
120.41,0.5015374422073364,0.36555791456031417,suspicious_device,REVIEW
265.42,0.22996893525123596,0.3721632875123091,suspicious_device,REVIEW
47.36,0.3278198838233948,0.4139738095123837,velocity_abuse,REVIEW
410.52,0.1755470633506775,0.41808612425359515,Clean,ALLOW
200.08,0.1873929798603058,0.3555179324367927,Clean,ALLOW
89.61,0.3163456320762634,0.39274143982837667,account_takeover,REVIEW
346.65,0.1663203239440918,0.349168700868006,Clean,ALLOW
328.99,0.7032049298286438,0.4438314456309501,suspicious_device,REVIEW
147.3,0.14368899166584015,0.34863777756641834,Clean,ALLOW
187.56,0.26493334770202637,0.3604183267162684,suspicious_device,REVIEW
219.44,0.21261689066886902,0.3330742068466668,velocity_abuse,REVIEW
756.77,0.21816015243530273,0.3353854528601415,velocity_abuse,REVIEW
627.57,0.2117632031440735,0.3381119685531942,suspicious_device,REVIEW
57.09,0.43608200550079346,0.39807111769259085,velocity_abuse,REVIEW
134.2,0.19893744587898254,0.3387709995377932,Clean,ALLOW
1310.29,0.2719014883041382,0.384294068082713,suspicious_device,REVIEW
591.42,0.20781885087490082,0.33326993288982687,suspicious_device,REVIEW
180.03,0.29549792408943176,0.3759523570731974,suspicious_device,REVIEW
295.39,0.2866060733795166,0.39664777168296605,suspicious_device,REVIEW
593.4,0.24164749681949615,0.34520995812086,velocity_abuse,REVIEW
99.47,0.31770408153533936,0.372045700286231,velocity_abuse,REVIEW
392.81,0.2341337651014328,0.34535503734364487,velocity_abuse,REVIEW
833.13,0.4610404670238495,0.4015494646109224,suspicious_device,REVIEW
1345.8,0.3573278784751892,0.4221277550433213,account_takeover,REVIEW
389.3,0.20017887651920319,0.3358731531694371,suspicious_device,REVIEW
1642.86,0.2604416012763977,0.3639099724532453,suspicious_device,REVIEW
626.19,0.2313740849494934,0.34627674657723656,suspicious_device,REVIEW
150.06,0.2593879997730255,0.44918292813122845,velocity_abuse,REVIEW
1213.47,0.32665935158729553,0.35960919820633863,velocity_abuse,REVIEW
609.34,0.19756007194519043,0.3600369680234152,Clean,ALLOW
135.55,0.19821736216545105,0.3613110036748119,Clean,ALLOW
141.67,0.2541072964668274,0.3857462160059102,suspicious_device,REVIEW
347.44,0.17609524726867676,0.33902200971318436,Clean,ALLOW
617.5,0.22289268672466278,0.37246276886695673,suspicious_device,REVIEW
154.75,0.28828302025794983,0.38049622191837573,suspicious_device,REVIEW
675.33,0.2362900823354721,0.3913428675378109,velocity_abuse,REVIEW
197.05,0.22430935502052307,0.3747826002681421,velocity_abuse,REVIEW
652.97,0.23345355689525604,0.3638039120869518,velocity_abuse,REVIEW
203.84,0.24058878421783447,0.37264126403383735,suspicious_device,REVIEW
551.61,0.2899395823478699,0.3737700544337121,velocity_abuse,REVIEW
897.51,0.22667448222637177,0.38363995154208846,suspicious_device,REVIEW
286.65,0.3083573877811432,0.38290476884352054,velocity_abuse,REVIEW
153.23,0.4315413534641266,0.4033177878468914,suspicious_device,REVIEW
498.52,0.19332517683506012,0.384226635160523,Clean,ALLOW
121.43,0.20854857563972473,0.3661329936686172,suspicious_device,REVIEW
294.94,0.2909450829029083,0.40789106660816477,velocity_abuse,REVIEW
202.21,0.1835232973098755,0.39820937583343696,Clean,ALLOW
353.41,0.19788643717765808,0.38301421105651345,Clean,ALLOW
449.74,0.4742942452430725,0.41777441331580006,suspicious_device,REVIEW
769.25,0.22202271223068237,0.3626981965212997,velocity_abuse,REVIEW
219.76,0.20736318826675415,0.40868127844731605,suspicious_device,REVIEW
6449.89,0.7176820635795593,0.4488354040197852,unusual_amount,REVIEW
288.26,0.2576143145561218,0.3943477574388876,velocity_abuse,REVIEW
141.98,0.1388792097568512,0.3700020092760919,Clean,ALLOW
1754.68,0.5081799626350403,0.4667120044724649,suspicious_device,REVIEW
98.08,0.20143532752990723,0.37991125140784043,suspicious_device,REVIEW
339.03,0.2770940065383911,0.4490883551158403,suspicious_device,REVIEW
133.12,0.18730856478214264,0.37041948619093434,Clean,ALLOW
428.47,0.19471703469753265,0.35812473538320416,Clean,ALLOW
1459.06,0.2976962625980377,0.3752831415244356,velocity_abuse,REVIEW
442.46,0.7111810445785522,0.4442126330447623,account_takeover,REVIEW
156.88,0.5076761245727539,0.45063075429359567,suspicious_device,REVIEW
95.28,0.28150632977485657,0.4578343323851913,unusual_amount,REVIEW
162.86,0.32173991203308105,0.45549956747670906,velocity_abuse,REVIEW
880.08,0.1898983269929886,0.3622335454119535,Clean,ALLOW
137.07,0.22271572053432465,0.44290034413630763,suspicious_device,REVIEW
428.14,0.3842024803161621,0.43195987588816537,suspicious_device,REVIEW
203.39,0.1855591982603073,0.37589831543301644,Clean,ALLOW
140.69,0.3408677875995636,0.4081515747529643,velocity_abuse,REVIEW
91.2,0.2828315496444702,0.37774673529432,suspicious_device,REVIEW
296.96,0.295844167470932,0.4067839039008595,suspicious_device,REVIEW
476.77,0.1992957442998886,0.35756673750738255,Clean,ALLOW
652.46,0.5454520583152771,0.4963224924647469,account_takeover,REVIEW
459.74,0.24793654680252075,0.40419865874450295,suspicious_device,REVIEW
199.08,0.3781716227531433,0.4062238994380417,suspicious_device,REVIEW
160.88,0.49431705474853516,0.4901163001555381,suspicious_device,REVIEW
585.55,0.19077223539352417,0.3552871188921684,Clean,ALLOW
989.82,0.40176257491111755,0.40771904679115417,suspicious_device,REVIEW
468.28,0.6156275868415833,0.449829795712348,velocity_abuse,REVIEW
62.81,0.32742971181869507,0.3692632623263324,velocity_abuse,REVIEW
1241.76,0.2696394622325897,0.38803389336452265,suspicious_device,REVIEW
459.07,0.15302665531635284,0.3959651653992661,Clean,ALLOW
702.72,0.24373142421245575,0.37783322849506923,velocity_abuse,REVIEW
2934.7,0.40677592158317566,0.4307831576315607,suspicious_device,REVIEW
915.29,0.36963051557540894,0.4115023409352992,suspicious_device,REVIEW
322.36,0.3770610988140106,0.47337492361623196,account_takeover,REVIEW
262.54,0.21898439526557922,0.43859179977262375,velocity_abuse,REVIEW
407.53,0.21480455994606018,0.3883401231893002,velocity_abuse,REVIEW
843.38,0.2954348623752594,0.40738964951702006,velocity_abuse,REVIEW
52.38,0.24932146072387695,0.4240937557426304,velocity_abuse,REVIEW
256.12,0.42070117592811584,0.4404552633996908,velocity_abuse,REVIEW
512.38,0.2646026611328125,0.4221509358120113,velocity_abuse,REVIEW
321.5,0.4605529010295868,0.40823457607595326,suspicious_device,REVIEW
318.19,0.23846307396888733,0.3726550120471302,suspicious_device,REVIEW
492.23,0.1956961303949356,0.3967537925872953,Clean,ALLOW
118.94,0.26217395067214966,0.3823985549317554,suspicious_device,REVIEW
142.27,0.3991697430610657,0.428555256452733,suspicious_device,REVIEW
869.11,0.28263285756111145,0.37452176570684703,velocity_abuse,REVIEW
410.11,0.24360762536525726,0.43955572656933667,velocity_abuse,REVIEW
560.02,0.24934211373329163,0.34531312762952737,velocity_abuse,REVIEW
343.51,0.22243699431419373,0.41176606397878696,velocity_abuse,REVIEW
1102.97,0.20138069987297058,0.36639033792746895,velocity_abuse,REVIEW
1049.95,0.5764018893241882,0.4029987401018767,suspicious_device,REVIEW
857.55,0.2599635422229767,0.36923597364719457,velocity_abuse,REVIEW
147.33,0.22553718090057373,0.34363765449884776,suspicious_device,REVIEW
143.58,0.19029778242111206,0.344654684597088,Clean,ALLOW
580.11,0.2149125188589096,0.37478387457125223,velocity_abuse,REVIEW
273.58,0.24995391070842743,0.3701841583466871,velocity_abuse,REVIEW
254.69,0.24245260655879974,0.3779888104369638,suspicious_device,REVIEW
383.39,0.25244730710983276,0.3534356041749268,velocity_abuse,REVIEW
185.4,0.19571875035762787,0.35891779130608614,Clean,ALLOW
867.02,0.2537253499031067,0.3448581765632317,velocity_abuse,REVIEW
1107.55,0.2860959470272064,0.4039128764960668,velocity_abuse,REVIEW
580.81,0.2725878059864044,0.36423924437984495,velocity_abuse,REVIEW
224.71,0.1916290521621704,0.3669175525883989,Clean,ALLOW
151.85,0.16123607754707336,0.35415317868131285,Clean,ALLOW
125.82,0.3653043508529663,0.4455111305916425,velocity_abuse,REVIEW
1564.76,0.34105345606803894,0.4153347185530354,unusual_amount,REVIEW
377.4,0.6294131278991699,0.40526759338324564,suspicious_device,REVIEW
51.06,0.3480866849422455,0.41795179666919546,velocity_abuse,REVIEW
75.41,0.28123918175697327,0.3425204764950352,velocity_abuse,REVIEW
390.65,0.36298394203186035,0.39908451839097353,velocity_abuse,REVIEW
1200.12,0.5854613780975342,0.40796176073744694,suspicious_device,REVIEW
344.68,0.22733372449874878,0.36451251401572476,velocity_abuse,REVIEW
160.46,0.5606750249862671,0.39226397142042835,suspicious_device,REVIEW
635.92,0.22680146992206573,0.3510629466632328,velocity_abuse,REVIEW
228.16,0.22370681166648865,0.3351516614941594,suspicious_device,REVIEW
589.19,0.3015243709087372,0.35926078333233663,suspicious_device,REVIEW
273.62,0.34620481729507446,0.45251596226608964,velocity_abuse,REVIEW
44.09,0.18516579270362854,0.35696721581872404,Clean,ALLOW
94.04,0.321952223777771,0.36560648108376287,velocity_abuse,REVIEW
536.92,0.24449996650218964,0.35181028825516564,velocity_abuse,REVIEW
434.43,0.4112229347229004,0.39789954405962813,velocity_abuse,REVIEW
204.41,0.2622738182544708,0.35810312737583905,suspicious_device,REVIEW
337.21,0.3942776620388031,0.38713722570660103,velocity_abuse,REVIEW
564.87,0.21131685376167297,0.36695155641960364,velocity_abuse,REVIEW
724.83,0.6356086134910583,0.4252791779313574,account_takeover,REVIEW
857.66,0.2585209608078003,0.3446226756705897,velocity_abuse,REVIEW
125.82,0.2673186957836151,0.40235955313740146,velocity_abuse,REVIEW
202.53,0.19106963276863098,0.3643372759557517,Clean,ALLOW
1240.68,0.28100791573524475,0.35451511664317953,suspicious_device,REVIEW
1372.48,0.473714679479599,0.4164071579316881,suspicious_device,REVIEW
109.9,0.35377562046051025,0.35390181247413394,velocity_abuse,REVIEW
1966.65,0.3347650468349457,0.3694445101042274,unusual_amount,REVIEW
377.48,0.2971336543560028,0.3624208513539781,velocity_abuse,REVIEW
335.87,0.20493969321250916,0.3370938129562348,suspicious_device,REVIEW
627.71,0.46822589635849,0.4144261768847065,account_takeover,REVIEW
364.04,0.7451035976409912,0.4095344546774645,account_takeover,REVIEW
564.58,0.2001384049654007,0.35413981609089096,velocity_abuse,REVIEW
53.27,0.2281474620103836,0.3499097648657384,velocity_abuse,REVIEW
79.97,0.5397288203239441,0.44300873675093805,velocity_abuse,REVIEW
1038.31,0.27905306220054626,0.3652568227197317,unusual_amount,REVIEW
296.65,0.2254563421010971,0.3304232822873648,suspicious_device,REVIEW
451.65,0.22783289849758148,0.35591443001803,velocity_abuse,REVIEW
1909.97,0.4027318060398102,0.39068870510711584,unusual_amount,REVIEW
178.89,0.6469202041625977,0.3870580154839507,suspicious_device,REVIEW
258.39,0.2215670943260193,0.36158095849173827,velocity_abuse,REVIEW
343.07,0.2152094691991806,0.3477847295910221,velocity_abuse,REVIEW
128.9,0.29531416296958923,0.36311599741913264,suspicious_device,REVIEW
2341.36,0.24686653912067413,0.3860809514764467,suspicious_device,REVIEW
695.32,0.27488774061203003,0.34048220495132614,velocity_abuse,REVIEW
253.02,0.23314687609672546,0.34866131724662613,suspicious_device,REVIEW
146.94,0.18673638999462128,0.4982506931829185,Clean,ALLOW
173.37,0.2782004773616791,0.34447018994818324,suspicious_device,REVIEW
108.98,0.2725431025028229,0.36170735125790127,suspicious_device,REVIEW
887.81,0.306819349527359,0.34963449950698905,suspicious_device,REVIEW
157.15,0.19214121997356415,0.3380222644143862,Clean,ALLOW
329.49,0.19201509654521942,0.35043384293101587,Clean,ALLOW
288.16,0.1654052883386612,0.4600853147298935,Clean,ALLOW
795.16,0.20679688453674316,0.4026734666379943,velocity_abuse,REVIEW
2825.95,0.4637606143951416,0.4262296436039869,suspicious_device,REVIEW
879.97,0.23269249498844147,0.351382781855437,suspicious_device,REVIEW
383.25,0.3822506368160248,0.38968297414243497,suspicious_device,REVIEW
358.08,0.19485723972320557,0.3431629969634535,Clean,ALLOW
471.09,0.19401219487190247,0.3603253572899787,Clean,ALLOW
110.61,0.28161323070526123,0.3375491504607797,velocity_abuse,REVIEW
1041.31,0.2688532769680023,0.34810819632341966,velocity_abuse,REVIEW
775.04,0.2039995640516281,0.35826890604164785,unusual_amount,REVIEW
401.48,0.2252679169178009,0.33711253613470715,velocity_abuse,REVIEW
328.97,0.7895927429199219,0.4748146352010946,suspicious_device,BLOCK
199.59,0.5218708515167236,0.3991904766229282,suspicious_device,REVIEW
415.96,0.1886175125837326,0.34873200779803726,Clean,ALLOW
1965.24,0.17825467884540558,0.3664622874133835,Clean,ALLOW
633.31,0.16134798526763916,0.38069796969332503,Clean,ALLOW
517.82,0.23488658666610718,0.37035612849157756,velocity_abuse,REVIEW
741.05,0.1707025021314621,0.41729098619860155,Clean,ALLOW
654.23,0.6821033954620361,0.4244257343999832,suspicious_device,REVIEW
91.05,0.29158470034599304,0.38034614121772,velocity_abuse,REVIEW
215.34,0.20740963518619537,0.34432971457995765,suspicious_device,REVIEW
235.62,0.3565634787082672,0.3821872596541357,suspicious_device,REVIEW
179.46,0.754683256149292,0.4424958831197459,suspicious_device,BLOCK
432.21,0.2803022265434265,0.4028112732575328,velocity_abuse,REVIEW
121.66,0.17367993295192719,0.4210511828883074,Clean,ALLOW
418.21,0.7476295232772827,0.45312800994595365,account_takeover,REVIEW
368.52,0.1761995255947113,0.3503900701847573,Clean,ALLOW
574.59,0.15960127115249634,0.33914212996754595,Clean,ALLOW
180.27,0.22809718549251556,0.34017663847407836,suspicious_device,REVIEW
213.05,0.2080754041671753,0.3352299485923907,suspicious_device,REVIEW
349.06,0.21614709496498108,0.3517220446472395,velocity_abuse,REVIEW
506.89,0.19303898513317108,0.34805186870204796,Clean,ALLOW
673.91,0.32920750975608826,0.3995861733812271,suspicious_device,REVIEW
327.09,0.20555493235588074,0.35414885478847735,suspicious_device,REVIEW
216.03,0.22635501623153687,0.3410593390934997,suspicious_device,REVIEW
399.51,0.25144505500793457,0.3583097745682485,suspicious_device,REVIEW
281.59,0.18778854608535767,0.4036116532039915,Clean,ALLOW
1252.41,0.26608097553253174,0.3610577557908157,unusual_amount,REVIEW
1473.15,0.46639570593833923,0.40725149072375133,suspicious_device,REVIEW
153.73,0.20807825028896332,0.3391960466379789,suspicious_device,REVIEW
26.8,0.2248738557100296,0.3386922771578866,velocity_abuse,REVIEW
396.84,0.23148569464683533,0.4013764563349932,velocity_abuse,REVIEW
473.86,0.17528091371059418,0.36021073599650083,Clean,ALLOW
138.81,0.18139351904392242,0.37233933676803094,Clean,ALLOW
110.7,0.274643212556839,0.35838198582934466,velocity_abuse,REVIEW
1971.8,0.5341046452522278,0.4443053188670763,unusual_amount,REVIEW
194.0,0.24002519249916077,0.36928498026011136,suspicious_device,REVIEW
1662.09,0.23234255611896515,0.37172855382103814,suspicious_device,REVIEW
158.01,0.5078199505805969,0.4456311559616294,suspicious_device,REVIEW
369.59,0.22323131561279297,0.36023602580957736,suspicious_device,REVIEW
453.45,0.2235034853219986,0.38618760410255565,velocity_abuse,REVIEW
289.98,0.22087299823760986,0.3508702486657083,suspicious_device,REVIEW
182.54,0.21652112901210785,0.38019710972788634,suspicious_device,REVIEW
1065.95,0.23219870030879974,0.36630254953809793,suspicious_device,REVIEW
435.94,0.2150978296995163,0.36126131646632526,velocity_abuse,REVIEW
262.13,0.30841323733329773,0.39318253314019896,velocity_abuse,REVIEW
70.97,0.27518558502197266,0.3662167275777956,velocity_abuse,REVIEW
416.4,0.22375831007957458,0.349902909309772,suspicious_device,REVIEW
215.54,0.4467910826206207,0.42756578351303587,velocity_abuse,REVIEW
628.18,0.2029409110546112,0.38142372836380833,velocity_abuse,REVIEW
178.21,0.20665448904037476,0.3639958709439157,suspicious_device,REVIEW
314.7,0.230303555727005,0.3786244897159547,velocity_abuse,REVIEW
83.85,0.603420078754425,0.42052912221937017,velocity_abuse,REVIEW
101.63,0.284463495016098,0.37665462426365526,suspicious_device,REVIEW
312.05,0.2282552868127823,0.3408312101418452,suspicious_device,REVIEW
345.33,0.19669903814792633,0.3762715527249813,Clean,ALLOW
568.8,0.2635174095630646,0.4039369662307722,suspicious_device,REVIEW
372.7,0.2157551795244217,0.3438088867220002,suspicious_device,REVIEW
180.46,0.2193504124879837,0.35595139094756706,suspicious_device,REVIEW
520.16,0.20749017596244812,0.34609712776122387,suspicious_device,REVIEW
339.65,0.2697160840034485,0.417342461153544,suspicious_device,REVIEW
302.19,0.19318529963493347,0.34767968757386586,Clean,ALLOW
133.58,0.19003696739673615,0.3549285583436036,Clean,ALLOW
452.22,0.2328832596540451,0.3674864756677253,velocity_abuse,REVIEW
1037.12,0.2997135818004608,0.34707079925247153,velocity_abuse,REVIEW
469.18,0.17929679155349731,0.3691819595065832,Clean,ALLOW
278.89,0.25308629870414734,0.3488450994494609,velocity_abuse,REVIEW
413.45,0.28540468215942383,0.35265754701566554,velocity_abuse,REVIEW
189.9,0.25016650557518005,0.3460721828825745,suspicious_device,REVIEW
156.35,0.1553943008184433,0.3770007557568722,Clean,ALLOW
142.09,0.20840603113174438,0.3770571380791009,suspicious_device,REVIEW
280.67,0.21925242245197296,0.3485906453759329,velocity_abuse,REVIEW
667.68,0.22351554036140442,0.34496545290419744,velocity_abuse,REVIEW
515.56,0.1511503905057907,0.37483059189225054,Clean,ALLOW
401.25,0.19949115812778473,0.3394974548362741,Clean,ALLOW
454.44,0.19301818311214447,0.36857167708829214,Clean,ALLOW
635.93,0.2041795253753662,0.4161475487774685,velocity_abuse,REVIEW
1475.7,0.568333089351654,0.46875108491659195,account_takeover,REVIEW
1025.12,0.5598333477973938,0.44573391836057735,suspicious_device,REVIEW
79.51,0.5662313103675842,0.4665544394028817,account_takeover,REVIEW
183.9,0.23000124096870422,0.38879698296565146,suspicious_device,REVIEW
319.05,0.20408371090888977,0.3616602587283356,suspicious_device,REVIEW
465.11,0.43570995330810547,0.45884408177182995,account_takeover,REVIEW
258.91,0.5790252685546875,0.4674200187245707,account_takeover,REVIEW
141.61,0.6737099289894104,0.4382605423415057,suspicious_device,REVIEW
393.66,0.3333472013473511,0.43603099252018307,suspicious_device,REVIEW
171.85,0.43805259466171265,0.4524063369874047,suspicious_device,REVIEW
157.12,0.18578071892261505,0.38766075620114004,Clean,ALLOW
282.89,0.26183634996414185,0.4182634707369307,velocity_abuse,REVIEW
171.98,0.20556753873825073,0.3806620461835258,suspicious_device,REVIEW
409.36,0.20319220423698425,0.36118169205265177,suspicious_device,REVIEW
640.29,0.2210572212934494,0.361349497158778,suspicious_device,REVIEW
815.55,0.4064377248287201,0.4234541093510747,suspicious_device,REVIEW
1246.23,0.29597991704940796,0.3783004709716507,velocity_abuse,REVIEW
138.53,0.30501827597618103,0.4038724250851374,velocity_abuse,REVIEW
592.77,0.21388141810894012,0.3837374702114083,velocity_abuse,REVIEW
659.85,0.23351214826107025,0.38190501495677465,suspicious_device,REVIEW
223.38,0.20094841718673706,0.3882464020713207,suspicious_device,REVIEW
786.93,0.24994997680187225,0.36793498201147,velocity_abuse,REVIEW
721.69,0.2258569747209549,0.36353709184089744,suspicious_device,REVIEW
244.82,0.5017279982566833,0.4157782127131894,suspicious_device,REVIEW
310.87,0.4777890741825104,0.4276885146959292,velocity_abuse,REVIEW
89.6,0.6503826379776001,0.44479843585005296,account_takeover,REVIEW
159.71,0.22234883904457092,0.38150509834980123,suspicious_device,REVIEW
208.78,0.25446557998657227,0.3867874418554649,suspicious_device,REVIEW
1395.53,0.43720078468322754,0.4291779511931256,suspicious_device,REVIEW
821.1,0.23920570313930511,0.390223335340824,velocity_abuse,REVIEW
228.64,0.38732150197029114,0.4469329261015547,suspicious_device,REVIEW
406.71,0.3321388363838196,0.3868921797595495,velocity_abuse,REVIEW
144.5,0.49701717495918274,0.4762932924693252,suspicious_device,REVIEW
456.83,0.4431297779083252,0.46293470805519477,account_takeover,REVIEW
89.48,0.26951783895492554,0.3952875629675911,suspicious_device,REVIEW
635.73,0.19057945907115936,0.3883966920196001,Clean,ALLOW
221.37,0.25121182203292847,0.402262396823299,suspicious_device,REVIEW
621.19,0.37892821431159973,0.4131964533467599,suspicious_device,REVIEW
317.71,0.24454307556152344,0.3924761870492358,velocity_abuse,REVIEW
602.25,0.2659738063812256,0.4199672970632607,suspicious_device,REVIEW
585.44,0.20569726824760437,0.3788701016455548,suspicious_device,REVIEW
259.05,0.4828035235404968,0.43935484287356996,suspicious_device,REVIEW
120.67,0.2709731161594391,0.3819104934003538,suspicious_device,REVIEW
448.14,0.2076016068458557,0.3658723614624406,velocity_abuse,REVIEW
1516.28,0.24434499442577362,0.45890960012284965,suspicious_device,REVIEW
290.01,0.2414184957742691,0.37264636622650843,suspicious_device,REVIEW
445.82,0.22026820480823517,0.42095845816407723,velocity_abuse,REVIEW
366.0,0.20090682804584503,0.4076935951868417,suspicious_device,REVIEW
752.98,0.22738949954509735,0.3935573992406274,suspicious_device,REVIEW
162.91,0.23317165672779083,0.38256651024194244,suspicious_device,REVIEW
239.28,0.21811352670192719,0.3922176772094534,suspicious_device,REVIEW
704.48,0.2788802981376648,0.41527521456283617,velocity_abuse,REVIEW
121.96,0.29359471797943115,0.4002877611236168,suspicious_device,REVIEW
571.96,0.18007467687129974,0.3859346180854809,Clean,ALLOW
151.07,0.24670588970184326,0.4442388989808359,velocity_abuse,REVIEW
75.39,0.2964082360267639,0.4711870449478957,suspicious_device,REVIEW
363.82,0.4565379023551941,0.4515860151317781,velocity_abuse,REVIEW
687.86,0.3073810935020447,0.4572351930749938,velocity_abuse,REVIEW
460.38,0.19860264658927917,0.3906528332139287,Clean,ALLOW
216.44,0.28682786226272583,0.3940395519684566,velocity_abuse,REVIEW
692.74,0.5716963410377502,0.4257816467577552,velocity_abuse,REVIEW
476.87,0.22094927728176117,0.3751448436242624,velocity_abuse,REVIEW
494.4,0.20883743464946747,0.38683818888383403,suspicious_device,REVIEW
229.57,0.6613665223121643,0.4761386068280622,unusual_amount,REVIEW
186.09,0.27293866872787476,0.38011713695248384,suspicious_device,REVIEW
1407.66,0.31117257475852966,0.3680701940137405,suspicious_device,REVIEW
263.2,0.30538269877433777,0.3561149147755832,velocity_abuse,REVIEW
464.78,0.1275351643562317,0.42450811563236857,Clean,ALLOW
710.42,0.3008049726486206,0.3667439420980821,velocity_abuse,REVIEW
296.33,0.27544495463371277,0.3505219746902209,suspicious_device,REVIEW
279.17,0.32469865679740906,0.3850319978210066,velocity_abuse,REVIEW
250.1,0.286041259765625,0.35631986736050875,velocity_abuse,REVIEW
465.85,0.4405825138092041,0.4171787557565433,velocity_abuse,REVIEW
747.69,0.24272535741329193,0.3869755560743538,velocity_abuse,REVIEW
1429.34,0.2663414478302002,0.40052407754132946,unusual_amount,REVIEW
596.02,0.20657353103160858,0.3655730103495596,velocity_abuse,REVIEW
314.55,0.2024231106042862,0.3628288660700843,suspicious_device,REVIEW
230.98,0.20260803401470184,0.3779569648237206,velocity_abuse,REVIEW
258.9,0.3033142685890198,0.36129930449044173,velocity_abuse,REVIEW
59.25,0.5005362033843994,0.4453513343378615,velocity_abuse,REVIEW
208.55,0.4437457025051117,0.4708175334897344,velocity_abuse,REVIEW
451.86,0.23820564150810242,0.35161129253022605,velocity_abuse,REVIEW
2438.87,0.1832919716835022,0.39130719126070507,Clean,ALLOW
70.5,0.5507251620292664,0.4463819506625021,velocity_abuse,REVIEW
861.89,0.41693785786628723,0.3972418840106551,velocity_abuse,REVIEW
788.56,0.2856683135032654,0.3644556081481975,unusual_amount,REVIEW
3618.29,0.8358311653137207,0.5531184038406881,account_takeover,BLOCK
352.75,0.23010064661502838,0.36250164309652705,velocity_abuse,REVIEW
1871.34,0.2875484824180603,0.37737901353015635,unusual_amount,REVIEW
624.01,0.2826807498931885,0.3591991043085912,velocity_abuse,REVIEW
299.6,0.3287035822868347,0.40342568556010616,velocity_abuse,REVIEW
774.25,0.2453637570142746,0.36148595770953623,velocity_abuse,REVIEW
441.5,0.27595117688179016,0.3805037037507492,velocity_abuse,REVIEW
99.47,0.30350109934806824,0.36843770987670793,suspicious_device,REVIEW
784.84,0.6303948163986206,0.4189073901017658,suspicious_device,REVIEW
821.26,0.2850008010864258,0.3698757388142324,velocity_abuse,REVIEW
360.61,0.2973400056362152,0.3663699102098818,velocity_abuse,REVIEW
507.34,0.23606111109256744,0.3591950657615085,suspicious_device,REVIEW
283.2,0.20914915204048157,0.3749178321451222,velocity_abuse,REVIEW
305.28,0.35215893387794495,0.3552336154169429,velocity_abuse,REVIEW
152.27,0.2518269419670105,0.3571748105541428,suspicious_device,REVIEW
5505.22,0.74485182762146,0.4580508662366686,unusual_amount,REVIEW
544.88,0.23514848947525024,0.35736648105040664,velocity_abuse,REVIEW
97.14,0.2578016519546509,0.4109400166604409,velocity_abuse,REVIEW
481.6,0.2694823443889618,0.36005580233269646,velocity_abuse,REVIEW
116.76,0.4090140461921692,0.40761791718696555,velocity_abuse,REVIEW
196.59,0.3010864853858948,0.39787934859195007,velocity_abuse,REVIEW
1046.9,0.3625544607639313,0.3862833461072509,velocity_abuse,REVIEW
119.52,0.39835959672927856,0.36285577396590923,suspicious_device,REVIEW
297.83,0.2752964496612549,0.36774606110861197,velocity_abuse,REVIEW
442.36,0.23125380277633667,0.35033949433832967,suspicious_device,REVIEW
268.07,0.2618825137615204,0.3699305602364689,velocity_abuse,REVIEW
955.87,0.5538132190704346,0.442109882271912,suspicious_device,REVIEW
1142.95,0.29337283968925476,0.36431743179345216,velocity_abuse,REVIEW
292.41,0.3149951994419098,0.3518679313397412,velocity_abuse,REVIEW
669.29,0.20534127950668335,0.4411063372322668,velocity_abuse,REVIEW
337.67,0.23617222905158997,0.37415188606232674,velocity_abuse,REVIEW
357.2,0.4786771237850189,0.40458104411637524,suspicious_device,REVIEW
259.34,0.20879250764846802,0.3738191409552334,velocity_abuse,REVIEW
160.96,0.203260138630867,0.36248926270013804,suspicious_device,REVIEW
137.51,0.377522736787796,0.37416758670107053,suspicious_device,REVIEW
372.04,0.2716066241264343,0.36010550447532835,suspicious_device,REVIEW
1410.89,0.30453217029571533,0.3682730173948272,unusual_amount,REVIEW
173.06,0.2587636709213257,0.3537063632326303,velocity_abuse,REVIEW
664.03,0.1625269055366516,0.4358931384594053,Clean,ALLOW
265.22,0.3043089210987091,0.37929401144676184,suspicious_device,REVIEW
492.73,0.4953552782535553,0.42639885004618944,velocity_abuse,REVIEW
940.49,0.24289825558662415,0.35714239024005745,velocity_abuse,REVIEW
120.75,0.36994174122810364,0.37742798647280984,suspicious_device,REVIEW
661.65,0.26756903529167175,0.34873900531185614,velocity_abuse,REVIEW
583.24,0.2585163414478302,0.3885639231061808,velocity_abuse,REVIEW
900.07,0.2335009127855301,0.3603387943097355,velocity_abuse,REVIEW
359.27,0.23295024037361145,0.3591410958983019,velocity_abuse,REVIEW
177.86,0.28309598565101624,0.371818384908656,suspicious_device,REVIEW
292.99,0.29441598057746887,0.3489615492945527,velocity_abuse,REVIEW
293.86,0.2786915600299835,0.34809866771134995,velocity_abuse,REVIEW
392.33,0.2586336135864258,0.3653580783783561,velocity_abuse,REVIEW
1124.36,0.27623072266578674,0.4642060203486155,velocity_abuse,REVIEW
454.4,0.25237250328063965,0.4352983498767197,velocity_abuse,REVIEW
72.31,0.4166505038738251,0.3510215101243464,velocity_abuse,REVIEW
332.85,0.1972893327474594,0.3800652405914939,Clean,ALLOW
109.88,0.4471675753593445,0.4251161308951425,velocity_abuse,REVIEW
904.32,0.23653589189052582,0.3626958134759902,velocity_abuse,REVIEW
611.89,0.22203409671783447,0.3481594067913282,unusual_amount,REVIEW
421.18,0.25978466868400574,0.3912954786573629,velocity_abuse,REVIEW
247.45,0.2054469734430313,0.4367685696678754,unusual_amount,REVIEW
78.43,0.24192868173122406,0.3742921445281108,velocity_abuse,REVIEW
744.4,0.6292151212692261,0.40889800118294345,suspicious_device,REVIEW
489.4,0.24643120169639587,0.35538573651010147,suspicious_device,REVIEW
105.58,0.2674891948699951,0.3839419034305194,velocity_abuse,REVIEW
102.2,0.3232651948928833,0.37295520094964857,velocity_abuse,REVIEW
887.86,0.24270513653755188,0.3568489039816632,velocity_abuse,REVIEW
93.96,0.28583207726478577,0.3520664671924212,velocity_abuse,REVIEW
1147.65,0.2823893129825592,0.36480969610760344,velocity_abuse,REVIEW
325.95,0.3401545286178589,0.4100815385835329,velocity_abuse,REVIEW
203.26,0.32434019446372986,0.4231730387443204,velocity_abuse,REVIEW
165.91,0.26064440608024597,0.34528761485504067,suspicious_device,REVIEW
163.34,0.7607107758522034,0.47141383221031563,account_takeover,BLOCK
166.61,0.241273432970047,0.3554372865336272,suspicious_device,REVIEW
406.38,0.2174043506383896,0.34308195729455365,suspicious_device,REVIEW
274.56,0.5377882719039917,0.40109850624144067,suspicious_device,REVIEW
176.83,0.26052185893058777,0.3537283233727152,suspicious_device,REVIEW
301.64,0.23592139780521393,0.36035337983229976,velocity_abuse,REVIEW
524.32,0.21831947565078735,0.34753734955903365,velocity_abuse,REVIEW
265.64,0.23173464834690094,0.35568949703516356,velocity_abuse,REVIEW
904.44,0.2574983537197113,0.36350199302877373,velocity_abuse,REVIEW
1217.4,0.30291318893432617,0.3898665830775085,velocity_abuse,REVIEW
1261.26,0.35581979155540466,0.39530411888841793,velocity_abuse,REVIEW
569.42,0.19213122129440308,0.343383787180671,Clean,ALLOW
523.18,0.19878599047660828,0.360873591610378,Clean,ALLOW
667.05,0.24620026350021362,0.37293395138751273,suspicious_device,REVIEW
769.58,0.31122928857803345,0.38583355053706253,unusual_amount,REVIEW
642.35,0.24471713602542877,0.4230534333199927,unusual_amount,REVIEW
2580.92,0.29444581270217896,0.3908111775664769,unusual_amount,REVIEW
310.39,0.2546375095844269,0.3464210844829775,velocity_abuse,REVIEW
294.22,0.3277882933616638,0.3700751864751443,velocity_abuse,REVIEW
1003.65,0.34299391508102417,0.3633195029595646,suspicious_device,REVIEW
587.06,0.4455549418926239,0.42220014153527735,velocity_abuse,REVIEW
248.43,0.28932422399520874,0.373892079413222,suspicious_device,REVIEW
512.97,0.18784303963184357,0.36065185103629843,Clean,ALLOW
721.81,0.39630961418151855,0.3745715481524414,velocity_abuse,REVIEW
208.41,0.21217425167560577,0.35464310685391054,suspicious_device,REVIEW
485.31,0.29995042085647583,0.3796727952805168,velocity_abuse,REVIEW
357.06,0.18843337893486023,0.3554516909365922,Clean,ALLOW
1118.15,0.24677270650863647,0.39145986804122,unusual_amount,REVIEW
864.1,0.24034230411052704,0.3435300340986824,velocity_abuse,REVIEW
357.37,0.22326982021331787,0.3562071440499213,suspicious_device,REVIEW
122.61,0.47720006108283997,0.4862138989408092,account_takeover,REVIEW
354.99,0.4831683337688446,0.43034169423891416,account_takeover,REVIEW
407.23,0.20231202244758606,0.4319935473615345,velocity_abuse,REVIEW
474.94,0.21137934923171997,0.3430780531423374,velocity_abuse,REVIEW
406.13,0.22385483980178833,0.44763577440291746,velocity_abuse,REVIEW
8493.01,0.9154309034347534,0.49477718069240695,unusual_amount,BLOCK
321.2,0.6106937527656555,0.5146976516618377,account_takeover,REVIEW
70.48,0.49739354848861694,0.43044853904990665,account_takeover,REVIEW
143.57,0.1915683150291443,0.36507197263160424,Clean,ALLOW
289.35,0.8455530405044556,0.4904229906446613,account_takeover,BLOCK
218.57,0.5310477018356323,0.4036239971315184,suspicious_device,REVIEW
180.77,0.2996542155742645,0.35532549812637004,suspicious_device,REVIEW
1250.93,0.2511596381664276,0.4057118313559097,velocity_abuse,REVIEW
350.94,0.2182622104883194,0.36547716203519404,suspicious_device,REVIEW
343.35,0.22218026220798492,0.3619016282169816,velocity_abuse,REVIEW
218.35,0.23122736811637878,0.3696983501848642,velocity_abuse,REVIEW
449.79,0.1942065805196762,0.3621714571058861,Clean,ALLOW
468.5,0.246468186378479,0.38889781833678577,velocity_abuse,REVIEW
931.38,0.2351870834827423,0.40104328992744687,velocity_abuse,REVIEW
977.33,0.23889903724193573,0.367559138994481,velocity_abuse,REVIEW
962.01,0.5398904085159302,0.4572480244611622,account_takeover,REVIEW
479.25,0.2569567561149597,0.37625663921804303,velocity_abuse,REVIEW
931.22,0.303802490234375,0.36801024262718346,velocity_abuse,REVIEW
2022.15,0.31607499718666077,0.3739482251290207,unusual_amount,REVIEW
530.71,0.2580084502696991,0.3876598372310887,velocity_abuse,REVIEW
315.99,0.24101483821868896,0.3977375281412,velocity_abuse,REVIEW
449.94,0.27024734020233154,0.35367151277423053,velocity_abuse,REVIEW
1117.11,0.2583630681037903,0.3698603699674281,unusual_amount,REVIEW
120.32,0.264864981174469,0.3721184217600812,suspicious_device,REVIEW
189.01,0.21251451969146729,0.3587801202637232,velocity_abuse,REVIEW
1806.95,0.24898241460323334,0.38218929988934935,unusual_amount,REVIEW
342.62,0.21409834921360016,0.3738703609293175,velocity_abuse,REVIEW
769.64,0.5473587512969971,0.41321497110515026,suspicious_device,REVIEW
205.19,0.27510806918144226,0.35062319749183785,velocity_abuse,REVIEW
636.73,0.23858273029327393,0.3559400968266006,suspicious_device,REVIEW
514.11,0.19675716757774353,0.35383709904052313,Clean,ALLOW
818.99,0.31983786821365356,0.36640000273482376,velocity_abuse,REVIEW
1080.93,0.481326699256897,0.4034732810532707,suspicious_device,REVIEW
85.77,0.2502933144569397,0.3503082745155036,suspicious_device,REVIEW
430.29,0.23009498417377472,0.35882933215873164,velocity_abuse,REVIEW
269.16,0.2381923347711563,0.3654373637875144,suspicious_device,REVIEW
115.6,0.4323761761188507,0.43443096951371385,suspicious_device,REVIEW
332.33,0.18185517191886902,0.4027026462177094,Clean,ALLOW
363.71,0.19790945947170258,0.3551379649188994,Clean,ALLOW
629.33,0.182474285364151,0.3640528067517082,Clean,ALLOW
3509.86,0.3117963969707489,0.40373840560534724,unusual_amount,REVIEW
173.39,0.33096179366111755,0.44915094174653036,suspicious_device,REVIEW
210.98,0.5763221979141235,0.4638111100141198,suspicious_device,REVIEW
517.66,0.27469828724861145,0.4331284659645542,suspicious_device,REVIEW
463.03,0.6024456024169922,0.46259378013629743,suspicious_device,REVIEW
430.25,0.41307443380355835,0.42030490372351753,suspicious_device,REVIEW
1345.82,0.2997523844242096,0.39930230664796257,suspicious_device,REVIEW
455.34,0.19686678051948547,0.38103006698070857,Clean,ALLOW
614.67,0.23852430284023285,0.39329123475410316,velocity_abuse,REVIEW
375.02,0.3044162392616272,0.4012465666839709,velocity_abuse,REVIEW
204.57,0.2309885025024414,0.39212177153602384,suspicious_device,REVIEW
146.0,0.12473490834236145,0.3961060209997028,Clean,ALLOW
175.11,0.18771138787269592,0.39778442329403835,Clean,ALLOW
415.14,0.38930022716522217,0.41716009968731776,suspicious_device,REVIEW
521.49,0.29180005192756653,0.4137117679918694,account_takeover,REVIEW
63.51,0.4412519931793213,0.3790310947540822,velocity_abuse,REVIEW
524.13,0.3714676797389984,0.4598681786939748,suspicious_device,REVIEW
93.33,0.2881257236003876,0.4131437152854438,velocity_abuse,REVIEW
597.3,0.23529928922653198,0.3746174435313032,velocity_abuse,REVIEW
214.68,0.49238404631614685,0.41567932705136007,suspicious_device,REVIEW
561.57,0.21156109869480133,0.37431483177698655,velocity_abuse,REVIEW
468.65,0.5091290473937988,0.449002665188968,suspicious_device,REVIEW
4308.23,0.42825737595558167,0.4335876914057856,unusual_amount,REVIEW
1002.2,0.24040263891220093,0.47468464492455203,velocity_abuse,REVIEW
280.88,0.19812747836112976,0.4284889695485519,Clean,ALLOW
536.31,0.1462114155292511,0.40623692516040594,Clean,ALLOW
232.41,0.35316696763038635,0.43945663249323735,suspicious_device,REVIEW
76.6,0.46064162254333496,0.409502190961117,velocity_abuse,REVIEW
491.18,0.15254147350788116,0.39754053811512535,Clean,ALLOW
162.36,0.17406919598579407,0.39850610446623885,Clean,ALLOW
911.95,0.2820919156074524,0.4153721467137538,suspicious_device,REVIEW
1733.19,0.2861153185367584,0.425309286986723,suspicious_device,REVIEW
271.84,0.15569379925727844,0.38909606422065157,Clean,ALLOW
252.39,0.4785176217556,0.4770725891290101,suspicious_device,REVIEW
478.33,0.4423776865005493,0.4206444551340745,suspicious_device,REVIEW
157.89,0.22126412391662598,0.39953221853786813,velocity_abuse,REVIEW
320.25,0.24196480214595795,0.39718630868570437,velocity_abuse,REVIEW
223.86,0.2949386537075043,0.4420694688309788,velocity_abuse,REVIEW
194.67,0.2484724223613739,0.3759301881097317,suspicious_device,REVIEW
409.71,0.2434765100479126,0.3867199475800395,velocity_abuse,REVIEW
288.08,0.5225859880447388,0.4538420532430031,suspicious_device,REVIEW
235.77,0.7123780250549316,0.5133219111023684,account_takeover,REVIEW
407.7,0.2524164319038391,0.3814458779020796,velocity_abuse,REVIEW
100.89,0.3101761043071747,0.3893210620347936,velocity_abuse,REVIEW
186.86,0.3024343252182007,0.3936318421883658,suspicious_device,REVIEW
597.98,0.4604009687900543,0.45297692413394924,suspicious_device,REVIEW
115.79,0.289974182844162,0.4000069344709422,suspicious_device,REVIEW
843.67,0.2165592461824417,0.40118422381056146,suspicious_device,REVIEW
607.74,0.23367981612682343,0.39428528548614733,velocity_abuse,REVIEW
295.04,0.2611939311027527,0.4317072632292156,velocity_abuse,REVIEW
261.69,0.2731299102306366,0.39612324112773384,suspicious_device,REVIEW
332.46,0.26484888792037964,0.38805874424935677,suspicious_device,REVIEW
153.61,0.18330393731594086,0.39589432513441475,Clean,ALLOW
637.94,0.2191634476184845,0.3669928381806092,suspicious_device,REVIEW
273.46,0.24350830912590027,0.3729753544773273,suspicious_device,REVIEW
369.18,0.2789716422557831,0.4065223680956763,suspicious_device,REVIEW
384.18,0.3028365671634674,0.41646596556294435,suspicious_device,REVIEW
508.91,0.24608556926250458,0.39375169416633105,suspicious_device,REVIEW
668.95,0.24596592783927917,0.4115490172944211,velocity_abuse,REVIEW
596.8,0.2564791142940521,0.3976211691032471,suspicious_device,REVIEW
302.72,0.2896490693092346,0.40182646159503704,suspicious_device,REVIEW
273.26,0.4936763644218445,0.4533459618704837,velocity_abuse,REVIEW
431.71,0.4707772731781006,0.4530795520319744,suspicious_device,REVIEW
466.48,0.20795655250549316,0.38868045950328683,suspicious_device,REVIEW
129.04,0.23361298441886902,0.4295587199140093,suspicious_device,REVIEW
203.75,0.33274662494659424,0.4524711899647998,velocity_abuse,REVIEW
744.53,0.23224788904190063,0.4291890680136994,unusual_amount,REVIEW
819.76,0.2561819851398468,0.41700000339779564,suspicious_device,REVIEW
365.06,0.2131664752960205,0.4069488532958417,suspicious_device,REVIEW
885.21,0.17909546196460724,0.4241821579151924,Clean,ALLOW
165.4,0.23046910762786865,0.4009909152146829,suspicious_device,REVIEW
481.65,0.17351852357387543,0.3961400193405835,Clean,ALLOW
1940.9,0.1647084802389145,0.4326736705879261,Clean,ALLOW
530.32,0.22122621536254883,0.4363772052178038,suspicious_device,REVIEW
439.22,0.2072737216949463,0.42851567181609274,velocity_abuse,REVIEW
358.58,0.21402886509895325,0.3817437299152387,suspicious_device,REVIEW
350.08,0.246527299284935,0.3838622358113626,velocity_abuse,REVIEW
210.96,0.15528452396392822,0.40703051463312645,Clean,ALLOW
1893.13,0.2973220646381378,0.4204875063187356,unusual_amount,REVIEW
168.5,0.14725425839424133,0.4137558124574488,Clean,ALLOW
357.95,0.42786717414855957,0.411384515586503,suspicious_device,REVIEW
203.86,0.23425374925136566,0.38344366600283863,velocity_abuse,REVIEW
205.32,0.18382328748703003,0.3739433683501656,Clean,ALLOW
184.36,0.3390212953090668,0.390404603228267,unusual_amount,REVIEW
258.72,0.2045154720544815,0.39458641400287875,suspicious_device,REVIEW
352.26,0.21204617619514465,0.37606922300685985,velocity_abuse,REVIEW
160.86,0.2553492486476898,0.3574962496896499,suspicious_device,REVIEW
80.64,0.42580997943878174,0.4159406123986191,velocity_abuse,REVIEW
248.15,0.23808147013187408,0.366406261288375,suspicious_device,REVIEW
470.32,0.28219175338745117,0.42225254763773545,velocity_abuse,REVIEW
296.06,0.18209533393383026,0.3775361386560074,Clean,ALLOW
300.25,0.2899649441242218,0.400984177627578,suspicious_device,REVIEW
74.72,0.308178573846817,0.3886592377270263,velocity_abuse,REVIEW
229.63,0.2608868479728699,0.3891427295773745,unusual_amount,REVIEW
160.89,0.2420785278081894,0.36859620738529075,suspicious_device,REVIEW
257.59,0.2415231168270111,0.3757639119873196,suspicious_device,REVIEW
1704.75,0.18059974908828735,0.45233895644448374,Clean,ALLOW
132.19,0.25800833106040955,0.3687810034007302,suspicious_device,REVIEW
854.91,0.3670116662979126,0.4096668853411429,velocity_abuse,REVIEW
303.35,0.198935404419899,0.3831788188732147,Clean,ALLOW
654.0,0.2476169914007187,0.3689811911918596,velocity_abuse,REVIEW
241.2,0.3234909772872925,0.38607335341078974,unusual_amount,REVIEW
67.86,0.6478953957557678,0.47624093845152843,account_takeover,REVIEW
169.49,0.15979407727718353,0.41204208712998275,Clean,ALLOW
196.45,0.42580699920654297,0.4635459849696797,unusual_amount,REVIEW
60.36,0.3471617102622986,0.39228873977951517,velocity_abuse,REVIEW
268.42,0.6522576808929443,0.4267382918939081,suspicious_device,REVIEW
670.09,0.23422175645828247,0.363134686965994,velocity_abuse,REVIEW
166.88,0.23163525760173798,0.3641178425752848,suspicious_device,REVIEW
1608.52,0.27976346015930176,0.39010244506035396,suspicious_device,REVIEW
234.33,0.20764559507369995,0.39097541637445227,suspicious_device,REVIEW
365.72,0.23144225776195526,0.37901675139604235,velocity_abuse,REVIEW
285.87,0.23047971725463867,0.3606845752758436,suspicious_device,REVIEW
793.96,0.1867264360189438,0.37151407954385246,Clean,ALLOW
404.42,0.39456814527511597,0.4096577332719988,velocity_abuse,REVIEW
383.79,0.20750214159488678,0.37540776594241626,suspicious_device,REVIEW
498.73,0.18967381119728088,0.3671913570607071,Clean,ALLOW
1379.25,0.505017876625061,0.4252198207457161,suspicious_device,REVIEW
170.89,0.24263513088226318,0.35686039796205676,suspicious_device,REVIEW
61.22,0.4236466586589813,0.36255400515242575,suspicious_device,REVIEW
947.57,0.18467950820922852,0.37950874357714515,Clean,ALLOW
244.3,0.27291789650917053,0.4003205946155626,unusual_amount,REVIEW
517.88,0.22673198580741882,0.3568853562146541,velocity_abuse,REVIEW
1348.99,0.23300135135650635,0.37971892679129693,suspicious_device,REVIEW
71.63,0.5938743948936462,0.4403556966045131,account_takeover,REVIEW
533.51,0.41435104608535767,0.39871579344036984,suspicious_device,REVIEW
822.66,0.20605646073818207,0.3853324611801844,velocity_abuse,REVIEW
577.43,0.25521156191825867,0.3715515565491711,velocity_abuse,REVIEW
1621.53,0.3669831156730652,0.38582773058399655,unusual_amount,REVIEW
1714.65,0.20064811408519745,0.3735247576436391,suspicious_device,REVIEW
376.92,0.2187516987323761,0.374853078460642,suspicious_device,REVIEW
683.61,0.28873544931411743,0.4013311945682981,suspicious_device,REVIEW
1102.55,0.3291040062904358,0.36996097016380647,velocity_abuse,REVIEW
1771.64,0.4716692864894867,0.43363049737605835,unusual_amount,REVIEW
727.49,0.23302511870861053,0.3790514296268772,suspicious_device,REVIEW
221.47,0.4190426170825958,0.447311338287779,account_takeover,REVIEW
345.36,0.21184831857681274,0.35532297864919204,suspicious_device,REVIEW
189.77,0.2365901619195938,0.34821087310512183,suspicious_device,REVIEW
63.03,0.8164409399032593,0.47607457342121795,account_takeover,BLOCK
935.74,0.2633141577243805,0.3705603834335823,suspicious_device,REVIEW
214.85,0.20388618111610413,0.4193409604074701,unusual_amount,REVIEW
288.39,0.21277260780334473,0.38251133028942036,unusual_amount,REVIEW
220.28,0.22357387840747833,0.4054788688019056,unusual_amount,REVIEW
253.22,0.16560156643390656,0.38208489649827254,Clean,ALLOW
470.35,0.2851462960243225,0.3894837659111201,velocity_abuse,REVIEW
981.99,0.2781812846660614,0.3758398143948011,velocity_abuse,REVIEW
547.54,0.20185858011245728,0.3614466361400283,velocity_abuse,REVIEW
106.75,0.6902622580528259,0.4415027598504953,suspicious_device,REVIEW
109.67,0.39989978075027466,0.41878658062569196,velocity_abuse,REVIEW
983.35,0.20383992791175842,0.3624634656945047,suspicious_device,REVIEW
286.75,0.40037602186203003,0.4066553652419651,suspicious_device,REVIEW
679.75,0.22721350193023682,0.3974784883428691,suspicious_device,REVIEW
209.15,0.4398556351661682,0.39001714575430746,suspicious_device,REVIEW
563.64,0.2286815196275711,0.3669741452941413,suspicious_device,REVIEW
298.81,0.21205265820026398,0.3601603511874929,suspicious_device,REVIEW
789.09,0.22201839089393616,0.3592473430415916,velocity_abuse,REVIEW
84.55,0.3574126660823822,0.40286650848029804,suspicious_device,REVIEW
469.77,0.17452235519886017,0.430643988364401,Clean,ALLOW
779.03,0.3761012554168701,0.43037039826177426,suspicious_device,REVIEW
760.88,0.35656771063804626,0.4050598076915248,suspicious_device,REVIEW
561.15,0.2579270005226135,0.40434195135226036,velocity_abuse,REVIEW
166.69,0.21277736127376556,0.37404938208278327,suspicious_device,REVIEW
226.54,0.1842138022184372,0.39774552746273706,Clean,ALLOW
1506.37,0.3489072322845459,0.40919638979565265,suspicious_device,REVIEW
399.42,0.2872866988182068,0.3653275982308772,velocity_abuse,REVIEW
199.95,0.2143467217683792,0.352772457938271,suspicious_device,REVIEW
1347.01,0.27585646510124207,0.3786998628748245,suspicious_device,REVIEW
946.69,0.21296344697475433,0.3860354505004345,velocity_abuse,REVIEW
529.12,0.2007881999015808,0.34992060319813106,suspicious_device,REVIEW
1123.69,0.33764082193374634,0.3938577947217863,account_takeover,REVIEW
346.79,0.227133646607399,0.37271391708685275,suspicious_device,REVIEW
592.47,0.2928180992603302,0.4366029900806247,velocity_abuse,REVIEW
752.79,0.18419668078422546,0.3918040108368236,Clean,ALLOW
1703.17,0.28186094760894775,0.4435920950513782,unusual_amount,REVIEW
201.26,0.19780272245407104,0.3650713831900888,Clean,ALLOW
187.77,0.6048891544342041,0.4037671391924712,suspicious_device,REVIEW
189.81,0.242685928940773,0.3527493988755698,suspicious_device,REVIEW
273.07,0.1952115148305893,0.4146964489026302,Clean,ALLOW
164.96,0.21744030714035034,0.36173641829464276,suspicious_device,REVIEW
383.13,0.21576720476150513,0.34963557544224044,suspicious_device,REVIEW
307.94,0.2086944282054901,0.361303851773391,suspicious_device,REVIEW
152.74,0.20550821721553802,0.3608004868699314,suspicious_device,REVIEW
2926.96,0.3081635534763336,0.4587436440304901,unusual_amount,REVIEW
658.92,0.25756528973579407,0.3766698171956771,suspicious_device,REVIEW
547.26,0.4543616771697998,0.4241018956905848,suspicious_device,REVIEW
155.88,0.20500227808952332,0.35814436291425067,suspicious_device,REVIEW
83.48,0.3814994990825653,0.3624825934706864,suspicious_device,REVIEW
508.73,0.44059786200523376,0.4365718601328611,account_takeover,REVIEW
100.45,0.2922576665878296,0.3608004868699314,suspicious_device,REVIEW
219.69,0.20096459984779358,0.37179652117038736,suspicious_device,REVIEW
1899.67,0.2802542746067047,0.3810329839386372,suspicious_device,REVIEW
587.95,0.22799883782863617,0.3767296645532778,suspicious_device,REVIEW
127.06,0.21871471405029297,0.34958597326949276,suspicious_device,REVIEW
1352.25,0.28025251626968384,0.3718062016347082,unusual_amount,REVIEW
262.11,0.6249387860298157,0.42326319226688197,suspicious_device,REVIEW
102.51,0.5512739419937134,0.4241374632684618,suspicious_device,REVIEW
109.75,0.2760965824127197,0.36162949125119226,unusual_amount,REVIEW
2251.6,0.252244770526886,0.374111037033465,unusual_amount,REVIEW
872.61,0.20776472985744476,0.3593032486602655,suspicious_device,REVIEW
212.69,0.20728373527526855,0.3611029705589416,suspicious_device,REVIEW
1029.66,0.5358230471611023,0.4205833551207747,suspicious_device,REVIEW
1438.56,0.33396202325820923,0.38884932568239666,velocity_abuse,REVIEW
772.8,0.24517658352851868,0.37326421997060766,unusual_amount,REVIEW
878.75,0.20462970435619354,0.4031804136506281,suspicious_device,REVIEW
577.4,0.17452102899551392,0.37871795284112997,Clean,ALLOW
1059.64,0.2545439898967743,0.3641353926839726,suspicious_device,REVIEW
364.61,0.5095546841621399,0.413602847170712,suspicious_device,REVIEW
63.91,0.34496691823005676,0.36441921050163284,suspicious_device,REVIEW
206.64,0.25059738755226135,0.37781034244151096,suspicious_device,REVIEW
922.42,0.16097572445869446,0.38375543321982225,Clean,ALLOW
629.1,0.20629377663135529,0.3914953320073004,suspicious_device,REVIEW
476.38,0.4263181686401367,0.4621676355867172,unusual_amount,REVIEW
677.32,0.4018486440181732,0.3879358791608255,suspicious_device,REVIEW
420.08,0.18539629876613617,0.36804590767222634,Clean,ALLOW
399.65,0.2021731734275818,0.3533156730536865,velocity_abuse,REVIEW
387.07,0.21255579590797424,0.3695917386182579,velocity_abuse,REVIEW
257.38,0.2284097671508789,0.35702237332929526,suspicious_device,REVIEW
393.06,0.24079500138759613,0.4004113645906055,velocity_abuse,REVIEW
1210.01,0.27191635966300964,0.40837583573938024,suspicious_device,REVIEW
346.58,0.18674767017364502,0.36535755104791223,Clean,ALLOW
90.15,0.24885602295398712,0.39515644267828043,suspicious_device,REVIEW
317.34,0.3857065439224243,0.411807116730555,suspicious_device,REVIEW
120.05,0.3376767039299011,0.43493266804111075,suspicious_device,REVIEW
456.64,0.32810521125793457,0.4125402822966036,suspicious_device,REVIEW
1992.67,0.49807190895080566,0.44232801207309025,unusual_amount,REVIEW
203.62,0.8389695882797241,0.47642152022842016,account_takeover,BLOCK
468.83,0.19193612039089203,0.37214722021059565,Clean,ALLOW
151.05,0.1528313159942627,0.3879143557630914,Clean,ALLOW
182.3,0.23638489842414856,0.3818018623294663,suspicious_device,REVIEW
148.73,0.36482980847358704,0.38092699465244756,suspicious_device,REVIEW
430.72,0.39078137278556824,0.43943702808089846,account_takeover,REVIEW
260.12,0.3210150897502899,0.3885477353358582,suspicious_device,REVIEW
681.99,0.20221789181232452,0.3961405920203001,velocity_abuse,REVIEW
387.21,0.17990967631340027,0.3880035923019687,Clean,ALLOW
425.24,0.8283240795135498,0.4678437357226976,account_takeover,BLOCK
132.91,0.2166520059108734,0.3912490082190836,suspicious_device,REVIEW
791.19,0.4237026870250702,0.4192079101198183,suspicious_device,REVIEW
354.68,0.18774166703224182,0.3674980607221733,Clean,ALLOW
408.75,0.2860071063041687,0.4120524769797614,velocity_abuse,REVIEW
151.72,0.17067641019821167,0.38667045393669613,Clean,ALLOW
699.66,0.1992921084165573,0.413046868158174,Clean,ALLOW
113.31,0.2705851197242737,0.3978331463997242,unusual_amount,REVIEW
657.02,0.29127755761146545,0.41250745578207043,velocity_abuse,REVIEW
153.2,0.32612353563308716,0.45718913811728384,suspicious_device,REVIEW
682.23,0.5655874609947205,0.41608868236056235,suspicious_device,REVIEW
338.78,0.18937957286834717,0.4155261665769362,Clean,ALLOW
1718.99,0.2821996212005615,0.38900051763147525,suspicious_device,REVIEW
505.61,0.20496870577335358,0.38241839809863976,velocity_abuse,REVIEW
345.87,0.3950563669204712,0.41432100179802883,suspicious_device,REVIEW
820.02,0.2586607038974762,0.48807972264235583,velocity_abuse,REVIEW
185.89,0.2044827789068222,0.41118518526714704,suspicious_device,REVIEW
245.78,0.4617763161659241,0.42280576590560875,suspicious_device,REVIEW
352.9,0.23138225078582764,0.3777486593434968,suspicious_device,REVIEW
835.15,0.2109728902578354,0.43743849825056924,account_takeover,REVIEW
848.71,0.20758551359176636,0.3927962905463279,velocity_abuse,REVIEW
147.43,0.18013858795166016,0.4294880557412826,Clean,ALLOW
641.15,0.5284506678581238,0.4783417629005768,account_takeover,REVIEW
250.15,0.2014627605676651,0.39029766595833565,suspicious_device,REVIEW
45.93,0.1880931407213211,0.4051356874649426,Clean,ALLOW
50.71,0.3397628664970398,0.4070628689339537,suspicious_device,REVIEW
391.58,0.23401832580566406,0.3770141770426289,suspicious_device,REVIEW
211.0,0.21525543928146362,0.39582951471888117,suspicious_device,REVIEW
493.08,0.21437063813209534,0.40071459768411327,velocity_abuse,REVIEW
4489.86,0.44589489698410034,0.4750703148741457,unusual_amount,REVIEW
901.02,0.23304052650928497,0.40345374470632756,velocity_abuse,REVIEW
294.83,0.2103147804737091,0.4145834861272509,velocity_abuse,REVIEW
544.73,0.1789504587650299,0.4479077962496159,Clean,ALLOW
326.76,0.5230969190597534,0.42585915430076904,suspicious_device,REVIEW
413.93,0.19133546948432922,0.38564352694246984,Clean,ALLOW
61.48,0.16604916751384735,0.38704630016362,Clean,ALLOW
403.62,0.26884007453918457,0.40542405520309854,velocity_abuse,REVIEW
260.66,0.3047545850276947,0.38228870748249727,suspicious_device,REVIEW
700.99,0.4903642237186432,0.45181880650293005,suspicious_device,REVIEW
135.55,0.1363343894481659,0.3927308358559742,Clean,ALLOW
187.56,0.4916676878929138,0.4381720153391737,suspicious_device,REVIEW
172.95,0.512557327747345,0.42924464347129737,suspicious_device,REVIEW
77.39,0.30559852719306946,0.407665469563315,suspicious_device,REVIEW
263.89,0.4539223611354828,0.4459471736304641,suspicious_device,REVIEW
472.27,0.6709393262863159,0.4512567883547308,account_takeover,REVIEW
203.11,0.3089984953403473,0.45921974588244685,account_takeover,REVIEW
82.47,0.31662264466285706,0.41422149399623276,velocity_abuse,REVIEW
840.55,0.30565375089645386,0.41859683472694836,velocity_abuse,REVIEW
485.75,0.20495323836803436,0.40032942568413504,suspicious_device,REVIEW
805.6,0.33708134293556213,0.40157380523098324,suspicious_device,REVIEW
2563.06,0.29975318908691406,0.41624846424762296,suspicious_device,REVIEW
221.88,0.48611176013946533,0.4188934436197126,suspicious_device,REVIEW
382.48,0.3839738070964813,0.44595669611763555,suspicious_device,REVIEW
225.58,0.6305261254310608,0.4492845154696222,suspicious_device,REVIEW
344.68,0.21184158325195312,0.4241744122656593,suspicious_device,REVIEW
1015.08,0.5025969743728638,0.42089110582908906,suspicious_device,REVIEW
384.7,0.22237330675125122,0.3987697392577125,velocity_abuse,REVIEW
548.97,0.1914244443178177,0.3908370031024983,Clean,ALLOW
83.96,0.5511141419410706,0.4741462528989003,account_takeover,REVIEW
637.72,0.3015173077583313,0.3900100664696616,suspicious_device,REVIEW
805.3,0.22749902307987213,0.39172770826442677,suspicious_device,REVIEW
299.55,0.2066076546907425,0.41956061872683065,suspicious_device,REVIEW
678.44,0.1726837009191513,0.3941428716314161,Clean,ALLOW
215.22,0.1922837346792221,0.411129320351832,Clean,ALLOW
198.0,0.2704838216304779,0.39790090891829616,suspicious_device,REVIEW
741.14,0.20447200536727905,0.41029128148286764,velocity_abuse,REVIEW
174.96,0.21106019616127014,0.40691602478986943,suspicious_device,REVIEW
654.05,0.17065395414829254,0.4255879090473399,Clean,ALLOW
100.21,0.4294898808002472,0.48340964477849296,velocity_abuse,REVIEW
253.16,0.21458850800991058,0.3965409113684773,velocity_abuse,REVIEW
185.55,0.21025477349758148,0.4161062494704278,suspicious_device,REVIEW
656.9,0.19978055357933044,0.3898607110370666,Clean,ALLOW
904.6,0.18883953988552094,0.3865691917082318,Clean,ALLOW
200.49,0.2054401934146881,0.3785799227222594,velocity_abuse,REVIEW
316.86,0.21046529710292816,0.3810545020723116,velocity_abuse,REVIEW
210.76,0.2934468984603882,0.40749460431401874,unusual_amount,REVIEW
175.02,0.30231204628944397,0.4193326399865612,velocity_abuse,REVIEW
589.89,0.7953447103500366,0.4961253473780159,account_takeover,BLOCK
237.18,0.272785484790802,0.3858003270359709,unusual_amount,REVIEW
220.39,0.2029733955860138,0.3803352570968911,velocity_abuse,REVIEW
235.08,0.314853698015213,0.409372916672469,unusual_amount,REVIEW
298.47,0.22628436982631683,0.3695289164895547,suspicious_device,REVIEW
939.78,0.5173628330230713,0.4139291614986666,suspicious_device,REVIEW
403.77,0.2108483761548996,0.4231886184652643,unusual_amount,REVIEW
562.66,0.18421587347984314,0.377853728379231,Clean,ALLOW
85.27,0.24237117171287537,0.35268541289542876,velocity_abuse,REVIEW
191.15,0.2554783225059509,0.4116931002558884,unusual_amount,REVIEW
241.09,0.20671360194683075,0.37096424514625015,unusual_amount,REVIEW
480.51,0.23296236991882324,0.4153420700401138,unusual_amount,REVIEW
147.14,0.5865676403045654,0.42968860753315985,suspicious_device,REVIEW
508.36,0.2120622992515564,0.36041330750993966,velocity_abuse,REVIEW
67.45,0.4521668255329132,0.44941789543561594,suspicious_device,REVIEW
210.19,0.23354317247867584,0.3702722450819846,velocity_abuse,REVIEW
553.27,0.4978460371494293,0.40502099190562224,suspicious_device,REVIEW
444.66,0.2073320895433426,0.3600977831337176,velocity_abuse,REVIEW
95.48,0.33760499954223633,0.38655847696470563,velocity_abuse,REVIEW
1599.79,0.2704384922981262,0.37128676628468177,velocity_abuse,REVIEW
89.46,0.3055761158466339,0.38673103229315403,velocity_abuse,REVIEW
464.48,0.20935192704200745,0.3859903647742279,velocity_abuse,REVIEW
1490.44,0.44560542702674866,0.4267350925334667,suspicious_device,REVIEW
942.01,0.18119889497756958,0.37313460972851226,Clean,ALLOW
421.03,0.21138477325439453,0.36168021939384565,velocity_abuse,REVIEW
588.09,0.4574728310108185,0.43535497819920244,velocity_abuse,REVIEW
177.68,0.23986846208572388,0.401169165277174,velocity_abuse,REVIEW
506.86,0.19294270873069763,0.3877433086682232,Clean,ALLOW
138.79,0.2564806044101715,0.36000109085746007,velocity_abuse,REVIEW
3248.85,0.2152329385280609,0.42387689552920266,unusual_amount,REVIEW
46.92,0.26853954792022705,0.38406778200066416,velocity_abuse,REVIEW
245.3,0.22914814949035645,0.3774741931477072,suspicious_device,REVIEW
1044.18,0.2120092213153839,0.374265927558219,velocity_abuse,REVIEW
450.9,0.22169947624206543,0.3472548665367726,velocity_abuse,REVIEW
1483.15,0.2284555435180664,0.4453343968730786,velocity_abuse,REVIEW
158.4,0.16524896025657654,0.37277780584176634,Clean,ALLOW
535.09,0.2114289104938507,0.35555443454652336,velocity_abuse,REVIEW
2785.86,0.28070908784866333,0.4013044780739313,suspicious_device,REVIEW
256.31,0.29350998997688293,0.3602678435726892,velocity_abuse,REVIEW
681.89,0.19505345821380615,0.36889884533884093,Clean,ALLOW
2085.43,0.3043663501739502,0.38841136004003113,unusual_amount,REVIEW
170.59,0.2932646870613098,0.4004974596089999,velocity_abuse,REVIEW
1563.98,0.6095308661460876,0.4207442160389277,suspicious_device,REVIEW
380.24,0.42756813764572144,0.4151430260033616,velocity_abuse,REVIEW
3156.33,0.25551536679267883,0.40631535783201805,unusual_amount,REVIEW
665.36,0.4295133054256439,0.4039052675989759,velocity_abuse,REVIEW
429.45,0.21670721471309662,0.348389273635793,velocity_abuse,REVIEW
389.1,0.21219941973686218,0.34425406999135444,velocity_abuse,REVIEW
247.43,0.22911110520362854,0.3967640582323517,unusual_amount,REVIEW
303.38,0.23887430131435394,0.35127079217695023,velocity_abuse,REVIEW
241.61,0.23955410718917847,0.3759510383675351,suspicious_device,REVIEW
2704.72,0.1914893388748169,0.40186491468075886,Clean,ALLOW
664.38,0.2388182282447815,0.34677614987722694,suspicious_device,REVIEW
389.54,0.2853948771953583,0.4226521921769105,velocity_abuse,REVIEW
1309.3,0.25393420457839966,0.3624030062243302,velocity_abuse,REVIEW
185.89,0.25336652994155884,0.3763186042521613,suspicious_device,REVIEW
488.46,0.23756907880306244,0.3484200109382748,suspicious_device,REVIEW
240.42,0.32237908244132996,0.4042639372826394,unusual_amount,REVIEW
856.67,0.4761994779109955,0.4041308161250372,suspicious_device,REVIEW
660.49,0.26167210936546326,0.45369759018496136,unusual_amount,REVIEW
325.13,0.2213517427444458,0.34914285197429235,velocity_abuse,REVIEW
554.58,0.22637152671813965,0.36278711187577994,velocity_abuse,REVIEW
971.26,0.6649158000946045,0.4374854787797353,account_takeover,REVIEW
787.37,0.6852227449417114,0.44836629580554954,velocity_abuse,REVIEW
1313.57,0.28565335273742676,0.4750525034887576,suspicious_device,REVIEW
390.35,0.5047146677970886,0.4204023187691405,velocity_abuse,REVIEW
252.57,0.19536568224430084,0.3840568878305122,Clean,ALLOW
567.99,0.19434098899364471,0.35613107879158445,Clean,ALLOW
512.31,0.18757711350917816,0.3605799255246656,Clean,ALLOW
569.71,0.3198951184749603,0.4136740240738127,velocity_abuse,REVIEW
96.76,0.26678887009620667,0.39004298063341747,velocity_abuse,REVIEW
64.76,0.39224132895469666,0.35643013032939747,velocity_abuse,REVIEW
221.08,0.27498191595077515,0.43459731949546765,unusual_amount,REVIEW
336.38,0.20658200979232788,0.3541386152165816,velocity_abuse,REVIEW
1627.78,0.2518518567085266,0.3742354504214488,suspicious_device,REVIEW
203.0,0.21010039746761322,0.3722032483756062,suspicious_device,REVIEW
234.79,0.21845196187496185,0.3652070994901526,velocity_abuse,REVIEW
1256.13,0.30298420786857605,0.3899985471964679,velocity_abuse,REVIEW
387.66,0.23240520060062408,0.37967002496816543,velocity_abuse,REVIEW
475.46,0.18185865879058838,0.3394408612157923,Clean,ALLOW
2571.65,0.314205527305603,0.39182994472951016,suspicious_device,REVIEW
25.27,0.13649824261665344,0.36054760498751365,Clean,ALLOW
361.26,0.4632362425327301,0.41029745969376835,suspicious_device,REVIEW
584.95,0.272315114736557,0.372198615090934,velocity_abuse,REVIEW
1927.96,0.1976338028907776,0.40435501162983667,Clean,ALLOW
1666.64,0.26335275173187256,0.368231374371947,suspicious_device,REVIEW
232.6,0.26366543769836426,0.3551270858106777,suspicious_device,REVIEW
398.96,0.8675128221511841,0.4580093767350547,account_takeover,BLOCK
97.57,0.239018052816391,0.3781878741618339,velocity_abuse,REVIEW
166.75,0.1830887794494629,0.3803750174209101,Clean,ALLOW
54.87,0.2588692307472229,0.34814065179932496,velocity_abuse,REVIEW
422.03,0.2723290026187897,0.39398294678867757,unusual_amount,REVIEW
103.25,0.21201424300670624,0.3869380689926651,velocity_abuse,REVIEW
252.42,0.5449159145355225,0.395751919889666,suspicious_device,REVIEW
918.09,0.17146174609661102,0.35166496200390396,Clean,ALLOW
196.72,0.1796334832906723,0.40900807145907825,Clean,ALLOW
1032.1,0.27518564462661743,0.4339212291522499,velocity_abuse,REVIEW
455.89,0.49709567427635193,0.42866091990188016,account_takeover,REVIEW
574.37,0.15383490920066833,0.365020597266055,Clean,ALLOW
226.05,0.3103705048561096,0.36185785820798017,unusual_amount,REVIEW
235.0,0.3293141722679138,0.4111518058685243,velocity_abuse,REVIEW
615.61,0.28416708111763,0.3840093199743335,velocity_abuse,REVIEW
1256.2,0.29605284333229065,0.3743845716351101,suspicious_device,REVIEW
193.13,0.22632168233394623,0.34912879786897816,suspicious_device,REVIEW
194.62,0.26682260632514954,0.3450594233070744,velocity_abuse,REVIEW
146.46,0.17011676728725433,0.34471103354475097,Clean,ALLOW
180.17,0.5297991037368774,0.4260495157686948,suspicious_device,REVIEW
2346.1,0.223445862531662,0.38074495635067074,suspicious_device,REVIEW
263.43,0.2506016790866852,0.35150724300627106,velocity_abuse,REVIEW
240.55,0.20402593910694122,0.357610094868703,suspicious_device,REVIEW
81.36,0.3479856252670288,0.37083578103733517,suspicious_device,REVIEW
387.11,0.4010832607746124,0.38663162795480965,suspicious_device,REVIEW
1531.42,0.7472267150878906,0.4691931916185098,suspicious_device,REVIEW
220.51,0.24345722794532776,0.3801096567035543,suspicious_device,REVIEW
635.94,0.24962718784809113,0.3567489934814498,suspicious_device,REVIEW
467.55,0.20925068855285645,0.34027149547169006,suspicious_device,REVIEW
110.13,0.6158687472343445,0.4304871491044797,suspicious_device,REVIEW
106.82,0.24785076081752777,0.3549503476853104,suspicious_device,REVIEW
262.06,0.32518044114112854,0.382715186738747,suspicious_device,REVIEW
201.26,0.24649959802627563,0.3662786944404338,unusual_amount,REVIEW
314.64,0.2242307811975479,0.3665678582192819,suspicious_device,REVIEW
294.82,0.22617165744304657,0.35370714129601083,velocity_abuse,REVIEW
171.07,0.18062053620815277,0.3658397107773712,Clean,ALLOW
148.35,0.1841963529586792,0.38178025806894555,Clean,ALLOW
114.28,0.45946455001831055,0.4691048965201226,account_takeover,REVIEW
255.22,0.6371214389801025,0.43719654310067996,velocity_abuse,REVIEW
380.65,0.18587304651737213,0.3455534439891891,Clean,ALLOW
72.66,0.40569111704826355,0.41323979782118364,velocity_abuse,REVIEW
127.13,0.2552374303340912,0.3813722874741888,suspicious_device,REVIEW
514.76,0.22528883814811707,0.3582996920560677,suspicious_device,REVIEW
320.22,0.2186143845319748,0.3750453689805399,suspicious_device,REVIEW
206.02,0.2749299705028534,0.39807147929719444,unusual_amount,REVIEW
145.49,0.18345868587493896,0.36248081384276504,Clean,ALLOW
280.64,0.2241045981645584,0.36167801613952255,suspicious_device,REVIEW
273.42,0.1999380886554718,0.410860372867767,Clean,ALLOW
1462.57,0.6226858496665955,0.4769697222369655,suspicious_device,REVIEW
222.54,0.17288382351398468,0.35776814085158887,Clean,ALLOW
997.8,0.21605552732944489,0.3579287459044057,velocity_abuse,REVIEW
1274.09,0.2630493640899658,0.40040768820166284,suspicious_device,REVIEW
139.57,0.18953998386859894,0.37719977117412407,Clean,ALLOW
188.02,0.8814675807952881,0.4578197798248884,suspicious_device,BLOCK
789.14,0.36330410838127136,0.4268380639590912,suspicious_device,REVIEW
426.2,0.6380434036254883,0.4979758672172891,account_takeover,REVIEW
94.57,0.3290979266166687,0.46316742466175775,velocity_abuse,REVIEW
409.58,0.19401699304580688,0.4250413093495983,Clean,ALLOW
210.3,0.5375774502754211,0.48125846710636466,suspicious_device,REVIEW
891.15,0.22593556344509125,0.3895485636267968,unusual_amount,REVIEW
280.26,0.5708783268928528,0.41705336698324347,suspicious_device,REVIEW
670.78,0.18064463138580322,0.3827913460853136,Clean,ALLOW
160.04,0.26959308981895447,0.3765159098690179,suspicious_device,REVIEW
203.14,0.22013215720653534,0.40006548919811563,suspicious_device,REVIEW
715.88,0.2192385196685791,0.3773909730616784,velocity_abuse,REVIEW
289.32,0.20781071484088898,0.4153075988077288,unusual_amount,REVIEW
241.17,0.2526387870311737,0.41924877751236034,velocity_abuse,REVIEW
643.45,0.23939014971256256,0.38628359523816985,suspicious_device,REVIEW
1101.85,0.40599143505096436,0.39447163182936407,velocity_abuse,REVIEW
216.12,0.2407052218914032,0.3979859787853163,suspicious_device,REVIEW
143.14,0.15422885119915009,0.38401777829600137,Clean,ALLOW
148.45,0.15614962577819824,0.38784997400989085,Clean,ALLOW
365.64,0.1915154606103897,0.4714492086198828,Clean,ALLOW
364.05,0.19439463317394257,0.39521334159551524,Clean,ALLOW
419.59,0.39103758335113525,0.4470475446616554,velocity_abuse,REVIEW
145.36,0.1396721601486206,0.40137818396389113,Clean,ALLOW
521.25,0.19511675834655762,0.37336127746827624,Clean,ALLOW
598.38,0.22617504000663757,0.41849638217919294,suspicious_device,REVIEW
403.29,0.7627331614494324,0.4791229230431119,account_takeover,BLOCK
345.02,0.19540400803089142,0.38526725359516867,Clean,ALLOW
2386.21,0.3072452247142792,0.4189163292384698,unusual_amount,REVIEW
480.62,0.19988100230693817,0.3766437284559232,Clean,ALLOW
74.02,0.7431141138076782,0.5058957324816512,velocity_abuse,REVIEW
222.61,0.7134219408035278,0.48193905842741175,account_takeover,REVIEW
120.84,0.14203613996505737,0.40143192792024335,Clean,ALLOW
482.19,0.21967698633670807,0.4008776506011631,suspicious_device,REVIEW
193.08,0.19874729216098785,0.46334172095302184,Clean,ALLOW
239.41,0.19375136494636536,0.4431697803028534,Clean,ALLOW
438.48,0.19884686172008514,0.38114013809102226,Clean,ALLOW
694.8,0.42814797163009644,0.42940154284772725,suspicious_device,REVIEW
151.74,0.17236804962158203,0.45213637287018726,Clean,ALLOW
204.87,0.23264427483081818,0.3863468660876294,suspicious_device,REVIEW
575.14,0.18950411677360535,0.4189110723420057,Clean,ALLOW
108.58,0.28845348954200745,0.4259596255601015,velocity_abuse,REVIEW
50.33,0.4055628776550293,0.4304632863571755,suspicious_device,REVIEW
66.9,0.3063180148601532,0.4192878552825914,velocity_abuse,REVIEW
315.92,0.33029085397720337,0.42660839297523867,velocity_abuse,REVIEW
601.06,0.2508290112018585,0.3823112574515739,suspicious_device,REVIEW
950.58,0.46798601746559143,0.42426225199894835,suspicious_device,REVIEW
1244.83,0.35904958844184875,0.4026319831969826,velocity_abuse,REVIEW
392.69,0.13273754715919495,0.43939314019490366,Clean,ALLOW
214.92,0.2209298014640808,0.40385009496381974,suspicious_device,REVIEW
659.95,0.20334582030773163,0.4057798168569056,velocity_abuse,REVIEW
352.7,0.18704970180988312,0.3787074081675526,Clean,ALLOW
125.16,0.19558461010456085,0.38722232432672027,Clean,ALLOW
1202.66,0.24245788156986237,0.39688785979762203,suspicious_device,REVIEW
821.24,0.17876310646533966,0.44675914453044335,Clean,ALLOW
1226.32,0.27317434549331665,0.3857389049938311,velocity_abuse,REVIEW
924.3,0.17911271750926971,0.3913690789134652,Clean,ALLOW
602.7,0.4515655040740967,0.4083613563949513,suspicious_device,REVIEW
821.68,0.23271730542182922,0.3761535315193942,suspicious_device,REVIEW
388.4,0.191059872508049,0.42904489432194587,Clean,ALLOW
149.66,0.15588447451591492,0.4563830987221899,Clean,ALLOW
805.82,0.6731753945350647,0.5199812506672986,account_takeover,REVIEW
24.62,0.12224140018224716,0.39958105376815867,Clean,ALLOW
168.29,0.20851179957389832,0.3942162811258253,suspicious_device,REVIEW
135.64,0.3537064492702484,0.44024685135753117,suspicious_device,REVIEW
57.36,0.3868890702724457,0.372988219105225,velocity_abuse,REVIEW
239.07,0.7212892770767212,0.4309944446156598,account_takeover,REVIEW
185.97,0.5006735324859619,0.4064871659455767,suspicious_device,REVIEW
501.35,0.23231452703475952,0.3674277662176931,velocity_abuse,REVIEW
407.69,0.20490385591983795,0.37515818062469963,velocity_abuse,REVIEW
149.21,0.22057262063026428,0.39399494898885756,suspicious_device,REVIEW
819.36,0.24977228045463562,0.3470243630402354,velocity_abuse,REVIEW
151.02,0.521125316619873,0.46627140053185206,velocity_abuse,REVIEW
1326.48,0.24814516305923462,0.3754489965966319,suspicious_device,REVIEW
256.28,0.26382976770401,0.35680495962676095,velocity_abuse,REVIEW
217.8,0.23657065629959106,0.3561004855304858,velocity_abuse,REVIEW
427.61,0.4488881528377533,0.4135770797019756,velocity_abuse,REVIEW
208.24,0.2884273827075958,0.3758289102644114,velocity_abuse,REVIEW
222.27,0.21164458990097046,0.35462361295315814,velocity_abuse,REVIEW
425.25,0.26065874099731445,0.35959750564193665,velocity_abuse,REVIEW
402.32,0.21155641973018646,0.3557338309400364,velocity_abuse,REVIEW
667.59,0.28457552194595337,0.40610378505940714,velocity_abuse,REVIEW
154.47,0.16099825501441956,0.37166549062985366,Clean,ALLOW
1724.35,0.23671463131904602,0.3801461831867476,velocity_abuse,REVIEW
157.65,0.13384129106998444,0.3428726363908457,Clean,ALLOW
154.09,0.19172367453575134,0.4324651849903357,Clean,ALLOW
1392.91,0.36709821224212646,0.3716508049986928,unusual_amount,REVIEW
760.92,0.23200590908527374,0.3523102030123939,velocity_abuse,REVIEW
177.74,0.2597053050994873,0.3431386268714681,suspicious_device,REVIEW
174.59,0.18454818427562714,0.4397525310106088,Clean,ALLOW
201.13,0.2284359186887741,0.36252380170640014,unusual_amount,REVIEW
117.59,0.33631032705307007,0.3897979215616246,suspicious_device,REVIEW
188.85,0.25545623898506165,0.3403211651476711,suspicious_device,REVIEW
1383.39,0.5603506565093994,0.40586330970540224,suspicious_device,REVIEW
167.15,0.19194529950618744,0.37830462556458533,Clean,ALLOW
430.58,0.22233708202838898,0.34871367907828404,velocity_abuse,REVIEW
204.31,0.6451880931854248,0.4000630478275293,suspicious_device,REVIEW
44.87,0.28404051065444946,0.37308136711247913,velocity_abuse,REVIEW
766.58,0.2897530794143677,0.35167598867896244,suspicious_device,REVIEW
891.7,0.23590239882469177,0.3544776382077315,velocity_abuse,REVIEW
441.22,0.20396022498607635,0.3364751984989157,velocity_abuse,REVIEW
156.46,0.16942118108272552,0.3848989745590991,Clean,ALLOW
383.05,0.24379733204841614,0.3667162578607283,velocity_abuse,REVIEW
303.46,0.5245755314826965,0.4084912678491774,suspicious_device,REVIEW
163.8,0.208817258477211,0.350451367872441,suspicious_device,REVIEW
569.25,0.20729725062847137,0.38532414391381864,suspicious_device,REVIEW
1030.96,0.24812552332878113,0.3876002349812564,velocity_abuse,REVIEW
197.93,0.2910172641277313,0.3680071349715336,velocity_abuse,REVIEW
210.28,0.23599694669246674,0.35017993372122114,suspicious_device,REVIEW
1105.2,0.684737503528595,0.42851568037827764,account_takeover,REVIEW
206.77,0.2191055417060852,0.3556996777009027,velocity_abuse,REVIEW
171.35,0.26204338669776917,0.3761479218568731,velocity_abuse,REVIEW
883.8,0.24318276345729828,0.34770870480833976,velocity_abuse,REVIEW
604.85,0.206795334815979,0.35771130666638906,suspicious_device,REVIEW
299.58,0.40940919518470764,0.41132546381103785,velocity_abuse,REVIEW
250.87,0.24137787520885468,0.3525507380409185,velocity_abuse,REVIEW
300.75,0.235514834523201,0.3404921814823181,suspicious_device,REVIEW
1821.82,0.730165958404541,0.5110215806122177,account_takeover,REVIEW
460.04,0.2961530387401581,0.3783072678193461,velocity_abuse,REVIEW
244.45,0.24156557023525238,0.35309404961253626,velocity_abuse,REVIEW
1699.35,0.2840310335159302,0.35295823169841234,unusual_amount,REVIEW
744.18,0.23573872447013855,0.34642771662418326,velocity_abuse,REVIEW
109.64,0.2685793340206146,0.34355300804569694,velocity_abuse,REVIEW
264.98,0.2505905032157898,0.34871335906813694,velocity_abuse,REVIEW
142.43,0.30522820353507996,0.4197330182613932,suspicious_device,REVIEW
435.05,0.3919095993041992,0.4307632494136326,suspicious_device,REVIEW
256.63,0.2366499900817871,0.3615303553557314,suspicious_device,REVIEW
1716.49,0.28416234254837036,0.3635833233708162,unusual_amount,REVIEW
214.93,0.34594234824180603,0.40118284172767293,suspicious_device,REVIEW
158.66,0.22541116178035736,0.36118097363391444,velocity_abuse,REVIEW
929.09,0.3631949722766876,0.39852580043186286,velocity_abuse,REVIEW
195.75,0.25536003708839417,0.363676537103147,suspicious_device,REVIEW
212.02,0.2868369519710541,0.38161572638437435,velocity_abuse,REVIEW
478.5,0.20203492045402527,0.3908133926345704,velocity_abuse,REVIEW
184.17,0.29045069217681885,0.35559789682181875,velocity_abuse,REVIEW
629.71,0.1571488380432129,0.35480772163838203,Clean,ALLOW
209.2,0.8974802494049072,0.4937933461837169,suspicious_device,BLOCK
505.65,0.34614425897598267,0.3852255019952991,suspicious_device,REVIEW
248.52,0.198694109916687,0.38645066897460456,Clean,ALLOW
4110.23,0.3999353051185608,0.47853975997176373,unusual_amount,REVIEW
577.12,0.25583362579345703,0.3701082396000778,velocity_abuse,REVIEW
322.27,0.6444399356842041,0.3914221689026112,suspicious_device,REVIEW
831.7,0.1981252133846283,0.3549862417503867,Clean,ALLOW
447.4,0.2445034384727478,0.35622212351196897,velocity_abuse,REVIEW
350.21,0.36172613501548767,0.3847987901322137,velocity_abuse,REVIEW
268.06,0.23402078449726105,0.35256944056264217,velocity_abuse,REVIEW
457.91,0.2143605500459671,0.3525976450625517,velocity_abuse,REVIEW
963.78,0.2673967778682709,0.3645449280436507,velocity_abuse,REVIEW
253.23,0.16520865261554718,0.4251960657597675,Clean,ALLOW
180.38,0.9031170606613159,0.44317663723581546,suspicious_device,BLOCK
251.17,0.23257313668727875,0.36413224055353455,velocity_abuse,REVIEW
811.54,0.18570290505886078,0.37342683308061625,Clean,ALLOW
223.73,0.1966012418270111,0.39863920358549804,Clean,ALLOW
357.63,0.19007110595703125,0.33714129940746956,Clean,ALLOW
197.53,0.3953154385089874,0.40245114728963655,suspicious_device,REVIEW
166.52,0.17187954485416412,0.4284966820527414,Clean,ALLOW
729.1,0.3638501465320587,0.3920626819489059,suspicious_device,REVIEW
917.63,0.5116400718688965,0.4205337408318008,suspicious_device,REVIEW
405.34,0.20893383026123047,0.3567414223750181,suspicious_device,REVIEW
703.01,0.300747811794281,0.36084979589825017,account_takeover,REVIEW
236.92,0.2234961986541748,0.3363464232918602,suspicious_device,REVIEW
1184.8,0.24671180546283722,0.3652072861306019,suspicious_device,REVIEW
648.12,0.20632831752300262,0.3728372229354628,suspicious_device,REVIEW
710.67,0.4567018449306488,0.42527180483044613,velocity_abuse,REVIEW
143.36,0.15915103256702423,0.3670443485395795,Clean,ALLOW
235.19,0.3723061978816986,0.407544125891476,suspicious_device,REVIEW
229.49,0.3676186800003052,0.471160679323771,unusual_amount,REVIEW
260.05,0.23214027285575867,0.37395883115686585,suspicious_device,REVIEW
575.36,0.5746831893920898,0.4197837628377678,account_takeover,REVIEW
260.08,0.5038079619407654,0.42475060875887494,account_takeover,REVIEW
295.77,0.22047536075115204,0.36962948650196314,unusual_amount,REVIEW
462.18,0.19191046059131622,0.3486830107209681,Clean,ALLOW
242.39,0.20423026382923126,0.378356941326533,suspicious_device,REVIEW
585.92,0.24703676998615265,0.38836996455773354,velocity_abuse,REVIEW
318.8,0.15420430898666382,0.3643542065428945,Clean,ALLOW
484.48,0.36897051334381104,0.39662877616071435,suspicious_device,REVIEW
154.41,0.6214672327041626,0.4418524507248034,suspicious_device,REVIEW
484.38,0.19661815464496613,0.3531429964087169,Clean,ALLOW
70.08,0.4798261225223541,0.41048742880917327,velocity_abuse,REVIEW
196.04,0.2690598964691162,0.3555079058324795,suspicious_device,REVIEW
196.04,0.37384021282196045,0.4170284473821215,suspicious_device,REVIEW
308.41,0.20440615713596344,0.35062171397678493,suspicious_device,REVIEW
473.94,0.35827237367630005,0.3883298233453029,velocity_abuse,REVIEW
105.72,0.3824020028114319,0.42621937877274424,suspicious_device,REVIEW
624.77,0.29056835174560547,0.3891094189034527,velocity_abuse,REVIEW
255.04,0.2405487298965454,0.36747707548209446,suspicious_device,REVIEW
393.03,0.1884605884552002,0.4489941894697513,Clean,ALLOW
774.22,0.36408886313438416,0.4113897072414101,suspicious_device,REVIEW
236.64,0.2263222485780716,0.3467707519523593,suspicious_device,REVIEW
386.84,0.19461168348789215,0.3541641042085867,Clean,ALLOW
209.22,0.36946988105773926,0.4219964670390585,suspicious_device,REVIEW
414.75,0.21220633387565613,0.3488875739948252,suspicious_device,REVIEW
468.86,0.31387341022491455,0.4174798115388835,velocity_abuse,REVIEW
360.52,0.17627719044685364,0.3451848928189653,Clean,ALLOW
401.1,0.39925816655158997,0.3846409389889916,velocity_abuse,REVIEW
63.14,0.3140368163585663,0.35461285085378547,suspicious_device,REVIEW
1145.83,0.2456669956445694,0.35187910107115306,velocity_abuse,REVIEW
538.42,0.28857871890068054,0.3863896644370014,velocity_abuse,REVIEW
525.53,0.24006778001785278,0.3672305946517564,velocity_abuse,REVIEW
480.63,0.18113183975219727,0.3849808695530895,Clean,ALLOW
1011.06,0.2686122953891754,0.378366893019311,suspicious_device,REVIEW
304.16,0.611399233341217,0.44918096202295255,suspicious_device,REVIEW
299.25,0.21292419731616974,0.39846019930292625,suspicious_device,REVIEW
407.48,0.21541282534599304,0.38925288991998147,suspicious_device,REVIEW
979.52,0.24880211055278778,0.37227644100648444,velocity_abuse,REVIEW
464.11,0.696401059627533,0.489058578488595,account_takeover,REVIEW
731.93,0.2004890739917755,0.37417482407138797,velocity_abuse,REVIEW
316.08,0.20552927255630493,0.3863704373686423,velocity_abuse,REVIEW
1109.68,0.2521572709083557,0.426041444189886,velocity_abuse,REVIEW
939.27,0.5422530174255371,0.4335827783918799,suspicious_device,REVIEW
888.85,0.21105115115642548,0.37456194146542154,suspicious_device,REVIEW
349.11,0.15680325031280518,0.40082779634827576,Clean,ALLOW
139.37,0.18854394555091858,0.3841555549978251,Clean,ALLOW
308.62,0.20592685043811798,0.3628236641965476,suspicious_device,REVIEW
992.63,0.4007640779018402,0.44104442756013545,velocity_abuse,REVIEW
340.01,0.182660773396492,0.3712488368323726,Clean,ALLOW
150.42,0.1671893298625946,0.3807929946018966,Clean,ALLOW
393.47,0.21377046406269073,0.3665435971368328,velocity_abuse,REVIEW
233.6,0.4382057189941406,0.4485130386267898,velocity_abuse,REVIEW
78.72,0.30650147795677185,0.36687058442437737,velocity_abuse,REVIEW
145.5,0.1936202049255371,0.37091134337187925,Clean,ALLOW
286.14,0.3633529245853424,0.4755812249515275,suspicious_device,REVIEW
224.3,0.18360956013202667,0.47435947795619865,Clean,ALLOW
183.63,0.2446155548095703,0.3907041513122616,velocity_abuse,REVIEW
414.0,0.3478151857852936,0.5092175947908877,velocity_abuse,REVIEW
485.53,0.2810342311859131,0.4616028240954583,velocity_abuse,REVIEW
1953.82,0.41234806180000305,0.46311189038052875,suspicious_device,REVIEW
1899.34,0.26337963342666626,0.3905743278132792,suspicious_device,REVIEW
218.42,0.4017605781555176,0.42071185808414696,suspicious_device,REVIEW
184.67,0.21221163868904114,0.3726762217119936,suspicious_device,REVIEW
687.98,0.2873232960700989,0.3937911301399031,velocity_abuse,REVIEW
219.19,0.20774580538272858,0.39327374894021405,suspicious_device,REVIEW
357.24,0.1371108740568161,0.46928996954592567,Clean,ALLOW
4160.53,0.43797916173934937,0.424367899166043,unusual_amount,REVIEW
479.68,0.12259113043546677,0.39970949341660017,Clean,ALLOW
586.72,0.21509626507759094,0.39170665511183306,suspicious_device,REVIEW
143.53,0.1539415419101715,0.39274057127885964,Clean,ALLOW
1098.51,0.26150569319725037,0.3885941253250232,velocity_abuse,REVIEW
462.59,0.3448810577392578,0.44481723388382366,velocity_abuse,REVIEW
232.62,0.26681503653526306,0.3649936277179193,velocity_abuse,REVIEW
400.85,0.6178339123725891,0.45948849291357147,suspicious_device,REVIEW
217.48,0.37792420387268066,0.4348669372908055,suspicious_device,REVIEW
296.6,0.2280055582523346,0.35933368271575783,suspicious_device,REVIEW
133.1,0.1175180971622467,0.41326487771275144,Clean,ALLOW
280.62,0.22267669439315796,0.4401629395340336,suspicious_device,REVIEW
622.35,0.24040992558002472,0.3643553278297883,velocity_abuse,REVIEW
171.22,0.22684410214424133,0.3759132474659437,suspicious_device,REVIEW
404.15,0.2392318695783615,0.3834442212788059,suspicious_device,REVIEW
189.51,0.19124305248260498,0.3821570753174712,Clean,ALLOW
830.5,0.20318731665611267,0.3858940591067271,velocity_abuse,REVIEW
262.37,0.5478755235671997,0.39352896290914624,suspicious_device,REVIEW
341.91,0.15763026475906372,0.3671704949716772,Clean,ALLOW
368.08,0.18280772864818573,0.37469308862949524,Clean,ALLOW
71.03,0.2717610001564026,0.4346499693957803,velocity_abuse,REVIEW
64.54,0.3219577670097351,0.49821626451036843,velocity_abuse,REVIEW
422.76,0.1915609985589981,0.36313453154932473,Clean,ALLOW
459.99,0.19478295743465424,0.36672449160505904,Clean,ALLOW
354.96,0.5188289284706116,0.44063166615678623,account_takeover,REVIEW
1849.23,0.27091753482818604,0.36732012065161695,velocity_abuse,REVIEW
156.36,0.22574041783809662,0.4288316218548887,suspicious_device,REVIEW
242.82,0.2814120650291443,0.3655209667722065,velocity_abuse,REVIEW
201.68,0.7593887448310852,0.5087100453634006,account_takeover,BLOCK
635.85,0.2346123605966568,0.3631714995786383,velocity_abuse,REVIEW
315.24,0.26577284932136536,0.3565077814262114,velocity_abuse,REVIEW
273.11,0.24363668262958527,0.36169424889796303,suspicious_device,REVIEW
100.74,0.2790754437446594,0.3521917123636617,suspicious_device,REVIEW
1578.6,0.26420846581459045,0.3828101629383825,suspicious_device,REVIEW
124.52,0.23556417226791382,0.3753559143791485,suspicious_device,REVIEW
661.11,0.20535847544670105,0.358171029943236,velocity_abuse,REVIEW
334.99,0.1785379946231842,0.36126302687587436,Clean,ALLOW
155.39,0.18672333657741547,0.3588362389826035,Clean,ALLOW
3904.07,0.509009063243866,0.40835439593841305,unusual_amount,REVIEW
468.16,0.23264813423156738,0.3393971249351571,velocity_abuse,REVIEW
641.01,0.2325020283460617,0.3371035253307331,suspicious_device,REVIEW
244.74,0.24843204021453857,0.3615780878337162,velocity_abuse,REVIEW
491.32,0.22065617144107819,0.3376704883066627,velocity_abuse,REVIEW
144.89,0.2121228724718094,0.34709617991862624,suspicious_device,REVIEW
251.83,0.18617239594459534,0.3492236259598464,Clean,ALLOW
705.43,0.4595884084701538,0.38721295873978234,velocity_abuse,REVIEW
217.58,0.28191864490509033,0.34638356088996336,unusual_amount,REVIEW
133.46,0.32015496492385864,0.3603040915557404,velocity_abuse,REVIEW
2013.68,0.24006347358226776,0.37819544372867286,unusual_amount,REVIEW
1373.06,0.34818077087402344,0.3981591059954706,suspicious_device,REVIEW
620.14,0.3207305073738098,0.34504158041452065,suspicious_device,REVIEW
443.76,0.21795426309108734,0.349691536174177,velocity_abuse,REVIEW
1055.43,0.21445445716381073,0.35259103431847705,velocity_abuse,REVIEW
568.45,0.22177378833293915,0.3489238045972138,velocity_abuse,REVIEW
71.35,0.4356873631477356,0.4287026717732868,velocity_abuse,REVIEW
8052.55,0.7847508788108826,0.4448278221008453,unusual_amount,BLOCK
148.15,0.24229462444782257,0.35105376164195373,suspicious_device,REVIEW
79.85,0.326185017824173,0.35273910385746576,velocity_abuse,REVIEW
1153.96,0.26441338658332825,0.36365290272921574,unusual_amount,REVIEW
2379.62,0.30213186144828796,0.3808030074837071,unusual_amount,REVIEW
220.35,0.2329387217760086,0.36096304891219627,suspicious_device,REVIEW
751.6,0.3565284311771393,0.3828170973154943,velocity_abuse,REVIEW
251.8,0.2512013614177704,0.3676904987656635,suspicious_device,REVIEW
210.22,0.32641837000846863,0.40012559807930803,unusual_amount,REVIEW
148.49,0.20275671780109406,0.3512605676378988,suspicious_device,REVIEW
833.11,0.2609211802482605,0.3548734547768637,suspicious_device,REVIEW
258.94,0.46243032813072205,0.36976734390033283,suspicious_device,REVIEW
118.42,0.3066183924674988,0.3617354433832009,velocity_abuse,REVIEW
571.76,0.25114941596984863,0.3516699590170033,suspicious_device,REVIEW
283.66,0.23652110993862152,0.3776353170012871,unusual_amount,REVIEW
516.18,0.3566751182079315,0.396666281565298,unusual_amount,REVIEW
804.38,0.23037533462047577,0.34521559642067623,velocity_abuse,REVIEW
230.51,0.47815728187561035,0.39316888232579444,unusual_amount,REVIEW
778.67,0.21456533670425415,0.35327300514865423,suspicious_device,REVIEW
173.4,0.25843295454978943,0.34002379388633286,suspicious_device,REVIEW
298.22,0.3022818863391876,0.3647304393061012,velocity_abuse,REVIEW
260.06,0.24447061121463776,0.36485036572221613,velocity_abuse,REVIEW
133.4,0.2537127435207367,0.347386400242895,velocity_abuse,REVIEW
1199.82,0.2800522446632385,0.3468207341405245,velocity_abuse,REVIEW
295.15,0.2253388911485672,0.3419083046520621,velocity_abuse,REVIEW
683.87,0.2896302342414856,0.34761797064249006,velocity_abuse,REVIEW
313.66,0.2395358830690384,0.35855016304602577,velocity_abuse,REVIEW
141.15,0.2606852650642395,0.3526913792122489,suspicious_device,REVIEW
1355.93,0.3265675902366638,0.3660950850092707,velocity_abuse,REVIEW
3473.08,0.3531033992767334,0.3870381650202408,unusual_amount,REVIEW
776.94,0.20104964077472687,0.3604581951796386,velocity_abuse,REVIEW
536.68,0.1852317601442337,0.4076723165074459,Clean,ALLOW
705.86,0.3550240099430084,0.40694851415620475,suspicious_device,REVIEW
665.6,0.6281211972236633,0.3678776959210946,suspicious_device,REVIEW
199.51,0.5319057106971741,0.43294982791249176,velocity_abuse,REVIEW
161.03,0.3077174425125122,0.3641204610089523,suspicious_device,REVIEW
638.97,0.4746597111225128,0.411182497209146,suspicious_device,REVIEW
12563.82,0.9548943042755127,0.5436888227000447,account_takeover,BLOCK
109.12,0.277413010597229,0.3583121572159508,velocity_abuse,REVIEW
287.0,0.5551602244377136,0.37377243172473057,suspicious_device,REVIEW
609.72,0.30506250262260437,0.3553100271510418,velocity_abuse,REVIEW
682.37,0.2774529457092285,0.38660355662307133,suspicious_device,REVIEW
184.24,0.22284632921218872,0.3622853956181146,suspicious_device,REVIEW
38.38,0.18203093111515045,0.34282351169074743,Clean,ALLOW
34.78,0.29556164145469666,0.3630757203293177,unusual_amount,REVIEW
312.0,0.20189182460308075,0.36343260421431883,velocity_abuse,REVIEW
412.52,0.2791416049003601,0.37250197547516894,velocity_abuse,REVIEW
90.95,0.4300265908241272,0.36510675533865533,account_takeover,REVIEW
1372.7,0.22698235511779785,0.3610229239911359,suspicious_device,REVIEW
896.24,0.7768044471740723,0.4955026100862375,account_takeover,BLOCK
1001.4,0.27080342173576355,0.34353842377987703,velocity_abuse,REVIEW
497.12,0.17060768604278564,0.33566358569978766,Clean,ALLOW
161.35,0.20638054609298706,0.35126523944509275,suspicious_device,REVIEW
1361.0,0.20303694903850555,0.36235819088371063,suspicious_device,REVIEW
2022.83,0.2490641474723816,0.37620192843967676,suspicious_device,REVIEW
232.63,0.19291476905345917,0.35974794875481403,Clean,ALLOW
340.86,0.21875913441181183,0.36532243048931246,velocity_abuse,REVIEW
1492.15,0.36491426825523376,0.3746416059134276,suspicious_device,REVIEW
661.27,0.19988608360290527,0.3347096289399427,Clean,ALLOW
145.37,0.2126854807138443,0.3532148044894879,velocity_abuse,REVIEW
710.25,0.2633282542228699,0.36175562511369774,velocity_abuse,REVIEW
158.51,0.21350087225437164,0.3321907834370757,suspicious_device,REVIEW
103.37,0.20471231639385223,0.3468837378494072,suspicious_device,REVIEW
1355.4,0.49428343772888184,0.4349643278861695,unusual_amount,REVIEW
246.64,0.2018084079027176,0.3371490474350115,velocity_abuse,REVIEW
164.45,0.29608726501464844,0.35276402723114764,suspicious_device,REVIEW
349.47,0.1592620462179184,0.35536414357499224,Clean,ALLOW
582.03,0.8046830296516418,0.49817097582293446,account_takeover,BLOCK
223.53,0.19671623408794403,0.3445749790473093,Clean,ALLOW
559.36,0.20035351812839508,0.3403133147281431,suspicious_device,REVIEW
267.72,0.2213578224182129,0.3629715451488261,velocity_abuse,REVIEW
1846.96,0.5178701877593994,0.41011688106972133,suspicious_device,REVIEW
709.17,0.2116861194372177,0.3477837995788707,suspicious_device,REVIEW
231.08,0.2443343698978424,0.3434736783382217,unusual_amount,REVIEW
260.4,0.19501245021820068,0.40487939019325997,Clean,ALLOW
1053.66,0.5903345346450806,0.41712710241071493,account_takeover,REVIEW
35.9,0.2051411122083664,0.3502067397929323,velocity_abuse,REVIEW
65.39,0.26079779863357544,0.37555962541474147,velocity_abuse,REVIEW
124.11,0.2476787567138672,0.34059290612209603,suspicious_device,REVIEW
283.22,0.47763216495513916,0.4108549424766562,suspicious_device,REVIEW
1157.87,0.20339423418045044,0.35104460376685376,suspicious_device,REVIEW
1592.77,0.2665870487689972,0.3567962287037634,unusual_amount,REVIEW
274.28,0.19908767938613892,0.3337992860648604,Clean,ALLOW
252.3,0.19352225959300995,0.368393194044561,Clean,ALLOW
552.34,0.2539754807949066,0.3674828459040111,velocity_abuse,REVIEW
380.33,0.36705297231674194,0.41952335994465995,suspicious_device,REVIEW
259.56,0.21370701491832733,0.3609900879509242,suspicious_device,REVIEW
1657.09,0.3343643546104431,0.3843739346810441,unusual_amount,REVIEW
154.92,0.15783429145812988,0.3768349795841756,Clean,ALLOW
281.53,0.6415047645568848,0.43076265839573313,velocity_abuse,REVIEW
259.12,0.29882755875587463,0.3926823504216501,suspicious_device,REVIEW
619.82,0.6009933948516846,0.3970847322785807,suspicious_device,REVIEW
168.76,0.2998591959476471,0.36169823746502244,suspicious_device,REVIEW
1086.44,0.22182507812976837,0.36513188888448195,velocity_abuse,REVIEW
237.79,0.3983711004257202,0.48632703376627257,unusual_amount,REVIEW
161.39,0.20968331396579742,0.35864823810928625,suspicious_device,REVIEW
517.78,0.21425452828407288,0.3440639769344531,suspicious_device,REVIEW
251.56,0.21260389685630798,0.3591772548892042,suspicious_device,REVIEW
310.33,0.2296825796365738,0.34051038450325877,suspicious_device,REVIEW
283.1,0.20013858377933502,0.3746121316779467,suspicious_device,REVIEW
